timestamp,pair,open,high,low,close,volume
1790812800000,1000CHEEMS/USD,0.000538,0.00054,0.000536,0.000537,16661333.0
1790812800000,AAVE/USD,159.49,160.0,158.5,159.44,2358.976
1790812800000,ADA/USD,0.2465,0.2468,0.2452,0.2464,2970409.8
1790812800000,APT/USD,0.7707,0.7872,0.768,0.7848,1157398.08
1790812800000,ARB/USD,0.203,0.2035,0.202,0.2025,2034139.6
1790812800000,AVAX/USD,10.938,10.942,10.802,10.849,142875.35
1790812800000,BNB/USD,769.28,770.53,767.46,770.23,3155.207
1790812800000,BONK/USD,3.8e-06,3.87e-06,3.77e-06,3.85e-06,52803437489.0
1790812800000,BTC/USD,83623.59,83660.01,83429.8,83509.03,451.69518
1790812800000,CAKE/USD,2.596,2.605,2.591,2.604,19205.8
1790812800000,CFX/USD,0.05524,0.05529,0.05491,0.05501,530510.0
1790812800000,CRV/USD,0.3945,0.3963,0.3924,0.3944,302767.0
1790812800000,DOGE/USD,0.09456,0.09469,0.09424,0.09456,12783521.0
1790812800000,DOT/USD,1.224,1.235,1.215,1.227,202328.94
1790812800000,EIGEN/USD,0.2452,0.2483,0.2444,0.2474,279386.91
1790812800000,ENA/USD,0.2649,0.2693,0.2632,0.266,5800029.5
1790812800000,ETH/USD,2686.01,2688.12,2678.54,2684.96,6123.1644
1790812800000,FET/USD,0.2287,0.2325,0.2267,0.2315,3855556.8
1790812800000,FIL/USD,1.0432,1.0505,1.0385,1.0479,330605.73
1790812800000,FLOKI/USD,2.772e-05,2.782e-05,2.763e-05,2.772e-05,1376035923.0
1790812800000,HBAR/USD,0.10477,0.10483,0.10352,0.10413,22980662.0
1790812800000,ICP/USD,3.336,3.343,3.318,3.324,99755.8
1790812800000,LINK/USD,14.366,14.432,14.313,14.371,86910.38
1790812800000,LISTA/USD,0.0888,0.0894,0.0887,0.0893,78333.4
1790812800000,LTC/USD,67.25,67.49,67.08,67.29,13785.299
1790812800000,NEAR/USD,5.34,5.344,5.266,5.286,676015.6
1790812800000,ONDO/USD,0.4998,0.5089,0.4982,0.504,2951619.7
1790812800000,PAXG/USD,4165.09,4165.09,4150.0,4155.09,52.946
1790812800000,PENDLE/USD,2.386,2.396,2.373,2.388,34198.8
1790812800000,PENGU/USD,0.009612,0.00968,0.009546,0.009636,42519728.0
1790812800000,PEPE/USD,4.28e-06,4.3e-06,4.26e-06,4.29e-06,163341433830.0
1790812800000,POL/USD,0.11415,0.11419,0.11236,0.11272,2833901.5
1790812800000,S/USD,0.04074,0.04166,0.04055,0.04136,7914027.8
1790812800000,SEI/USD,0.07355,0.07402,0.07302,0.07388,2436242.1
1790812800000,SHIB/USD,5.75e-06,5.76e-06,5.72e-06,5.76e-06,34798095856.0
1790812800000,SOL/USD,118.12,118.25,117.9,118.0,56810.073
1790812800000,STO/USD,0.0426,0.0427,0.0424,0.0427,295393.9
1790812800000,SUI/USD,1.1643,1.1804,1.1552,1.1744,2164853.0
1790812800000,TAO/USD,301.0,302.3,300.2,301.1,1521.5991
1790812800000,TRUMP/USD,2.053,2.074,2.043,2.063,142527.6
1790812800000,TRX/USD,0.3374,0.3383,0.3374,0.3381,4832194.7
1790812800000,TUT/USD,0.02436,0.02447,0.02422,0.02426,1428522.0
1790812800000,UNI/USD,8.881,8.887,8.825,8.845,75999.52
1790812800000,VIRTUAL/USD,0.8053,0.808,0.7982,0.8013,221679.6
1790812800000,WIF/USD,0.2488,0.2496,0.2475,0.2486,310940.32
1790812800000,WLD/USD,0.5353,0.5467,0.5331,0.5398,5101422.8
1790812800000,XLM/USD,0.2264,0.228,0.2249,0.2274,3194909.0
1790812800000,XRP/USD,1.49,1.4932,1.4858,1.4908,3122904.3
1790812800000,ZEC/USD,1438.52,1439.56,1420.0,1422.54,4019.442
1790812800000,ZEN/USD,7.324,7.368,7.297,7.355,14259.84
1790816400000,1000CHEEMS/USD,0.000538,0.000539,0.000537,0.000538,21417455.0
1790816400000,AAVE/USD,159.42,162.03,159.4,161.31,6066.554
1790816400000,ADA/USD,0.2463,0.2495,0.2463,0.2474,3072394.8
1790816400000,APT/USD,0.7847,0.789,0.7796,0.7825,654279.38
1790816400000,ARB/USD,0.2024,0.2047,0.2024,0.2025,1667337.1
1790816400000,AVAX/USD,10.848,10.919,10.833,10.868,87199.17
1790816400000,BNB/USD,770.23,771.29,768.8,769.01,2813.974
1790816400000,BONK/USD,3.85e-06,3.9e-06,3.82e-06,3.83e-06,33856052853.0
1790816400000,BTC/USD,83509.03,83692.0,83482.2,83518.07,343.4474
1790816400000,CAKE/USD,2.604,2.616,2.578,2.58,128436.86
1790816400000,CFX/USD,0.05503,0.05532,0.05462,0.05462,783581.0
1790816400000,CRV/USD,0.3943,0.3997,0.3931,0.3956,1781606.0
1790816400000,DOGE/USD,0.09455,0.09537,0.09452,0.09474,23238699.0
1790816400000,DOT/USD,1.228,1.245,1.223,1.223,232268.93
1790816400000,EIGEN/USD,0.2475,0.2489,0.246,0.2472,413354.58
1790816400000,ENA/USD,0.2659,0.2682,0.2633,0.2641,5798957.7
1790816400000,ETH/USD,2684.95,2693.16,2684.4,2690.01,5249.0659
1790816400000,FET/USD,0.2316,0.2354,0.2292,0.2292,6881709.5
1790816400000,FIL/USD,1.0479,1.0647,1.0435,1.0443,473076.33
1790816400000,FLOKI/USD,2.771e-05,2.798e-05,2.765e-05,2.769e-05,2572626755.0
1790816400000,HBAR/USD,0.10412,0.10495,0.10378,0.10397,13996334.0
1790816400000,ICP/USD,3.324,3.384,3.324,3.358,94193.01
1790816400000,LINK/USD,14.37,14.461,14.354,14.37,65306.95
1790816400000,LISTA/USD,0.0892,0.0896,0.0889,0.0891,30480.5
1790816400000,LTC/USD,67.29,67.6,67.05,67.05,15358.084
1790816400000,NEAR/USD,5.286,5.334,5.225,5.234,720243.6
1790816400000,ONDO/USD,0.504,0.513,0.5038,0.5043,3565420.7
1790816400000,PAXG/USD,4155.08,4173.19,4154.84,4165.66,32.5361
1790816400000,PENDLE/USD,2.387,2.439,2.387,2.394,241263.7
1790816400000,PENGU/USD,0.009635,0.009716,0.009605,0.00961,54407374.0
1790816400000,PEPE/USD,4.29e-06,4.32e-06,4.28e-06,4.29e-06,108327892215.0
1790816400000,POL/USD,0.11273,0.11327,0.11229,0.11237,1927719.1
1790816400000,S/USD,0.04135,0.042,0.04112,0.04119,4867256.8
1790816400000,SEI/USD,0.07386,0.07436,0.07291,0.0731,3494743.8
1790816400000,SHIB/USD,5.75e-06,5.78e-06,5.73e-06,5.74e-06,12778955846.0
1790816400000,SOL/USD,117.99,118.49,117.97,118.12,59774.013
1790816400000,STO/USD,0.0426,0.0427,0.0424,0.0424,307404.5
1790816400000,SUI/USD,1.1743,1.1911,1.1718,1.1727,2786933.3
1790816400000,TAO/USD,301.0,303.4,300.4,300.6,1678.3324
1790816400000,TRUMP/USD,2.063,2.076,2.053,2.053,296668.311
1790816400000,TRX/USD,0.3381,0.3382,0.3378,0.338,1180555.5
1790816400000,TUT/USD,0.0243,0.02436,0.02416,0.02421,1187523.0
1790816400000,UNI/USD,8.845,8.903,8.831,8.849,137267.57
1790816400000,VIRTUAL/USD,0.8012,0.8095,0.7995,0.8002,214459.2
1790816400000,WIF/USD,0.2486,0.2515,0.2479,0.2483,229503.62
1790816400000,WLD/USD,0.5398,0.5465,0.5356,0.537,3981625.5
1790816400000,XLM/USD,0.2274,0.2311,0.2273,0.229,7080781.0
1790816400000,XRP/USD,1.4908,1.4971,1.4892,1.4896,3047588.1
1790816400000,ZEC/USD,1422.43,1428.34,1417.25,1418.68,3134.956
1790816400000,ZEN/USD,7.354,7.414,7.32,7.32,14957.11
1790820000000,1000CHEEMS/USD,0.000538,0.00054,0.000536,0.000539,31952180.0
1790820000000,AAVE/USD,161.28,163.21,160.55,162.81,10913.884
1790820000000,ADA/USD,0.2474,0.2493,0.2464,0.2491,2479830.3
1790820000000,APT/USD,0.7826,0.7861,0.7773,0.7847,511554.72
1790820000000,ARB/USD,0.2025,0.2048,0.2018,0.2044,1530385.2
1790820000000,AVAX/USD,10.869,11.072,10.856,11.063,278583.19
1790820000000,BNB/USD,769.01,769.53,766.73,768.52,2699.545
1790820000000,BONK/USD,3.83e-06,3.89e-06,3.82e-06,3.87e-06,25786748918.0
1790820000000,BTC/USD,83518.07,83668.01,83410.39,83490.78,362.14695
1790820000000,CAKE/USD,2.581,2.587,2.567,2.584,127892.87
1790820000000,CFX/USD,0.05466,0.05509,0.05454,0.05506,352134.0
1790820000000,CRV/USD,0.3956,0.4005,0.3948,0.3984,432972.1
1790820000000,DOGE/USD,0.09473,0.0954,0.0946,0.09525,12362813.0
1790820000000,DOT/USD,1.224,1.236,1.219,1.236,353664.64
1790820000000,EIGEN/USD,0.2473,0.25,0.2466,0.2494,493166.85
1790820000000,ENA/USD,0.2641,0.2688,0.2618,0.2687,3987071.59
1790820000000,ETH/USD,2690.0,2694.61,2684.17,2687.02,8460.72
1790820000000,FET/USD,0.2292,0.2327,0.2289,0.231,3339425.7
1790820000000,FIL/USD,1.0444,1.0529,1.0388,1.0519,323590.81
1790820000000,FLOKI/USD,2.766e-05,2.796e-05,2.763e-05,2.792e-05,1442097651.0
1790820000000,HBAR/USD,0.10397,0.10476,0.10346,0.10454,11799545.0
1790820000000,ICP/USD,3.359,3.421,3.353,3.411,122944.16
1790820000000,LINK/USD,14.37,14.502,14.246,14.422,122341.49
1790820000000,LISTA/USD,0.089,0.0893,0.0888,0.0893,30015.3
1790820000000,LTC/USD,67.05,67.44,66.87,67.42,7094.428
1790820000000,NEAR/USD,5.234,5.299,5.174,5.295,1192828.4
1790820000000,ONDO/USD,0.5043,0.5084,0.5008,0.5057,2053072.6
1790820000000,PAXG/USD,4165.78,4170.33,4160.88,4170.32,41.5025
1790820000000,PENDLE/USD,2.395,2.42,2.394,2.417,23422.1
1790820000000,PENGU/USD,0.009609,0.00977,0.009582,0.009765,27410669.0
1790820000000,PEPE/USD,4.29e-06,4.35e-06,4.27e-06,4.34e-06,164265386063.0
1790820000000,POL/USD,0.11237,0.11337,0.11189,0.1132,2253496.3
1790820000000,S/USD,0.04118,0.04193,0.04092,0.04151,3316450.5
1790820000000,SEI/USD,0.07308,0.0738,0.07291,0.07371,2072445.6
1790820000000,SHIB/USD,5.73e-06,5.79e-06,5.72e-06,5.78e-06,18611130946.0
1790820000000,SOL/USD,118.12,118.4,117.77,118.2,44969.322
1790820000000,STO/USD,0.0424,0.0426,0.0422,0.0425,480867.5
1790820000000,SUI/USD,1.1727,1.1844,1.1673,1.183,1596678.9
1790820000000,TAO/USD,300.6,304.9,300.2,304.7,1851.6658
1790820000000,TRUMP/USD,2.053,2.25,2.05,2.247,3307235.335
1790820000000,TRX/USD,0.338,0.3383,0.3378,0.338,1425647.3
1790820000000,TUT/USD,0.02421,0.02441,0.02412,0.02441,1668281.0
1790820000000,UNI/USD,8.849,8.87,8.791,8.84,235563.46
1790820000000,VIRTUAL/USD,0.8003,0.8038,0.7932,0.8032,341363.7
1790820000000,WIF/USD,0.2483,0.2518,0.2479,0.2516,412884.2
1790820000000,WLD/USD,0.5369,0.5432,0.5329,0.537,4559888.0
1790820000000,XLM/USD,0.2289,0.2298,0.2265,0.2274,3555975.0
1790820000000,XRP/USD,1.4896,1.4933,1.4863,1.493,3277052.2
1790820000000,ZEC/USD,1418.75,1423.27,1407.0,1414.8,4278.364
1790820000000,ZEN/USD,7.318,7.364,7.286,7.361,10535.73
1790823600000,1000CHEEMS/USD,0.000539,0.000545,0.000539,0.000544,42148862.0
1790823600000,AAVE/USD,162.82,166.68,162.8,165.95,13235.343
1790823600000,ADA/USD,0.249,0.2513,0.248,0.2511,3791057.4
1790823600000,APT/USD,0.7849,0.7908,0.7822,0.7879,558146.66
1790823600000,ARB/USD,0.2043,0.2053,0.2029,0.2046,3486024.7
1790823600000,AVAX/USD,11.063,11.152,11.024,11.122,402423.7
1790823600000,BNB/USD,768.52,769.61,766.95,769.53,2109.918
1790823600000,BONK/USD,3.87e-06,3.88e-06,3.83e-06,3.86e-06,25897297831.0
1790823600000,BTC/USD,83490.78,83780.14,83424.58,83754.01,325.01626
1790823600000,CAKE/USD,2.583,2.596,2.582,2.594,41133.45
1790823600000,CFX/USD,0.05506,0.05548,0.05499,0.05538,407844.0
1790823600000,CRV/USD,0.3984,0.3993,0.3948,0.3983,304600.5
1790823600000,DOGE/USD,0.09525,0.09579,0.09484,0.09578,25137015.0
1790823600000,DOT/USD,1.236,1.256,1.234,1.252,417845.63
1790823600000,EIGEN/USD,0.2495,0.2525,0.2488,0.2517,541879.51
1790823600000,ENA/USD,0.2687,0.271,0.266,0.2691,6533109.42
1790823600000,ETH/USD,2687.02,2696.94,2685.11,2696.07,5841.6964
1790823600000,FET/USD,0.231,0.2344,0.2303,0.2339,2920123.9
1790823600000,FIL/USD,1.052,1.0595,1.049,1.0576,369351.3
1790823600000,FLOKI/USD,2.79e-05,2.808e-05,2.786e-05,2.806e-05,1803953168.0
1790823600000,HBAR/USD,0.10454,0.10563,0.10444,0.10542,13243234.0
1790823600000,ICP/USD,3.41,3.427,3.388,3.422,122203.96
1790823600000,LINK/USD,14.421,14.56,14.406,14.509,77328.3
1790823600000,LISTA/USD,0.0894,0.0909,0.0889,0.0909,122498.7
1790823600000,LTC/USD,67.42,67.7,67.17,67.54,9753.397
1790823600000,NEAR/USD,5.294,5.441,5.266,5.391,1511075.3
1790823600000,ONDO/USD,0.5056,0.5099,0.504,0.508,1633916.9
1790823600000,PAXG/USD,4170.32,4184.79,4169.49,4183.55,61.1992
1790823600000,PENDLE/USD,2.416,2.437,2.409,2.432,33113.4
1790823600000,PENGU/USD,0.009766,0.009942,0.009731,0.009941,37990297.0
1790823600000,PEPE/USD,4.33e-06,4.38e-06,4.31e-06,4.38e-06,327724597703.0
1790823600000,POL/USD,0.11318,0.11372,0.11268,0.11324,1824573.6
1790823600000,S/USD,0.04148,0.04163,0.04085,0.04089,2510892.1
1790823600000,SEI/USD,0.0737,0.07438,0.07337,0.07423,3291547.3
1790823600000,SHIB/USD,5.79e-06,5.82e-06,5.76e-06,5.82e-06,12622025547.0
1790823600000,SOL/USD,118.2,118.73,117.95,118.7,60006.383
1790823600000,STO/USD,0.0426,0.0432,0.0426,0.0432,276680.8
1790823600000,SUI/USD,1.183,1.1886,1.1662,1.1767,2809803.7
1790823600000,TAO/USD,304.6,307.7,303.6,306.9,2601.6081
1790823600000,TRUMP/USD,2.248,2.251,2.158,2.178,1953341.437
1790823600000,TRX/USD,0.3379,0.3386,0.3375,0.3385,5012503.1
1790823600000,TUT/USD,0.02441,0.02468,0.02433,0.02466,4552832.0
1790823600000,UNI/USD,8.841,8.917,8.83,8.883,217364.32
1790823600000,VIRTUAL/USD,0.8033,0.8119,0.7994,0.811,256628.0
1790823600000,WIF/USD,0.2515,0.2523,0.2493,0.2515,450434.73
1790823600000,WLD/USD,0.5371,0.5412,0.5342,0.5378,5080383.7
1790823600000,XLM/USD,0.2274,0.2287,0.2263,0.2286,2330653.0
1790823600000,XRP/USD,1.493,1.5015,1.4901,1.501,2349016.4
1790823600000,ZEC/USD,1414.68,1426.54,1411.5,1425.14,3525.048
1790823600000,ZEN/USD,7.36,7.487,7.351,7.476,30976.29
1790827200000,1000CHEEMS/USD,0.000544,0.000545,0.000542,0.000543,24937664.0
1790827200000,AAVE/USD,165.92,168.47,165.31,165.79,11507.445
1790827200000,ADA/USD,0.2511,0.2543,0.2498,0.2527,8764339.9
1790827200000,APT/USD,0.788,0.7911,0.7811,0.7854,360308.69
1790827200000,ARB/USD,0.2047,0.2074,0.2044,0.2057,3375473.4
1790827200000,AVAX/USD,11.122,11.175,11.048,11.123,171836.77
1790827200000,BNB/USD,769.53,770.76,768.0,769.62,2514.583
1790827200000,BONK/USD,3.87e-06,3.89e-06,3.82e-06,3.83e-06,60977197698.0
1790827200000,BTC/USD,83754.01,84207.53,83720.4,84110.01,514.62822
1790827200000,CAKE/USD,2.594,2.607,2.594,2.601,33400.79
1790827200000,CFX/USD,0.05539,0.05554,0.05519,0.0553,459839.0
1790827200000,CRV/USD,0.3984,0.3985,0.394,0.3946,220354.0
1790827200000,DOGE/USD,0.09579,0.09612,0.09541,0.09577,17312167.0
1790827200000,DOT/USD,1.252,1.254,1.239,1.245,272693.73
1790827200000,EIGEN/USD,0.2521,0.2535,0.2506,0.2517,536485.64
1790827200000,ENA/USD,0.2692,0.2764,0.268,0.2723,10814456.96
1790827200000,ETH/USD,2696.08,2711.92,2693.46,2707.57,8537.0527
1790827200000,FET/USD,0.2337,0.2363,0.2323,0.2349,3236221.4
1790827200000,FIL/USD,1.0576,1.058,1.0477,1.0497,222596.37
1790827200000,FLOKI/USD,2.808e-05,2.808e-05,2.785e-05,2.787e-05,1984572060.0
1790827200000,HBAR/USD,0.10543,0.1072,0.10487,0.10627,24743173.0
1790827200000,ICP/USD,3.422,3.423,3.377,3.384,76626.25
1790827200000,LINK/USD,14.511,14.552,14.441,14.495,37341.55
1790827200000,LISTA/USD,0.0908,0.0908,0.0894,0.0894,55747.1
1790827200000,LTC/USD,67.55,67.74,67.21,67.55,7118.489
1790827200000,NEAR/USD,5.392,5.479,5.348,5.427,1917155.8
1790827200000,ONDO/USD,0.5081,0.5133,0.5062,0.5094,2383061.9
1790827200000,PAXG/USD,4183.55,4187.69,4179.39,4187.48,52.8077
1790827200000,PENDLE/USD,2.433,2.445,2.425,2.439,61849.7
1790827200000,PENGU/USD,0.009943,0.00995,0.00982,0.009846,37098314.0
1790827200000,PEPE/USD,4.38e-06,4.39e-06,4.35e-06,4.37e-06,218090530254.0
1790827200000,POL/USD,0.11325,0.11397,0.11291,0.1132,1647009.4
1790827200000,S/USD,0.04089,0.04135,0.04054,0.04087,2058097.3
1790827200000,SEI/USD,0.07426,0.07437,0.0737,0.07398,1839960.1
1790827200000,SHIB/USD,5.82e-06,5.84e-06,5.8e-06,5.8e-06,17190692859.0
1790827200000,SOL/USD,118.7,119.42,118.36,119.12,79222.101
1790827200000,STO/USD,0.0432,0.0432,0.0427,0.0427,319784.5
1790827200000,SUI/USD,1.1768,1.1797,1.1674,1.1715,1856935.1
1790827200000,TAO/USD,307.0,309.9,305.2,307.8,2809.362
1790827200000,TRUMP/USD,2.179,2.18,2.135,2.143,732851.87
1790827200000,TRX/USD,0.3385,0.3386,0.3376,0.3376,2597315.1
1790827200000,TUT/USD,0.02469,0.025,0.02466,0.02483,3023929.0
1790827200000,UNI/USD,8.884,9.014,8.877,8.951,204594.76
1790827200000,VIRTUAL/USD,0.8111,0.8154,0.8058,0.8095,341289.2
1790827200000,WIF/USD,0.2516,0.2519,0.2487,0.2489,415204.2
1790827200000,WLD/USD,0.5378,0.5384,0.5307,0.5322,4769166.5
1790827200000,XLM/USD,0.2287,0.2296,0.2271,0.2283,2236783.0
1790827200000,XRP/USD,1.5011,1.5086,1.4964,1.5046,3047208.2
1790827200000,ZEC/USD,1425.29,1442.43,1420.88,1438.36,3630.789
1790827200000,ZEN/USD,7.478,7.479,7.386,7.392,15884.97
1790830800000,1000CHEEMS/USD,0.000543,0.000547,0.000543,0.000546,27175857.0
1790830800000,AAVE/USD,165.81,168.18,165.53,167.77,5423.67
1790830800000,ADA/USD,0.2527,0.2541,0.2521,0.2535,5051912.5
1790830800000,APT/USD,0.7855,0.787,0.782,0.7834,486390.61
1790830800000,ARB/USD,0.2057,0.2078,0.2053,0.2076,2425418.4
1790830800000,AVAX/USD,11.123,11.142,11.09,11.135,76385.35
1790830800000,BNB/USD,769.64,771.99,769.26,771.97,2264.32
1790830800000,BONK/USD,3.83e-06,3.85e-06,3.82e-06,3.82e-06,14534626100.0
1790830800000,BTC/USD,84110.01,84368.0,84032.0,84291.48,420.04452
1790830800000,CAKE/USD,2.602,2.61,2.6,2.606,47630.35
1790830800000,CFX/USD,0.05526,0.05565,0.05524,0.05532,406366.0
1790830800000,CRV/USD,0.3947,0.3952,0.3918,0.3928,339073.0
1790830800000,DOGE/USD,0.09577,0.09611,0.0957,0.09588,10393063.0
1790830800000,DOT/USD,1.245,1.248,1.239,1.241,182801.57
1790830800000,EIGEN/USD,0.2516,0.2527,0.2503,0.2505,466038.57
1790830800000,ENA/USD,0.2724,0.2743,0.2705,0.2743,5131333.15
1790830800000,ETH/USD,2707.57,2719.96,2705.18,2717.96,7228.7817
1790830800000,FET/USD,0.2349,0.2407,0.2344,0.2395,6980159.1
1790830800000,FIL/USD,1.0504,1.0546,1.0474,1.0492,214322.36
1790830800000,FLOKI/USD,2.787e-05,2.801e-05,2.786e-05,2.795e-05,1213147923.0
1790830800000,HBAR/USD,0.1063,0.10672,0.10584,0.10626,12138467.0
1790830800000,ICP/USD,3.385,3.399,3.347,3.355,106599.31
1790830800000,LINK/USD,14.496,14.534,14.464,14.493,62656.92
1790830800000,LISTA/USD,0.0896,0.0899,0.0892,0.0893,38942.5
1790830800000,LTC/USD,67.55,67.72,67.25,67.37,9951.306
1790830800000,NEAR/USD,5.428,5.495,5.419,5.49,1058886.6
1790830800000,ONDO/USD,0.5095,0.5123,0.5081,0.5101,1496538.5
1790830800000,PAXG/USD,4187.33,4198.93,4187.32,4194.27,101.3457
1790830800000,PENDLE/USD,2.439,2.472,2.431,2.469,55880.0
1790830800000,PENGU/USD,0.009848,0.009933,0.009826,0.009913,33330236.0
1790830800000,PEPE/USD,4.37e-06,4.39e-06,4.34e-06,4.38e-06,125743818326.0
1790830800000,POL/USD,0.11322,0.11388,0.11302,0.11373,2025365.1
1790830800000,S/USD,0.04083,0.04132,0.04066,0.04081,1816497.4
1790830800000,SEI/USD,0.07397,0.07422,0.07373,0.07412,1631369.7
1790830800000,SHIB/USD,5.81e-06,5.84e-06,5.8e-06,5.83e-06,19222648010.0
1790830800000,SOL/USD,119.11,119.57,118.96,119.42,55630.943
1790830800000,STO/USD,0.0427,0.0428,0.0425,0.0426,395638.7
1790830800000,SUI/USD,1.1716,1.1768,1.1673,1.1763,1229101.1
1790830800000,TAO/USD,307.8,309.4,307.5,309.4,5287.8066
1790830800000,TRUMP/USD,2.143,2.157,2.134,2.154,327180.511
1790830800000,TRX/USD,0.3377,0.338,0.3374,0.3376,1808592.7
1790830800000,TUT/USD,0.02485,0.02497,0.0248,0.02497,2058377.0
1790830800000,UNI/USD,8.952,9.0,8.929,8.97,151302.91
1790830800000,VIRTUAL/USD,0.8095,0.8294,0.8083,0.8255,706633.8
1790830800000,WIF/USD,0.2488,0.2499,0.2479,0.2492,246025.74
1790830800000,WLD/USD,0.5322,0.5348,0.5291,0.5331,3665828.1
1790830800000,XLM/USD,0.2283,0.2291,0.2274,0.2282,1523519.0
1790830800000,XRP/USD,1.5045,1.5103,1.5028,1.5086,3022358.4
1790830800000,ZEC/USD,1438.4,1443.83,1433.37,1437.64,2739.024
1790830800000,ZEN/USD,7.395,7.458,7.385,7.447,7100.6
1790834400000,1000CHEEMS/USD,0.000546,0.000557,0.000546,0.000552,33969995.0
1790834400000,AAVE/USD,167.77,168.89,167.35,168.04,6066.961
1790834400000,ADA/USD,0.2535,0.2545,0.2526,0.2535,5767903.8
1790834400000,APT/USD,0.7834,0.7867,0.782,0.7837,356315.64
1790834400000,ARB/USD,0.2076,0.2085,0.2051,0.2058,2537341.7
1790834400000,AVAX/USD,11.136,11.147,11.076,11.139,105968.33
1790834400000,BNB/USD,771.98,772.5,770.63,770.7,2875.372
1790834400000,BONK/USD,3.83e-06,3.84e-06,3.8e-06,3.81e-06,34451850107.0
1790834400000,BTC/USD,84291.49,84419.69,84105.76,84121.45,398.59463
1790834400000,CAKE/USD,2.606,2.613,2.601,2.611,41789.08
1790834400000,CFX/USD,0.05532,0.05555,0.05519,0.05539,447414.0
1790834400000,CRV/USD,0.3929,0.3932,0.39,0.3905,576027.5
1790834400000,DOGE/USD,0.09587,0.09596,0.09547,0.0958,15250938.0
1790834400000,DOT/USD,1.241,1.252,1.24,1.249,244617.8
1790834400000,EIGEN/USD,0.2507,0.2514,0.2488,0.2501,438570.73
1790834400000,ENA/USD,0.2742,0.2783,0.2721,0.2723,12577588.66
1790834400000,ETH/USD,2717.96,2722.0,2712.04,2715.21,10046.8745
1790834400000,FET/USD,0.2395,0.2442,0.2364,0.2424,9227156.6
1790834400000,FIL/USD,1.0492,1.0512,1.043,1.0494,416602.7
1790834400000,FLOKI/USD,2.797e-05,2.804e-05,2.785e-05,2.797e-05,1666638000.0
1790834400000,HBAR/USD,0.10628,0.10644,0.10569,0.10606,10605734.0
1790834400000,ICP/USD,3.354,3.371,3.341,3.355,89947.13
1790834400000,LINK/USD,14.494,14.507,14.424,14.457,54553.18
1790834400000,LISTA/USD,0.0894,0.0897,0.0893,0.0895,22515.7
1790834400000,LTC/USD,67.38,67.46,67.12,67.42,9407.312
1790834400000,NEAR/USD,5.49,5.54,5.438,5.457,1645921.5
1790834400000,ONDO/USD,0.5101,0.5121,0.5071,0.5097,1845885.5
1790834400000,PAXG/USD,4194.3,4198.03,4187.51,4188.01,77.0266
1790834400000,PENDLE/USD,2.469,2.495,2.46,2.483,97943.9
1790834400000,PENGU/USD,0.009913,0.009964,0.009779,0.009855,161707540.0
1790834400000,PEPE/USD,4.38e-06,4.4e-06,4.37e-06,4.39e-06,117858904071.0
1790834400000,POL/USD,0.11374,0.11446,0.11358,0.11376,2580903.0
1790834400000,S/USD,0.04082,0.04089,0.04022,0.04035,1596096.4
1790834400000,SEI/USD,0.07412,0.07456,0.07391,0.07427,2813441.8
1790834400000,SHIB/USD,5.83e-06,5.84e-06,5.81e-06,5.82e-06,23173982459.0
1790834400000,SOL/USD,119.42,119.63,119.06,119.24,54689.777
1790834400000,STO/USD,0.0426,0.0434,0.0426,0.0433,1756033.5
1790834400000,SUI/USD,1.1763,1.1808,1.1675,1.1763,2958689.5
1790834400000,TAO/USD,309.4,312.4,308.9,311.3,4369.7463
1790834400000,TRUMP/USD,2.155,2.18,2.139,2.141,574546.119
1790834400000,TRX/USD,0.3376,0.3377,0.3374,0.3375,2491751.4
1790834400000,TUT/USD,0.02495,0.02533,0.02491,0.02515,3555922.0
1790834400000,UNI/USD,8.969,8.995,8.896,8.979,144724.81
1790834400000,VIRTUAL/USD,0.8255,0.8324,0.8219,0.83,364044.2
1790834400000,WIF/USD,0.2492,0.2509,0.2487,0.2503,268149.79
1790834400000,WLD/USD,0.533,0.5436,0.5318,0.543,4339188.8
1790834400000,XLM/USD,0.2282,0.2282,0.2263,0.2276,2543713.0
1790834400000,XRP/USD,1.5087,1.5087,1.5032,1.5057,3635934.8
1790834400000,ZEC/USD,1437.67,1449.75,1431.85,1439.76,5311.837
1790834400000,ZEN/USD,7.446,7.489,7.411,7.411,10121.55
1790838000000,1000CHEEMS/USD,0.000552,0.000555,0.000547,0.000553,50518044.0
1790838000000,AAVE/USD,168.06,168.77,163.98,164.78,11290.283
1790838000000,ADA/USD,0.2535,0.2544,0.2474,0.2485,11120649.9
1790838000000,APT/USD,0.7835,0.7872,0.7679,0.7743,778685.03
1790838000000,ARB/USD,0.2057,0.2063,0.1988,0.1997,7008120.5
1790838000000,AVAX/USD,11.138,11.157,10.954,10.969,260620.99
1790838000000,BNB/USD,770.71,771.72,763.02,763.72,6583.931
1790838000000,BONK/USD,3.8e-06,3.84e-06,3.72e-06,3.74e-06,51858242351.0
1790838000000,BTC/USD,84121.45,84214.18,83321.71,83429.93,1433.53387
1790838000000,CAKE/USD,2.61,2.617,2.58,2.582,109265.81
1790838000000,CFX/USD,0.05542,0.05547,0.05434,0.0545,686066.0
1790838000000,CRV/USD,0.3904,0.3919,0.3849,0.3871,484601.9
1790838000000,DOGE/USD,0.09579,0.09601,0.09411,0.0943,54110571.0
1790838000000,DOT/USD,1.249,1.264,1.226,1.23,589586.97
1790838000000,EIGEN/USD,0.2501,0.2516,0.2441,0.2452,610288.51
1790838000000,ENA/USD,0.2723,0.2733,0.2623,0.2626,14571655.04
1790838000000,ETH/USD,2715.21,2721.01,2675.0,2677.48,24071.1691
1790838000000,FET/USD,0.2425,0.2456,0.235,0.2356,11688361.2
1790838000000,FIL/USD,1.0493,1.0507,1.019,1.0234,1045598.97
1790838000000,FLOKI/USD,2.796e-05,2.804e-05,2.74e-05,2.742e-05,3462818428.0
1790838000000,HBAR/USD,0.10604,0.10635,0.1047,0.10494,13038759.0
1790838000000,ICP/USD,3.354,3.362,3.285,3.299,164836.73
1790838000000,LINK/USD,14.456,14.494,14.183,14.224,109019.53
1790838000000,LISTA/USD,0.0896,0.0896,0.0881,0.0886,91319.1
1790838000000,LTC/USD,67.41,67.48,66.71,66.99,16224.554
1790838000000,NEAR/USD,5.457,5.489,5.278,5.288,1708070.5
1790838000000,ONDO/USD,0.5096,0.5115,0.5,0.5002,3152099.1
1790838000000,PAXG/USD,4188.0,4189.21,4163.11,4172.43,94.833
1790838000000,PENDLE/USD,2.482,2.495,2.431,2.433,99298.7
1790838000000,PENGU/USD,0.009854,0.00987,0.009586,0.009646,161488654.0
1790838000000,PEPE/USD,4.39e-06,4.41e-06,4.29e-06,4.32e-06,275844397985.0
1790838000000,POL/USD,0.11376,0.11384,0.11157,0.11202,4600087.9
1790838000000,S/USD,0.04035,0.04063,0.03966,0.04009,2699144.1
1790838000000,SEI/USD,0.07426,0.07478,0.07304,0.07328,4960417.8
1790838000000,SHIB/USD,5.81e-06,5.83e-06,5.72e-06,5.74e-06,41922021063.0
1790838000000,SOL/USD,119.25,119.41,117.3,117.49,138218.657
1790838000000,STO/USD,0.0433,0.0438,0.0428,0.0434,2723690.3
1790838000000,SUI/USD,1.1762,1.1821,1.1422,1.1447,6287101.8
1790838000000,TAO/USD,311.2,312.4,304.6,305.2,7731.5009
1790838000000,TRUMP/USD,2.141,2.154,2.027,2.051,2164775.674
1790838000000,TRX/USD,0.3375,0.3378,0.3374,0.3376,2452413.0
1790838000000,TUT/USD,0.02515,0.02516,0.02459,0.0249,3851839.0
1790838000000,UNI/USD,8.979,8.99,8.775,8.796,317462.65
1790838000000,VIRTUAL/USD,0.8299,0.8312,0.8038,0.8054,655407.3
1790838000000,WIF/USD,0.2503,0.2507,0.2453,0.2466,358521.11
1790838000000,WLD/USD,0.5429,0.5442,0.5183,0.5196,8027702.0
1790838000000,XLM/USD,0.2275,0.2279,0.2231,0.2239,5499166.0
1790838000000,XRP/USD,1.5056,1.5073,1.4802,1.487,9329244.6
1790838000000,ZEC/USD,1439.76,1445.9,1400.16,1408.5,8179.301
1790838000000,ZEN/USD,7.41,7.416,7.212,7.283,35947.13
1790841600000,1000CHEEMS/USD,0.000553,0.000555,0.000549,0.000552,48582236.0
1790841600000,AAVE/USD,164.78,166.53,163.9,165.65,7751.918
1790841600000,ADA/USD,0.2485,0.2493,0.2455,0.2467,6946709.9
1790841600000,APT/USD,0.7743,0.7802,0.7691,0.7799,473958.2
1790841600000,ARB/USD,0.1997,0.2019,0.1983,0.2015,3572243.8
1790841600000,AVAX/USD,10.967,11.128,10.966,11.126,269908.21
1790841600000,BNB/USD,763.73,766.9,763.45,766.34,3917.832
1790841600000,BONK/USD,3.74e-06,3.78e-06,3.72e-06,3.77e-06,36255843122.0
1790841600000,BTC/USD,83429.93,83582.44,83186.0,83566.97,1428.79733
1790841600000,CAKE/USD,2.581,2.6,2.577,2.597,69920.47
1790841600000,CFX/USD,0.05452,0.05493,0.05429,0.05473,945604.0
1790841600000,CRV/USD,0.3871,0.3899,0.3849,0.3868,262679.1
1790841600000,DOGE/USD,0.09431,0.09454,0.09383,0.09447,34775890.0
1790841600000,DOT/USD,1.23,1.235,1.218,1.23,424606.56
1790841600000,EIGEN/USD,0.2453,0.2459,0.2426,0.2448,839062.04
1790841600000,ENA/USD,0.2626,0.2648,0.2597,0.2608,10296732.37
1790841600000,ETH/USD,2677.47,2688.55,2673.13,2687.19,27349.6213
1790841600000,FET/USD,0.2357,0.2365,0.2324,0.2342,5373400.9
1790841600000,FIL/USD,1.0234,1.0298,1.0191,1.0284,977256.74
1790841600000,FLOKI/USD,2.746e-05,2.766e-05,2.739e-05,2.762e-05,2115482199.0
1790841600000,HBAR/USD,0.10493,0.10581,0.10386,0.1054,13057474.0
1790841600000,ICP/USD,3.3,3.326,3.277,3.323,144438.42
1790841600000,LINK/USD,14.223,14.274,14.142,14.252,101740.94
1790841600000,LISTA/USD,0.0884,0.0887,0.0881,0.0885,38312.3
1790841600000,LTC/USD,66.99,67.32,66.82,67.2,12467.454
1790841600000,NEAR/USD,5.287,5.307,5.208,5.22,1167860.4
1790841600000,ONDO/USD,0.5003,0.5043,0.4985,0.5025,1738381.6
1790841600000,PAXG/USD,4171.97,4175.13,4157.76,4162.99,208.0219
1790841600000,PENDLE/USD,2.43,2.469,2.424,2.468,65293.6
1790841600000,PENGU/USD,0.009644,0.009724,0.009601,0.009713,35344588.0
1790841600000,PEPE/USD,4.31e-06,4.35e-06,4.29e-06,4.33e-06,217843909634.0
1790841600000,POL/USD,0.11202,0.11235,0.11136,0.11155,3242259.2
1790841600000,S/USD,0.04007,0.04056,0.04003,0.04044,1435689.2
1790841600000,SEI/USD,0.07328,0.07377,0.07274,0.07371,4274745.4
1790841600000,SHIB/USD,5.74e-06,5.77e-06,5.72e-06,5.76e-06,27336626941.0
1790841600000,SOL/USD,117.5,117.97,117.26,117.91,90623.849
1790841600000,STO/USD,0.0434,0.044,0.0431,0.0437,3321517.4
1790841600000,SUI/USD,1.1448,1.1575,1.139,1.1569,4080024.2
1790841600000,TAO/USD,305.3,309.2,303.9,308.2,4804.1244
1790841600000,TRUMP/USD,2.051,2.067,2.035,2.067,1046180.97
1790841600000,TRX/USD,0.3377,0.3378,0.3373,0.3374,1778126.0
1790841600000,TUT/USD,0.02493,0.0251,0.0247,0.02509,3200621.0
1790841600000,UNI/USD,8.797,9.047,8.73,9.018,1305021.06
1790841600000,VIRTUAL/USD,0.8055,0.813,0.8002,0.8097,571107.5
1790841600000,WIF/USD,0.2467,0.2482,0.2455,0.2478,211463.79
1790841600000,WLD/USD,0.5196,0.5229,0.5149,0.5213,4991706.7
1790841600000,XLM/USD,0.2239,0.2245,0.222,0.2233,3411012.0
1790841600000,XRP/USD,1.4869,1.4896,1.4774,1.4878,5967594.4
1790841600000,ZEC/USD,1408.44,1415.56,1402.8,1411.0,2978.285
1790841600000,ZEN/USD,7.283,7.338,7.264,7.322,20175.89
1790845200000,1000CHEEMS/USD,0.000551,0.000555,0.000547,0.000548,37139566.0
1790845200000,AAVE/USD,165.65,165.97,164.13,164.65,7859.959
1790845200000,ADA/USD,0.2467,0.2481,0.2459,0.2466,8666966.9
1790845200000,APT/USD,0.7798,0.784,0.7705,0.7728,285319.74
1790845200000,ARB/USD,0.2015,0.2017,0.1984,0.1991,3735269.4
1790845200000,AVAX/USD,11.125,11.182,11.011,11.049,195634.84
1790845200000,BNB/USD,766.34,769.68,766.23,769.09,2878.523
1790845200000,BONK/USD,3.76e-06,3.78e-06,3.73e-06,3.74e-06,11444487025.0
1790845200000,BTC/USD,83566.98,83896.01,83558.46,83782.01,721.11462
1790845200000,CAKE/USD,2.598,2.604,2.596,2.601,41183.69
1790845200000,CFX/USD,0.05474,0.05493,0.0543,0.05442,757996.0
1790845200000,CRV/USD,0.387,0.3882,0.3836,0.3851,326311.1
1790845200000,DOGE/USD,0.09446,0.0948,0.09429,0.09442,12958806.0
1790845200000,DOT/USD,1.231,1.232,1.214,1.215,369732.15
1790845200000,EIGEN/USD,0.2452,0.2472,0.243,0.2433,910976.7
1790845200000,ENA/USD,0.2607,0.2628,0.2588,0.2602,7631338.35
1790845200000,ETH/USD,2687.19,2699.0,2686.37,2691.18,8064.3247
1790845200000,FET/USD,0.2342,0.2365,0.2304,0.2312,6201732.6
1790845200000,FIL/USD,1.0282,1.0308,1.024,1.0263,321203.59
1790845200000,FLOKI/USD,2.763e-05,2.789e-05,2.753e-05,2.756e-05,5383659850.0
1790845200000,HBAR/USD,0.10539,0.10572,0.10462,0.1049,8274352.0
1790845200000,ICP/USD,3.324,3.33,3.302,3.311,39583.54
1790845200000,LINK/USD,14.25,14.357,14.225,14.28,70141.34
1790845200000,LISTA/USD,0.0885,0.0886,0.0879,0.0881,64549.3
1790845200000,LTC/USD,67.2,67.43,66.96,67.11,9764.301
1790845200000,NEAR/USD,5.219,5.259,5.181,5.202,1374096.3
1790845200000,ONDO/USD,0.5025,0.5043,0.4972,0.4977,1777060.3
1790845200000,PAXG/USD,4162.98,4172.6,4162.49,4164.36,33.6874
1790845200000,PENDLE/USD,2.468,2.478,2.443,2.451,59820.4
1790845200000,PENGU/USD,0.00971,0.009783,0.009685,0.009717,36964153.0
1790845200000,PEPE/USD,4.34e-06,4.34e-06,4.3e-06,4.32e-06,135215882303.0
1790845200000,POL/USD,0.11152,0.11226,0.11136,0.11142,2369818.8
1790845200000,S/USD,0.04047,0.04048,0.03973,0.03977,1497442.8
1790845200000,SEI/USD,0.0737,0.07377,0.0724,0.0725,2486302.9
1790845200000,SHIB/USD,5.75e-06,5.77e-06,5.73e-06,5.74e-06,27256220620.0
1790845200000,SOL/USD,117.92,118.25,117.58,117.7,67002.81
1790845200000,STO/USD,0.0437,0.0438,0.0429,0.0429,1310381.0
1790845200000,SUI/USD,1.1569,1.1653,1.1532,1.1571,1549375.1
1790845200000,TAO/USD,308.2,309.3,305.4,306.7,2464.3795
1790845200000,TRUMP/USD,2.066,2.076,2.046,2.052,357055.209
1790845200000,TRX/USD,0.3374,0.3375,0.3364,0.3364,6999913.0
1790845200000,TUT/USD,0.02507,0.0251,0.02459,0.02464,3492932.0
1790845200000,UNI/USD,9.017,9.12,8.964,9.023,634681.76
1790845200000,VIRTUAL/USD,0.8098,0.8117,0.7989,0.7996,225047.5
1790845200000,WIF/USD,0.2479,0.2488,0.2467,0.2474,123218.31
1790845200000,WLD/USD,0.5212,0.5269,0.5194,0.5221,3644634.5
1790845200000,XLM/USD,0.2234,0.2245,0.2227,0.2228,3104428.0
1790845200000,XRP/USD,1.4878,1.4941,1.4867,1.49,4118852.1
1790845200000,ZEC/USD,1411.02,1418.32,1395.84,1401.76,2748.731
1790845200000,ZEN/USD,7.322,7.36,7.29,7.303,13606.29
1790848800000,1000CHEEMS/USD,0.000548,0.000548,0.000542,0.000544,53899916.0
1790848800000,AAVE/USD,164.64,165.65,163.0,165.07,7433.778
1790848800000,ADA/USD,0.2467,0.2483,0.2432,0.2478,7966457.1
1790848800000,APT/USD,0.7729,0.7734,0.7615,0.7697,440538.87
1790848800000,ARB/USD,0.1991,0.1993,0.1965,0.1992,3641823.0
1790848800000,AVAX/USD,11.049,11.051,10.887,11.013,279010.25
1790848800000,BNB/USD,769.1,771.77,765.46,770.35,4744.359
1790848800000,BONK/USD,3.74e-06,3.75e-06,3.68e-06,3.73e-06,44652767862.0
1790848800000,BTC/USD,83782.01,84098.01,83418.23,83966.28,465.6863
1790848800000,CAKE/USD,2.602,2.608,2.582,2.608,47814.65
1790848800000,CFX/USD,0.05442,0.05454,0.05393,0.05429,1874004.0
1790848800000,CRV/USD,0.3851,0.3852,0.3791,0.3836,814921.3
1790848800000,DOGE/USD,0.09441,0.095,0.0935,0.0948,35362563.0
1790848800000,DOT/USD,1.216,1.216,1.199,1.208,624629.95
1790848800000,EIGEN/USD,0.2435,0.2448,0.2395,0.2441,714492.56
1790848800000,ENA/USD,0.2603,0.2605,0.2563,0.2587,8568830.56
1790848800000,ETH/USD,2691.18,2706.12,2677.0,2701.92,9316.3777
1790848800000,FET/USD,0.2314,0.2362,0.2276,0.2356,5815329.0
1790848800000,FIL/USD,1.0264,1.027,1.0057,1.0214,1499592.36
1790848800000,FLOKI/USD,2.758e-05,2.769e-05,2.727e-05,2.763e-05,4393333944.0
1790848800000,HBAR/USD,0.1049,0.10501,0.10389,0.10456,13325256.0
1790848800000,ICP/USD,3.312,3.313,3.251,3.302,169854.88
1790848800000,LINK/USD,14.279,14.355,14.158,14.342,61769.79
1790848800000,LISTA/USD,0.0881,0.0885,0.0873,0.0883,85610.8
1790848800000,LTC/USD,67.12,67.58,66.61,67.49,13698.592
1790848800000,NEAR/USD,5.201,5.204,5.069,5.138,2423346.5
1790848800000,ONDO/USD,0.4978,0.5034,0.4932,0.5017,2889099.4
1790848800000,PAXG/USD,4164.04,4186.84,4160.61,4184.91,70.6271
1790848800000,PENDLE/USD,2.451,2.454,2.379,2.402,125580.7
1790848800000,PENGU/USD,0.009717,0.009763,0.009556,0.009739,59042591.0
1790848800000,PEPE/USD,4.31e-06,4.35e-06,4.26e-06,4.34e-06,443768370236.0
1790848800000,POL/USD,0.11144,0.1115,0.10949,0.11107,10061446.5
1790848800000,S/USD,0.0398,0.03998,0.03933,0.03986,1760499.9
1790848800000,SEI/USD,0.07249,0.07314,0.0719,0.07291,5755221.6
1790848800000,SHIB/USD,5.74e-06,5.77e-06,5.68e-06,5.77e-06,60325587559.0
1790848800000,SOL/USD,117.7,118.23,117.03,118.01,93266.021
1790848800000,STO/USD,0.043,0.0432,0.0427,0.043,1286676.5
1790848800000,SUI/USD,1.1571,1.168,1.1429,1.1642,2862985.5
1790848800000,TAO/USD,306.7,307.1,302.1,305.7,5666.0969
1790848800000,TRUMP/USD,2.052,2.07,2.022,2.065,591967.606
1790848800000,TRX/USD,0.3365,0.3365,0.3329,0.3329,21016265.6
1790848800000,TUT/USD,0.02465,0.02466,0.02438,0.02466,2308397.0
1790848800000,UNI/USD,9.022,9.08,8.93,9.005,204412.16
1790848800000,VIRTUAL/USD,0.7998,0.8038,0.7879,0.8011,487160.7
1790848800000,WIF/USD,0.2474,0.2475,0.2432,0.2466,569726.37
1790848800000,WLD/USD,0.522,0.5246,0.5115,0.5223,5117601.4
1790848800000,XLM/USD,0.2228,0.2232,0.2204,0.2228,5441658.0
1790848800000,XRP/USD,1.49,1.4954,1.4761,1.4934,6362055.0
1790848800000,ZEC/USD,1401.65,1402.45,1373.52,1394.74,11122.574
1790848800000,ZEN/USD,7.303,7.361,7.184,7.336,25637.67
1790852400000,1000CHEEMS/USD,0.000543,0.000548,0.000542,0.000547,27325806.0
1790852400000,AAVE/USD,165.03,166.6,164.02,166.04,5056.549
1790852400000,ADA/USD,0.2478,0.2496,0.2465,0.2489,5638461.3
1790852400000,APT/USD,0.7696,0.7747,0.7666,0.7733,337719.79
1790852400000,ARB/USD,0.1991,0.2008,0.1981,0.2006,2014011.9
1790852400000,AVAX/USD,11.013,11.066,10.951,11.037,164451.48
1790852400000,BNB/USD,770.36,771.69,769.24,770.43,3642.546
1790852400000,BONK/USD,3.73e-06,3.75e-06,3.69e-06,3.75e-06,26066028849.0
1790852400000,BTC/USD,83966.27,84048.01,83780.8,83905.76,424.0186
1790852400000,CAKE/USD,2.608,2.608,2.593,2.602,44582.96
1790852400000,CFX/USD,0.05429,0.05429,0.05388,0.05414,734158.0
1790852400000,CRV/USD,0.3833,0.3874,0.3819,0.3848,320720.8
1790852400000,DOGE/USD,0.09479,0.09512,0.09444,0.09497,18206617.0
1790852400000,DOT/USD,1.208,1.21,1.198,1.209,293913.35
1790852400000,EIGEN/USD,0.244,0.2483,0.2415,0.2435,5767184.45
1790852400000,ENA/USD,0.2587,0.2607,0.2569,0.2596,7442159.18
1790852400000,ETH/USD,2701.92,2708.63,2695.13,2706.56,6979.3011
1790852400000,FET/USD,0.2355,0.2397,0.2326,0.2382,6382342.6
1790852400000,FIL/USD,1.0213,1.0266,1.0145,1.0253,560894.86
1790852400000,FLOKI/USD,2.763e-05,2.771e-05,2.742e-05,2.766e-05,2010830951.0
1790852400000,HBAR/USD,0.10455,0.10521,0.104,0.10469,10804205.0
1790852400000,ICP/USD,3.301,3.314,3.278,3.304,104186.6
1790852400000,LINK/USD,14.342,14.405,14.272,14.386,77284.92
1790852400000,LISTA/USD,0.0882,0.0882,0.0875,0.088,46434.0
1790852400000,LTC/USD,67.48,67.48,67.07,67.29,7264.702
1790852400000,NEAR/USD,5.138,5.147,5.057,5.113,1493285.6
1790852400000,ONDO/USD,0.5016,0.5038,0.498,0.5022,1445917.3
1790852400000,PAXG/USD,4184.91,4192.27,4175.72,4189.92,74.4414
1790852400000,PENDLE/USD,2.401,2.415,2.377,2.381,61176.8
1790852400000,PENGU/USD,0.009739,0.009739,0.009609,0.009646,236347848.0
1790852400000,PEPE/USD,4.33e-06,4.39e-06,4.29e-06,4.38e-06,256586482990.0
1790852400000,POL/USD,0.11107,0.11152,0.10998,0.11106,2606214.1
1790852400000,S/USD,0.03981,0.0402,0.03964,0.04015,908201.5
1790852400000,SEI/USD,0.0729,0.07318,0.07247,0.07317,3069538.5
1790852400000,SHIB/USD,5.76e-06,5.78e-06,5.73e-06,5.77e-06,19122942356.0
1790852400000,SOL/USD,118.02,118.16,117.52,117.96,62102.423
1790852400000,STO/USD,0.043,0.043,0.0427,0.0428,551676.3
1790852400000,SUI/USD,1.1641,1.1705,1.1563,1.1684,2195404.2
1790852400000,TAO/USD,305.8,306.5,302.8,305.7,2886.2366
1790852400000,TRUMP/USD,2.064,2.08,2.056,2.078,274600.108
1790852400000,TRX/USD,0.3329,0.3338,0.3325,0.3328,10082137.7
1790852400000,TUT/USD,0.02466,0.02505,0.0245,0.02486,1937780.0
1790852400000,UNI/USD,9.004,9.078,8.955,9.062,191638.89
1790852400000,VIRTUAL/USD,0.801,0.806,0.7961,0.8037,200318.1
1790852400000,WIF/USD,0.2465,0.249,0.2448,0.2489,216075.71
1790852400000,WLD/USD,0.5222,0.5233,0.5133,0.5212,4164757.2
1790852400000,XLM/USD,0.2227,0.2231,0.2214,0.2225,3507526.0
1790852400000,XRP/USD,1.4934,1.4954,1.4864,1.4929,3719445.4
1790852400000,ZEC/USD,1395.03,1402.71,1377.33,1402.06,8217.509
1790852400000,ZEN/USD,7.334,7.334,7.217,7.24,33996.85
1790856000000,1000CHEEMS/USD,0.000546,0.000547,0.000539,0.00054,20954721.0
1790856000000,AAVE/USD,166.05,166.41,162.79,163.11,6747.127
1790856000000,ADA/USD,0.249,0.2496,0.2469,0.2476,5121640.9
1790856000000,APT/USD,0.7734,0.7747,0.7668,0.769,237529.3
1790856000000,ARB/USD,0.2006,0.2012,0.1995,0.2002,1987765.3
1790856000000,AVAX/USD,11.038,11.06,10.954,10.971,122694.91
1790856000000,BNB/USD,770.44,770.93,767.54,768.36,4173.257
1790856000000,BONK/USD,3.74e-06,3.79e-06,3.71e-06,3.74e-06,26972287710.0
1790856000000,BTC/USD,83905.76,84054.01,83657.02,83736.02,410.88076
1790856000000,CAKE/USD,2.602,2.603,2.59,2.592,41842.23
1790856000000,CFX/USD,0.05411,0.05415,0.05366,0.05372,990311.0
1790856000000,CRV/USD,0.385,0.3858,0.3805,0.3817,800875.1
1790856000000,DOGE/USD,0.09497,0.09511,0.09429,0.09453,19665386.0
1790856000000,DOT/USD,1.209,1.211,1.19,1.194,413561.97
1790856000000,EIGEN/USD,0.2436,0.2448,0.2409,0.2415,571153.17
1790856000000,ENA/USD,0.2596,0.2647,0.2593,0.2622,9095049.72
1790856000000,ETH/USD,2706.56,2711.6,2688.52,2692.75,12190.9154
1790856000000,FET/USD,0.2383,0.2389,0.2283,0.2286,6023932.9
1790856000000,FIL/USD,1.0254,1.0258,1.0094,1.0138,501937.33
1790856000000,FLOKI/USD,2.765e-05,2.774e-05,2.746e-05,2.756e-05,1696663875.0
1790856000000,HBAR/USD,0.10468,0.10508,0.10424,0.10492,5687714.0
1790856000000,ICP/USD,3.305,3.321,3.289,3.293,156148.49
1790856000000,LINK/USD,14.387,14.467,14.32,14.333,109890.29
1790856000000,LISTA/USD,0.0878,0.0878,0.0873,0.0873,37401.5
1790856000000,LTC/USD,67.29,67.36,66.95,67.1,13439.776
1790856000000,NEAR/USD,5.114,5.134,5.073,5.093,971744.7
1790856000000,ONDO/USD,0.5023,0.5036,0.4979,0.4984,1625049.5
1790856000000,PAXG/USD,4189.91,4194.1,4183.02,4186.34,117.1965
1790856000000,PENDLE/USD,2.38,2.392,2.36,2.365,60646.9
1790856000000,PENGU/USD,0.009646,0.009663,0.009525,0.009553,59809911.0
1790856000000,PEPE/USD,4.39e-06,4.45e-06,4.37e-06,4.39e-06,910054428754.0
1790856000000,POL/USD,0.11106,0.11108,0.1103,0.11053,1576658.0
1790856000000,S/USD,0.04015,0.04023,0.03989,0.04,1027880.6
1790856000000,SEI/USD,0.07317,0.07337,0.07283,0.07306,2672968.9
1790856000000,SHIB/USD,5.78e-06,5.79e-06,5.74e-06,5.75e-06,15131734825.0
1790856000000,SOL/USD,117.97,118.06,117.19,117.36,94893.913
1790856000000,STO/USD,0.0427,0.043,0.0426,0.0429,850527.2
1790856000000,SUI/USD,1.1684,1.1787,1.1548,1.1583,2990883.1
1790856000000,TAO/USD,305.8,306.5,302.2,302.8,4169.0767
1790856000000,TRUMP/USD,2.078,2.084,2.052,2.059,369302.456
1790856000000,TRX/USD,0.3329,0.3332,0.3324,0.3329,9106101.5
1790856000000,TUT/USD,0.02486,0.02499,0.02462,0.02477,3325633.0
1790856000000,UNI/USD,9.063,9.082,8.954,8.969,260184.74
1790856000000,VIRTUAL/USD,0.8042,0.8059,0.7918,0.7941,314266.6
1790856000000,WIF/USD,0.2489,0.2501,0.2476,0.2489,381253.56
1790856000000,WLD/USD,0.5211,0.5238,0.5172,0.5191,4079229.9
1790856000000,XLM/USD,0.2225,0.2228,0.2211,0.2216,3889416.0
1790856000000,XRP/USD,1.4929,1.4944,1.4841,1.4875,3646135.0
1790856000000,ZEC/USD,1402.08,1413.93,1391.05,1394.76,4497.946
1790856000000,ZEN/USD,7.239,7.269,7.177,7.2,19186.93
1790859600000,1000CHEEMS/USD,0.000541,0.000541,0.000537,0.000539,45160794.0
1790859600000,AAVE/USD,163.11,166.32,162.39,166.05,14424.588
1790859600000,ADA/USD,0.2476,0.2486,0.2448,0.2477,6604701.8
1790859600000,APT/USD,0.7694,0.7743,0.7612,0.7716,347376.77
1790859600000,ARB/USD,0.2002,0.2022,0.1979,0.2014,3748215.9
1790859600000,AVAX/USD,10.971,11.027,10.874,10.981,270229.98
1790859600000,BNB/USD,768.37,770.91,766.32,770.36,5629.597
1790859600000,BONK/USD,3.73e-06,3.78e-06,3.7e-06,3.74e-06,33967601896.0
1790859600000,BTC/USD,83736.02,84023.78,83400.0,83939.67,998.33278
1790859600000,CAKE/USD,2.591,2.599,2.582,2.595,45871.93
1790859600000,CFX/USD,0.0537,0.05373,0.05328,0.05339,2119351.0
1790859600000,CRV/USD,0.3817,0.3824,0.3767,0.3813,1056682.8
1790859600000,DOGE/USD,0.09453,0.09493,0.09375,0.09471,31062747.0
1790859600000,DOT/USD,1.194,1.199,1.183,1.195,443606.76
1790859600000,EIGEN/USD,0.2415,0.2449,0.2394,0.2435,1434897.89
1790859600000,ENA/USD,0.2622,0.2637,0.2587,0.2592,10627752.57
1790859600000,ETH/USD,2692.75,2702.04,2683.0,2697.67,13557.2367
1790859600000,FET/USD,0.2285,0.2291,0.2245,0.2258,7577826.4
1790859600000,FIL/USD,1.0139,1.0151,1.0004,1.0081,1262289.07
1790859600000,FLOKI/USD,2.751e-05,2.771e-05,2.73e-05,2.759e-05,3197197415.0
1790859600000,HBAR/USD,0.10494,0.10566,0.10432,0.10494,8746154.0
1790859600000,ICP/USD,3.293,3.31,3.263,3.286,107446.91
1790859600000,LINK/USD,14.334,14.415,14.229,14.363,163954.4
1790859600000,LISTA/USD,0.0873,0.0873,0.0864,0.0867,123230.8
1790859600000,LTC/USD,67.09,67.25,66.55,67.13,27902.967
1790859600000,NEAR/USD,5.093,5.102,4.742,4.959,8522797.4
1790859600000,ONDO/USD,0.4984,0.503,0.4928,0.498,2836986.9
1790859600000,PAXG/USD,4185.85,4187.97,4168.97,4172.76,119.4435
1790859600000,PENDLE/USD,2.365,2.367,2.334,2.343,191815.8
1790859600000,PENGU/USD,0.009554,0.009559,0.009404,0.009453,150965137.0
1790859600000,PEPE/USD,4.39e-06,4.41e-06,4.33e-06,4.37e-06,444479311424.0
1790859600000,POL/USD,0.11054,0.11059,0.10908,0.10991,2961521.0
1790859600000,S/USD,0.03998,0.04004,0.03964,0.03983,917008.4
1790859600000,SEI/USD,0.0731,0.07354,0.07217,0.07306,5916554.5
1790859600000,SHIB/USD,5.75e-06,5.79e-06,5.7e-06,5.75e-06,50308663968.0
1790859600000,SOL/USD,117.37,118.12,116.73,117.97,173889.922
1790859600000,STO/USD,0.0428,0.043,0.0424,0.0425,835793.3
1790859600000,SUI/USD,1.1583,1.1657,1.1472,1.1596,4116314.9
1790859600000,TAO/USD,302.9,304.7,299.7,304.5,5973.8151
1790859600000,TRUMP/USD,2.058,2.075,2.039,2.063,534501.185
1790859600000,TRX/USD,0.3328,0.3331,0.3325,0.333,2627630.9
1790859600000,TUT/USD,0.02473,0.02475,0.02436,0.02461,3762498.0
1790859600000,UNI/USD,8.97,9.174,8.884,9.113,479623.64
1790859600000,VIRTUAL/USD,0.7942,0.7948,0.7827,0.7902,621027.8
1790859600000,WIF/USD,0.2488,0.2527,0.2471,0.2515,576308.46
1790859600000,WLD/USD,0.5191,0.5214,0.5094,0.5119,7426261.2
1790859600000,XLM/USD,0.2217,0.2219,0.2187,0.2206,7779242.0
1790859600000,XRP/USD,1.4876,1.493,1.477,1.49,8306385.8
1790859600000,ZEC/USD,1394.69,1406.8,1380.0,1400.8,5041.108
1790859600000,ZEN/USD,7.195,7.201,7.094,7.141,55111.46
1790863200000,1000CHEEMS/USD,0.000539,0.000542,0.000535,0.000537,70540631.0
1790863200000,AAVE/USD,166.06,171.49,164.98,166.29,38306.368
1790863200000,ADA/USD,0.2477,0.2481,0.244,0.245,10152558.5
1790863200000,APT/USD,0.7715,0.7732,0.76,0.7625,538519.8
1790863200000,ARB/USD,0.2012,0.2022,0.1978,0.1988,2819339.1
1790863200000,AVAX/USD,10.98,11.024,10.9,10.943,183768.64
1790863200000,BNB/USD,770.35,771.0,765.95,766.94,8127.236
1790863200000,BONK/USD,3.75e-06,3.76e-06,3.66e-06,3.68e-06,34410072773.0
1790863200000,BTC/USD,83938.6,84332.01,83552.66,84050.65,1143.4352
1790863200000,CAKE/USD,2.595,2.601,2.582,2.587,42399.72
1790863200000,CFX/USD,0.05339,0.05352,0.05284,0.05295,1387335.0
1790863200000,CRV/USD,0.3811,0.3837,0.3752,0.3773,562752.5
1790863200000,DOGE/USD,0.0947,0.09492,0.09385,0.09417,41691859.0
1790863200000,DOT/USD,1.194,1.194,1.17,1.173,694533.78
1790863200000,EIGEN/USD,0.2434,0.2439,0.2392,0.2401,617167.63
1790863200000,ENA/USD,0.2591,0.2605,0.2506,0.2508,21219967.77
1790863200000,ETH/USD,2697.66,2705.35,2681.6,2690.16,17869.6103
1790863200000,FET/USD,0.2258,0.2282,0.2237,0.2251,6409815.6
1790863200000,FIL/USD,1.0077,1.0098,0.9901,0.9981,1290131.62
1790863200000,FLOKI/USD,2.759e-05,2.76e-05,2.718e-05,2.724e-05,4528069928.0
1790863200000,HBAR/USD,0.10493,0.10499,0.10312,0.10383,19482721.0
1790863200000,ICP/USD,3.286,3.291,3.232,3.242,170695.13
1790863200000,LINK/USD,14.362,14.427,14.226,14.312,161485.51
1790863200000,LISTA/USD,0.0866,0.0866,0.0858,0.0862,95124.3
1790863200000,LTC/USD,67.12,67.43,66.86,67.12,16391.1
1790863200000,NEAR/USD,4.958,4.997,4.811,4.851,4281679.4
1790863200000,ONDO/USD,0.4978,0.498,0.489,0.4917,2962450.1
1790863200000,PAXG/USD,4173.06,4183.11,4162.12,4170.91,170.6987
1790863200000,PENDLE/USD,2.343,2.346,2.31,2.32,122193.4
1790863200000,PENGU/USD,0.009452,0.00946,0.00926,0.009321,155806646.0
1790863200000,PEPE/USD,4.36e-06,4.4e-06,4.32e-06,4.34e-06,409245087821.0
1790863200000,POL/USD,0.1099,0.10993,0.10777,0.10836,5036884.9
1790863200000,S/USD,0.03984,0.03992,0.03945,0.03955,1138128.1
1790863200000,SEI/USD,0.07304,0.07308,0.07177,0.07198,3503302.1
1790863200000,SHIB/USD,5.75e-06,5.77e-06,5.69e-06,5.71e-06,53173273087.0
1790863200000,SOL/USD,117.96,118.23,116.91,117.38,159464.256
1790863200000,STO/USD,0.0425,0.0426,0.0422,0.0423,1089859.2
1790863200000,SUI/USD,1.1595,1.162,1.1283,1.1372,7039171.8
1790863200000,TAO/USD,304.5,310.0,301.5,308.0,12473.282
1790863200000,TRUMP/USD,2.062,2.063,2.03,2.042,592805.6
1790863200000,TRX/USD,0.333,0.3334,0.3327,0.3334,1998227.2
1790863200000,TUT/USD,0.02461,0.02475,0.02441,0.02457,5064249.0
1790863200000,UNI/USD,9.111,9.257,9.031,9.086,702265.44
1790863200000,VIRTUAL/USD,0.79,0.7929,0.778,0.7816,494900.5
1790863200000,WIF/USD,0.2513,0.2515,0.2449,0.2458,747311.18
1790863200000,WLD/USD,0.5118,0.5123,0.4915,0.4949,14018237.2
1790863200000,XLM/USD,0.2206,0.221,0.2175,0.2186,7471292.0
1790863200000,XRP/USD,1.4899,1.4904,1.4744,1.4826,7384664.4
1790863200000,ZEC/USD,1400.6,1402.17,1363.21,1381.67,7799.724
1790863200000,ZEN/USD,7.138,7.156,7.06,7.086,30345.53
1790866800000,1000CHEEMS/USD,0.000537,0.000541,0.000535,0.000539,46576143.0
1790866800000,AAVE/USD,166.3,168.82,165.13,168.32,13955.544
1790866800000,ADA/USD,0.245,0.2472,0.243,0.2465,9297451.1
1790866800000,APT/USD,0.7629,0.7713,0.7529,0.7695,961346.18
1790866800000,ARB/USD,0.1988,0.2022,0.1974,0.201,4005545.6
1790866800000,AVAX/USD,10.942,10.989,10.829,10.905,249817.51
1790866800000,BNB/USD,766.95,768.58,764.3,766.13,6735.646
1790866800000,BONK/USD,3.68e-06,3.73e-06,3.64e-06,3.72e-06,71964203199.0
1790866800000,BTC/USD,84050.65,84744.0,83831.99,84162.65,2235.93216
1790866800000,CAKE/USD,2.588,2.592,2.573,2.58,64047.65
1790866800000,CFX/USD,0.05294,0.05348,0.05275,0.05328,1342953.0
1790866800000,CRV/USD,0.3773,0.3806,0.3754,0.3796,924590.4
1790866800000,DOGE/USD,0.09416,0.09487,0.09358,0.09432,43506936.0
1790866800000,DOT/USD,1.173,1.182,1.165,1.172,684674.0
1790866800000,EIGEN/USD,0.2401,0.2446,0.2387,0.2437,848426.96
1790866800000,ENA/USD,0.2507,0.2529,0.247,0.2497,17285280.0
1790866800000,ETH/USD,2690.17,2696.38,2673.42,2682.69,25206.3288
1790866800000,FET/USD,0.225,0.2287,0.2231,0.2276,5968941.0
1790866800000,FIL/USD,0.9981,1.012,0.9922,1.0069,885126.28
1790866800000,FLOKI/USD,2.727e-05,2.75e-05,2.707e-05,2.738e-05,3163016606.0
1790866800000,HBAR/USD,0.10382,0.10408,0.10241,0.10323,17585621.0
1790866800000,ICP/USD,3.242,3.278,3.224,3.262,149031.96
1790866800000,LINK/USD,14.312,14.466,14.215,14.307,333149.13
1790866800000,LISTA/USD,0.0861,0.087,0.0858,0.0864,101988.1
1790866800000,LTC/USD,67.13,67.3,66.76,67.01,13051.004
1790866800000,NEAR/USD,4.852,4.946,4.822,4.918,2155794.8
1790866800000,ONDO/USD,0.4917,0.4953,0.487,0.4916,2632490.1
1790866800000,PAXG/USD,4171.04,4182.0,4161.37,4178.89,249.9542
1790866800000,PENDLE/USD,2.32,2.376,2.306,2.372,162599.8
1790866800000,PENGU/USD,0.009322,0.009404,0.00922,0.009328,81894094.0
1790866800000,PEPE/USD,4.34e-06,4.45e-06,4.32e-06,4.43e-06,760328236621.0
1790866800000,POL/USD,0.10835,0.10939,0.10771,0.10874,3273413.7
1790866800000,S/USD,0.03959,0.03996,0.03937,0.03971,1291517.7
1790866800000,SEI/USD,0.07201,0.07262,0.07123,0.07192,6149185.7
1790866800000,SHIB/USD,5.71e-06,5.76e-06,5.68e-06,5.74e-06,34163026294.0
1790866800000,SOL/USD,117.39,117.91,116.76,117.38,129285.398
1790866800000,STO/USD,0.0424,0.0427,0.0421,0.0426,711799.9
1790866800000,SUI/USD,1.1371,1.1534,1.1271,1.1497,4475890.4
1790866800000,TAO/USD,307.9,310.5,303.0,304.9,10278.564
1790866800000,TRUMP/USD,2.042,2.061,2.024,2.048,601609.359
1790866800000,TRX/USD,0.3334,0.3341,0.3333,0.334,4783246.0
1790866800000,TUT/USD,0.0246,0.02502,0.02447,0.02496,5600184.0
1790866800000,UNI/USD,9.088,9.171,8.981,9.099,416662.58
1790866800000,VIRTUAL/USD,0.7816,0.7906,0.7765,0.7849,468904.1
1790866800000,WIF/USD,0.2457,0.2486,0.2437,0.2479,408002.54
1790866800000,WLD/USD,0.4949,0.5023,0.4807,0.4883,12429590.8
1790866800000,XLM/USD,0.2186,0.2201,0.217,0.2185,5795188.0
1790866800000,XRP/USD,1.4827,1.4918,1.476,1.4871,7091964.3
1790866800000,ZEC/USD,1381.66,1389.5,1366.1,1378.49,10087.432
1790866800000,ZEN/USD,7.085,7.166,7.039,7.146,37039.39
1790870400000,1000CHEEMS/USD,0.000539,0.000541,0.000535,0.000536,38336063.0
1790870400000,AAVE/USD,168.35,168.94,165.62,166.4,8935.593
1790870400000,ADA/USD,0.2465,0.2485,0.2443,0.245,6344388.0
1790870400000,APT/USD,0.7694,0.7717,0.7608,0.7621,457304.44
1790870400000,ARB/USD,0.201,0.2019,0.1974,0.1978,2750363.6
1790870400000,AVAX/USD,10.904,10.965,10.732,10.778,280485.23
1790870400000,BNB/USD,766.13,769.75,766.0,766.83,3013.431
1790870400000,BONK/USD,3.72e-06,3.76e-06,3.69e-06,3.7e-06,46702483297.0
1790870400000,BTC/USD,84162.66,84625.98,84064.0,84202.01,751.73824
1790870400000,CAKE/USD,2.581,2.59,2.571,2.573,56167.29
1790870400000,CFX/USD,0.05328,0.05353,0.05277,0.05284,1205359.0
1790870400000,CRV/USD,0.3796,0.3821,0.3772,0.3775,272774.8
1790870400000,DOGE/USD,0.09431,0.09466,0.09361,0.09379,23469920.0
1790870400000,DOT/USD,1.172,1.179,1.16,1.163,677774.43
1790870400000,EIGEN/USD,0.2437,0.2451,0.2407,0.2408,523536.49
1790870400000,ENA/USD,0.2496,0.2523,0.2458,0.2465,10343705.7
1790870400000,ETH/USD,2682.68,2694.52,2676.35,2680.27,15940.3055
1790870400000,FET/USD,0.2274,0.2282,0.2237,0.2243,3425205.9
1790870400000,FIL/USD,1.0064,1.0168,1.0037,1.0045,467656.71
1790870400000,FLOKI/USD,2.739e-05,2.753e-05,2.717e-05,2.718e-05,1525748585.0
1790870400000,HBAR/USD,0.10322,0.10366,0.10211,0.10253,10480140.0
1790870400000,ICP/USD,3.265,3.278,3.233,3.24,116898.89
1790870400000,LINK/USD,14.308,14.402,14.148,14.197,204369.92
1790870400000,LISTA/USD,0.0866,0.0869,0.0852,0.0854,82812.9
1790870400000,LTC/USD,67.02,67.32,66.88,66.95,13967.238
1790870400000,NEAR/USD,4.917,4.949,4.813,4.828,2714162.4
1790870400000,ONDO/USD,0.4914,0.4936,0.4842,0.4853,3782349.0
1790870400000,PAXG/USD,4179.31,4185.64,4169.96,4171.82,77.0217
1790870400000,PENDLE/USD,2.375,2.376,2.336,2.34,70390.5
1790870400000,PENGU/USD,0.009328,0.009436,0.009263,0.009277,62459080.0
1790870400000,PEPE/USD,4.43e-06,4.45e-06,4.36e-06,4.36e-06,260359026046.0
1790870400000,POL/USD,0.10877,0.10894,0.1062,0.10646,10352534.5
1790870400000,S/USD,0.03971,0.03993,0.03911,0.03916,897956.5
1790870400000,SEI/USD,0.07193,0.07211,0.07085,0.07117,3633713.6
1790870400000,SHIB/USD,5.75e-06,5.78e-06,5.7e-06,5.71e-06,31700278485.0
1790870400000,SOL/USD,117.38,118.03,116.91,117.14,116760.347
1790870400000,STO/USD,0.0426,0.0428,0.0423,0.0423,643916.8
1790870400000,SUI/USD,1.1497,1.1689,1.145,1.1467,2926727.1
1790870400000,TAO/USD,304.9,306.8,300.2,300.7,8272.0495
1790870400000,TRUMP/USD,2.047,2.062,2.03,2.036,333431.694
1790870400000,TRX/USD,0.3339,0.335,0.3339,0.3348,7905520.1
1790870400000,TUT/USD,0.02496,0.02543,0.02485,0.02519,8119840.0
1790870400000,UNI/USD,9.098,9.151,8.963,8.979,319912.59
1790870400000,VIRTUAL/USD,0.7848,0.7884,0.7722,0.7731,458471.6
1790870400000,WIF/USD,0.2479,0.2504,0.2461,0.2465,353589.55
1790870400000,WLD/USD,0.4882,0.4938,0.4856,0.4875,6255814.0
1790870400000,XLM/USD,0.2185,0.2202,0.2176,0.218,4508123.0
1790870400000,XRP/USD,1.4871,1.4925,1.4788,1.4814,5777230.3
1790870400000,ZEC/USD,1378.38,1387.02,1331.48,1343.31,18975.247
1790870400000,ZEN/USD,7.146,7.186,7.054,7.06,36408.41
1790874000000,1000CHEEMS/USD,0.000536,0.000544,0.000535,0.000544,42147760.0
1790874000000,AAVE/USD,166.42,171.52,164.33,170.96,15051.094
1790874000000,ADA/USD,0.245,0.2519,0.245,0.2505,11852492.5
1790874000000,APT/USD,0.7622,0.7825,0.7621,0.7784,917672.93
1790874000000,ARB/USD,0.1978,0.2027,0.1978,0.2013,3718015.6
1790874000000,AVAX/USD,10.778,11.0,10.764,10.946,245776.73
1790874000000,BNB/USD,766.84,774.48,766.84,772.76,8891.46
1790874000000,BONK/USD,3.7e-06,3.79e-06,3.7e-06,3.77e-06,55051561734.0
1790874000000,BTC/USD,84202.0,85078.85,84198.0,84908.01,1161.14234
1790874000000,CAKE/USD,2.573,2.607,2.573,2.604,34474.51
1790874000000,CFX/USD,0.05282,0.05375,0.05282,0.05367,587996.0
1790874000000,CRV/USD,0.3777,0.3852,0.3766,0.382,584086.2
1790874000000,DOGE/USD,0.09379,0.0953,0.09379,0.09494,35530508.0
1790874000000,DOT/USD,1.163,1.185,1.162,1.181,430399.57
1790874000000,EIGEN/USD,0.2409,0.2478,0.2409,0.2469,799292.16
1790874000000,ENA/USD,0.2465,0.2525,0.2462,0.25,9648952.93
1790874000000,ETH/USD,2680.26,2713.0,2680.25,2701.05,17092.8051
1790874000000,FET/USD,0.2243,0.2336,0.224,0.2332,7734350.0
1790874000000,FIL/USD,1.0047,1.0294,1.0039,1.0255,813185.62
1790874000000,FLOKI/USD,2.722e-05,2.794e-05,2.72e-05,2.787e-05,4173993618.0
1790874000000,HBAR/USD,0.10253,0.10434,0.10242,0.10387,11523282.0
1790874000000,ICP/USD,3.241,3.296,3.241,3.277,83893.86
1790874000000,LINK/USD,14.197,14.422,14.197,14.336,135966.14
1790874000000,LISTA/USD,0.0855,0.0864,0.0853,0.0864,72177.8
1790874000000,LTC/USD,66.95,67.99,66.95,67.77,21872.455
1790874000000,NEAR/USD,4.828,4.955,4.803,4.9,2185756.3
1790874000000,ONDO/USD,0.4855,0.4992,0.4855,0.4966,2264572.1
1790874000000,PAXG/USD,4171.83,4194.6,4171.28,4178.81,191.0302
1790874000000,PENDLE/USD,2.341,2.404,2.339,2.393,59046.5
1790874000000,PENGU/USD,0.009278,0.009589,0.009268,0.009557,74134140.0
1790874000000,PEPE/USD,4.37e-06,4.48e-06,4.37e-06,4.45e-06,560291151450.0
1790874000000,POL/USD,0.10647,0.10817,0.10583,0.10671,11684641.2
1790874000000,S/USD,0.0392,0.03979,0.0392,0.03959,492024.6
1790874000000,SEI/USD,0.07118,0.07267,0.07111,0.07238,4592393.0
1790874000000,SHIB/USD,5.72e-06,5.84e-06,5.72e-06,5.81e-06,29054274832.0
1790874000000,SOL/USD,117.14,119.16,117.14,118.36,198978.954
1790874000000,STO/USD,0.0423,0.043,0.0423,0.0428,843672.1
1790874000000,SUI/USD,1.1466,1.1986,1.1463,1.189,7905856.9
1790874000000,TAO/USD,300.7,308.4,300.5,305.9,7545.2169
1790874000000,TRUMP/USD,2.036,2.074,2.035,2.067,587833.669
1790874000000,TRX/USD,0.3348,0.3358,0.3347,0.3354,3564828.6
1790874000000,TUT/USD,0.0252,0.02549,0.02513,0.02524,7019204.0
1790874000000,UNI/USD,8.979,9.166,8.969,9.106,332939.25
1790874000000,VIRTUAL/USD,0.7734,0.7971,0.7733,0.7918,251025.0
1790874000000,WIF/USD,0.2466,0.2599,0.2465,0.2554,1983263.37
1790874000000,WLD/USD,0.4876,0.5009,0.4874,0.4965,8916295.3
1790874000000,XLM/USD,0.2181,0.2213,0.218,0.2204,4685232.0
1790874000000,XRP/USD,1.4814,1.5059,1.481,1.5002,9985625.7
1790874000000,ZEC/USD,1343.36,1373.0,1338.66,1357.19,9425.68
1790874000000,ZEN/USD,7.068,7.255,7.063,7.22,18269.08
1790877600000,1000CHEEMS/USD,0.000544,0.000544,0.00054,0.000541,32364700.0
1790877600000,AAVE/USD,170.94,171.07,166.8,167.89,9701.347
1790877600000,ADA/USD,0.2504,0.2512,0.2482,0.2487,5685189.9
1790877600000,APT/USD,0.7783,0.7805,0.7717,0.7749,398414.27
1790877600000,ARB/USD,0.2013,0.2026,0.2,0.2005,2069708.3
1790877600000,AVAX/USD,10.946,11.014,10.906,11.003,172350.4
1790877600000,BNB/USD,772.77,772.77,769.57,770.38,4035.613
1790877600000,BONK/USD,3.78e-06,3.78e-06,3.72e-06,3.74e-06,33350298949.0
1790877600000,BTC/USD,84908.0,85273.65,84671.01,84802.02,823.15515
1790877600000,CAKE/USD,2.603,2.603,2.589,2.593,40764.6
1790877600000,CFX/USD,0.05367,0.05386,0.0535,0.05365,412156.0
1790877600000,CRV/USD,0.382,0.3846,0.3801,0.3814,284590.7
1790877600000,DOGE/USD,0.09493,0.09548,0.0947,0.095,17817272.0
1790877600000,DOT/USD,1.18,1.192,1.176,1.183,335776.74
1790877600000,EIGEN/USD,0.2469,0.2511,0.2461,0.2508,690672.3
1790877600000,ENA/USD,0.25,0.2514,0.2436,0.246,37801466.25
1790877600000,ETH/USD,2701.05,2714.76,2693.28,2700.38,10187.2986
1790877600000,FET/USD,0.2331,0.2342,0.2295,0.2302,3989042.6
1790877600000,FIL/USD,1.0253,1.0278,1.0174,1.0199,390511.68
1790877600000,FLOKI/USD,2.787e-05,2.791e-05,2.767e-05,2.772e-05,1938818894.0
1790877600000,HBAR/USD,0.10386,0.10427,0.10305,0.10333,8809485.0
1790877600000,ICP/USD,3.276,3.29,3.253,3.266,59837.67
1790877600000,LINK/USD,14.337,14.485,14.282,14.382,71477.95
1790877600000,LISTA/USD,0.0861,0.0862,0.0855,0.0855,78377.2
1790877600000,LTC/USD,67.77,68.05,67.55,67.85,13227.494
1790877600000,NEAR/USD,4.9,4.963,4.865,4.894,1132759.9
1790877600000,ONDO/USD,0.4966,0.5007,0.4934,0.4953,3122411.3
1790877600000,PAXG/USD,4177.98,4190.76,4173.03,4184.32,146.0915
1790877600000,PENDLE/USD,2.392,2.411,2.38,2.383,41689.2
1790877600000,PENGU/USD,0.009557,0.009628,0.009498,0.009534,40894664.0
1790877600000,PEPE/USD,4.45e-06,4.47e-06,4.42e-06,4.43e-06,249510888867.0
1790877600000,POL/USD,0.1067,0.10842,0.10636,0.10798,4351552.1
1790877600000,S/USD,0.0396,0.03969,0.0392,0.03925,1319590.6
1790877600000,SEI/USD,0.07238,0.07251,0.0716,0.0717,2684009.7
1790877600000,SHIB/USD,5.82e-06,5.83e-06,5.78e-06,5.79e-06,18538095632.0
1790877600000,SOL/USD,118.36,119.1,118.11,118.39,84284.94
1790877600000,STO/USD,0.0427,0.0427,0.0425,0.0425,304464.7
1790877600000,SUI/USD,1.1891,1.1949,1.169,1.1745,4154556.8
1790877600000,TAO/USD,305.8,308.2,303.8,304.5,2998.0447
1790877600000,TRUMP/USD,2.068,2.078,2.057,2.063,286933.551
1790877600000,TRX/USD,0.3353,0.3362,0.3352,0.3362,1897885.5
1790877600000,TUT/USD,0.02523,0.02531,0.02473,0.02473,4962230.0
1790877600000,UNI/USD,9.105,9.162,9.031,9.065,186089.0
1790877600000,VIRTUAL/USD,0.7916,0.7966,0.7861,0.7881,174357.9
1790877600000,WIF/USD,0.2554,0.2559,0.2516,0.2518,486708.47
1790877600000,WLD/USD,0.4966,0.5003,0.4939,0.4953,3923736.1
1790877600000,XLM/USD,0.2204,0.2217,0.2195,0.2201,4352111.0
1790877600000,XRP/USD,1.5002,1.5094,1.4965,1.5013,6186122.5
1790877600000,ZEC/USD,1357.21,1363.3,1335.31,1339.83,9974.011
1790877600000,ZEN/USD,7.22,7.239,7.145,7.163,5941.51
1790881200000,1000CHEEMS/USD,0.00054,0.000541,0.000536,0.00054,38980219.0
1790881200000,AAVE/USD,167.92,169.49,166.66,169.43,4044.38
1790881200000,ADA/USD,0.2487,0.2497,0.2463,0.2482,4516985.7
1790881200000,APT/USD,0.7748,0.7786,0.7669,0.7732,214921.21
1790881200000,ARB/USD,0.2006,0.2011,0.1978,0.2008,1825104.2
1790881200000,AVAX/USD,11.002,11.072,10.945,11.002,229803.77
1790881200000,BNB/USD,770.39,770.64,768.02,769.57,3272.349
1790881200000,BONK/USD,3.74e-06,3.77e-06,3.71e-06,3.75e-06,22280070535.0
1790881200000,BTC/USD,84802.02,84892.01,84585.81,84675.36,467.44684
1790881200000,CAKE/USD,2.594,2.594,2.582,2.589,13209.94
1790881200000,CFX/USD,0.05366,0.05382,0.05332,0.05353,1691023.0
1790881200000,CRV/USD,0.3815,0.3837,0.3791,0.3817,286124.1
1790881200000,DOGE/USD,0.095,0.09522,0.09431,0.09485,13821580.0
1790881200000,DOT/USD,1.183,1.187,1.171,1.185,295728.68
1790881200000,EIGEN/USD,0.251,0.2518,0.2486,0.2492,682365.91
1790881200000,ENA/USD,0.246,0.2476,0.2442,0.2466,7342516.83
1790881200000,ETH/USD,2700.37,2706.24,2692.75,2700.7,5958.7332
1790881200000,FET/USD,0.2301,0.2312,0.2278,0.2303,3084868.6
1790881200000,FIL/USD,1.02,1.0239,1.0098,1.0186,346821.32
1790881200000,FLOKI/USD,2.773e-05,2.78e-05,2.751e-05,2.768e-05,1009100577.0
1790881200000,HBAR/USD,0.10332,0.10376,0.10278,0.10302,7804715.0
1790881200000,ICP/USD,3.265,3.284,3.238,3.274,65269.69
1790881200000,LINK/USD,14.383,14.5,14.336,14.448,115648.3
1790881200000,LISTA/USD,0.0857,0.0857,0.0846,0.0853,94861.0
1790881200000,LTC/USD,67.85,68.34,67.49,68.15,22273.426
1790881200000,NEAR/USD,4.893,4.909,4.75,4.866,2592488.8
1790881200000,ONDO/USD,0.4953,0.4973,0.4901,0.496,3355148.0
1790881200000,PAXG/USD,4184.4,4188.58,4181.37,4184.38,61.0325
1790881200000,PENDLE/USD,2.383,2.406,2.375,2.396,62308.8
1790881200000,PENGU/USD,0.009533,0.009565,0.009404,0.009526,38904554.0
1790881200000,PEPE/USD,4.43e-06,4.46e-06,4.39e-06,4.46e-06,241501741204.0
1790881200000,POL/USD,0.10799,0.10832,0.10688,0.10745,2164218.9
1790881200000,S/USD,0.03925,0.03928,0.03863,0.03906,1095702.0
1790881200000,SEI/USD,0.0717,0.07194,0.07093,0.07151,3405868.4
1790881200000,SHIB/USD,5.8e-06,5.82e-06,5.75e-06,5.8e-06,16542656809.0
1790881200000,SOL/USD,118.39,118.65,117.56,118.31,101936.765
1790881200000,STO/USD,0.0425,0.0427,0.0422,0.0427,488257.5
1790881200000,SUI/USD,1.1745,1.1908,1.1629,1.189,2509722.7
1790881200000,TAO/USD,304.5,305.5,300.6,305.0,4906.1916
1790881200000,TRUMP/USD,2.064,2.071,2.045,2.065,232483.336
1790881200000,TRX/USD,0.3362,0.3365,0.3359,0.3362,3451813.5
1790881200000,TUT/USD,0.02476,0.02498,0.02465,0.02497,1723049.0
1790881200000,UNI/USD,9.065,9.143,9.009,9.112,151737.3
1790881200000,VIRTUAL/USD,0.7884,0.7931,0.782,0.7894,100780.6
1790881200000,WIF/USD,0.2519,0.2541,0.2496,0.2517,259108.96
1790881200000,WLD/USD,0.4953,0.5049,0.4905,0.5015,3778728.5
1790881200000,XLM/USD,0.2201,0.2212,0.2185,0.2195,3172938.0
1790881200000,XRP/USD,1.5012,1.5042,1.4929,1.5012,2913944.8
1790881200000,ZEC/USD,1339.8,1340.31,1305.01,1326.24,25597.848
1790881200000,ZEN/USD,7.162,7.182,7.082,7.152,14287.76
1790884800000,1000CHEEMS/USD,0.00054,0.000541,0.000537,0.000539,22286427.0
1790884800000,AAVE/USD,169.43,171.47,169.36,169.97,5701.382
1790884800000,ADA/USD,0.2482,0.2491,0.2474,0.2474,2041152.4
1790884800000,APT/USD,0.7734,0.7808,0.7734,0.7749,263701.29
1790884800000,ARB/USD,0.201,0.2018,0.1997,0.1999,1540678.3
1790884800000,AVAX/USD,11.002,11.051,10.991,11.006,85729.09
1790884800000,BNB/USD,769.57,770.58,768.81,769.98,1930.972
1790884800000,BONK/USD,3.75e-06,3.78e-06,3.74e-06,3.77e-06,53189550590.0
1790884800000,BTC/USD,84675.36,84860.05,84563.54,84634.0,394.36355
1790884800000,CAKE/USD,2.59,2.596,2.583,2.583,13209.18
1790884800000,CFX/USD,0.05355,0.0538,0.05339,0.05346,797535.0
1790884800000,CRV/USD,0.3818,0.3851,0.3807,0.3808,255271.0
1790884800000,DOGE/USD,0.09484,0.09504,0.0945,0.09457,9454752.0
1790884800000,DOT/USD,1.185,1.191,1.182,1.182,220215.82
1790884800000,EIGEN/USD,0.2495,0.2504,0.2476,0.249,420340.13
1790884800000,ENA/USD,0.2466,0.2476,0.2446,0.2455,3650267.86
1790884800000,ETH/USD,2700.7,2706.55,2695.99,2698.82,5198.2971
1790884800000,FET/USD,0.2304,0.2319,0.2292,0.2315,3139993.5
1790884800000,FIL/USD,1.0189,1.0217,1.0156,1.0171,249413.18
1790884800000,FLOKI/USD,2.771e-05,2.781e-05,2.765e-05,2.767e-05,872320651.0
1790884800000,HBAR/USD,0.10303,0.10339,0.10277,0.10299,6382478.0
1790884800000,ICP/USD,3.273,3.289,3.259,3.268,70817.85
1790884800000,LINK/USD,14.449,14.52,14.374,14.389,76201.37
1790884800000,LISTA/USD,0.0853,0.0855,0.0851,0.0854,39829.6
1790884800000,LTC/USD,68.16,68.65,68.06,68.48,33625.635
1790884800000,NEAR/USD,4.867,4.889,4.825,4.845,1204789.1
1790884800000,ONDO/USD,0.4961,0.4981,0.4942,0.4947,961698.4
1790884800000,PAXG/USD,4184.89,4188.55,4182.9,4185.13,47.162
1790884800000,PENDLE/USD,2.396,2.403,2.362,2.372,47566.1
1790884800000,PENGU/USD,0.00953,0.009576,0.009452,0.009477,23145390.0
1790884800000,PEPE/USD,4.46e-06,4.47e-06,4.42e-06,4.43e-06,144557234508.0
1790884800000,POL/USD,0.10748,0.1081,0.10748,0.10786,1025897.0
1790884800000,S/USD,0.03906,0.03911,0.0389,0.0389,645003.2
1790884800000,SEI/USD,0.07151,0.07186,0.07127,0.0713,2746984.9
1790884800000,SHIB/USD,5.8e-06,5.82e-06,5.78e-06,5.78e-06,16591559650.0
1790884800000,SOL/USD,118.3,118.58,117.9,118.14,49565.33
1790884800000,STO/USD,0.0427,0.0432,0.0427,0.043,733595.6
1790884800000,SUI/USD,1.189,1.1938,1.1779,1.1803,2172243.3
1790884800000,TAO/USD,305.0,306.2,303.4,304.8,2618.2994
1790884800000,TRUMP/USD,2.066,2.075,2.062,2.069,156322.458
1790884800000,TRX/USD,0.3361,0.3364,0.3354,0.3355,1964928.5
1790884800000,TUT/USD,0.02498,0.02513,0.02487,0.02508,1792418.0
1790884800000,UNI/USD,9.112,9.162,9.062,9.085,66997.93
1790884800000,VIRTUAL/USD,0.7896,0.7944,0.7873,0.7884,113525.3
1790884800000,WIF/USD,0.2519,0.253,0.2483,0.2488,271031.49
1790884800000,WLD/USD,0.5014,0.5034,0.4991,0.5008,2005690.6
1790884800000,XLM/USD,0.2194,0.2209,0.2194,0.2197,3234396.0
1790884800000,XRP/USD,1.5011,1.5059,1.4966,1.4985,3023075.3
1790884800000,ZEC/USD,1325.98,1337.9,1325.11,1335.82,6099.444
1790884800000,ZEN/USD,7.152,7.172,7.12,7.136,6305.27
1790888400000,1000CHEEMS/USD,0.000538,0.000539,0.000536,0.000538,19686622.0
1790888400000,AAVE/USD,169.96,170.72,169.06,169.65,4083.887
1790888400000,ADA/USD,0.2474,0.2476,0.2446,0.2451,4578502.2
1790888400000,APT/USD,0.7749,0.7753,0.766,0.7678,112792.2
1790888400000,ARB/USD,0.2,0.2003,0.1975,0.1986,2408358.4
1790888400000,AVAX/USD,11.007,11.014,10.87,10.922,154882.02
1790888400000,BNB/USD,769.99,770.57,769.04,770.32,3354.481
1790888400000,BONK/USD,3.76e-06,3.77e-06,3.7e-06,3.72e-06,55660157109.0
1790888400000,BTC/USD,84634.01,84687.4,84493.35,84544.99,302.67133
1790888400000,CAKE/USD,2.583,2.585,2.54,2.559,294068.15
1790888400000,CFX/USD,0.05345,0.05352,0.053,0.05321,555964.0
1790888400000,CRV/USD,0.3806,0.3808,0.3721,0.3752,571257.5
1790888400000,DOGE/USD,0.09458,0.09466,0.09377,0.09399,19789446.0
1790888400000,DOT/USD,1.182,1.183,1.166,1.17,305054.04
1790888400000,EIGEN/USD,0.2491,0.2491,0.2448,0.2449,443178.72
1790888400000,ENA/USD,0.2456,0.2458,0.2424,0.2429,3692115.41
1790888400000,ETH/USD,2698.82,2699.19,2689.47,2693.45,5216.9454
1790888400000,FET/USD,0.2314,0.2322,0.2263,0.2273,3183104.7
1790888400000,FIL/USD,1.0169,1.017,1.0057,1.0083,157077.16
1790888400000,FLOKI/USD,2.767e-05,2.777e-05,2.749e-05,2.763e-05,1370649772.0
1790888400000,HBAR/USD,0.10299,0.10312,0.1022,0.10221,8867956.0
1790888400000,ICP/USD,3.267,3.268,3.242,3.259,42481.12
1790888400000,LINK/USD,14.389,14.409,14.204,14.245,92253.85
1790888400000,LISTA/USD,0.0853,0.0855,0.0849,0.0854,30466.2
1790888400000,LTC/USD,68.47,68.67,68.01,68.53,26873.421
1790888400000,NEAR/USD,4.845,4.855,4.761,4.784,982237.5
1790888400000,ONDO/USD,0.4946,0.4949,0.4866,0.488,1326488.4
1790888400000,PAXG/USD,4185.14,4186.84,4185.13,4186.0,50.1836
1790888400000,PENDLE/USD,2.371,2.374,2.35,2.366,23580.7
1790888400000,PENGU/USD,0.009474,0.009476,0.009333,0.009374,18155640.0
1790888400000,PEPE/USD,4.44e-06,4.44e-06,4.39e-06,4.42e-06,120897001599.0
1790888400000,POL/USD,0.1079,0.108,0.10683,0.10744,1558512.9
1790888400000,S/USD,0.03891,0.03893,0.03829,0.03841,851380.7
1790888400000,SEI/USD,0.07132,0.07142,0.07023,0.07042,5298209.5
1790888400000,SHIB/USD,5.79e-06,5.79e-06,5.73e-06,5.75e-06,20682588334.0
1790888400000,SOL/USD,118.14,118.18,117.41,117.66,68805.974
1790888400000,STO/USD,0.0429,0.0431,0.0426,0.0427,295230.4
1790888400000,SUI/USD,1.1803,1.1809,1.1611,1.165,1978448.8
1790888400000,TAO/USD,304.9,305.2,300.6,301.6,3262.3565
1790888400000,TRUMP/USD,2.068,2.068,2.045,2.052,169515.468
1790888400000,TRX/USD,0.3355,0.3356,0.3353,0.3353,1278725.3
1790888400000,TUT/USD,0.02509,0.0251,0.0248,0.02486,1744124.0
1790888400000,UNI/USD,9.085,9.085,8.994,9.031,97258.08
1790888400000,VIRTUAL/USD,0.7885,0.7885,0.776,0.7786,180657.9
1790888400000,WIF/USD,0.2487,0.2488,0.2455,0.2458,178237.14
1790888400000,WLD/USD,0.5007,0.5007,0.493,0.4954,2572855.0
1790888400000,XLM/USD,0.2198,0.22,0.2178,0.2182,3605931.0
1790888400000,XRP/USD,1.4984,1.4987,1.4871,1.4904,4358633.2
1790888400000,ZEC/USD,1335.82,1338.9,1315.2,1320.22,6408.348
1790888400000,ZEN/USD,7.137,7.142,7.05,7.075,33214.7
1790892000000,1000CHEEMS/USD,0.000538,0.000539,0.000536,0.000538,24860037.0
1790892000000,AAVE/USD,169.64,172.24,169.59,172.12,10960.663
1790892000000,ADA/USD,0.2451,0.247,0.2447,0.2461,3246481.7
1790892000000,APT/USD,0.7679,0.7736,0.7674,0.7718,107205.2
1790892000000,ARB/USD,0.1985,0.2005,0.1985,0.1997,1793317.0
1790892000000,AVAX/USD,10.921,10.995,10.92,10.982,78147.77
1790892000000,BNB/USD,770.31,772.0,769.81,771.01,1695.742
1790892000000,BONK/USD,3.72e-06,3.75e-06,3.71e-06,3.75e-06,16052362484.0
1790892000000,BTC/USD,84544.99,84788.01,84537.12,84749.73,453.96769
1790892000000,CAKE/USD,2.559,2.565,2.555,2.564,28780.91
1790892000000,CFX/USD,0.05321,0.05337,0.05295,0.05327,498418.0
1790892000000,CRV/USD,0.3747,0.3762,0.3728,0.374,235939.9
1790892000000,DOGE/USD,0.09399,0.09443,0.09383,0.09419,10723831.0
1790892000000,DOT/USD,1.171,1.179,1.168,1.175,180468.9
1790892000000,EIGEN/USD,0.2448,0.2467,0.2438,0.246,288531.45
1790892000000,ENA/USD,0.2429,0.2446,0.2408,0.2431,4438497.75
1790892000000,ETH/USD,2693.44,2704.08,2692.88,2703.23,5056.8302
1790892000000,FET/USD,0.2274,0.2293,0.2271,0.2292,1233443.6
1790892000000,FIL/USD,1.0082,1.0168,1.008,1.0137,239862.85
1790892000000,FLOKI/USD,2.76e-05,2.776e-05,2.752e-05,2.769e-05,995246437.0
1790892000000,HBAR/USD,0.10222,0.10265,0.10165,0.10257,11371543.0
1790892000000,ICP/USD,3.26,3.276,3.252,3.276,33160.33
1790892000000,LINK/USD,14.243,14.33,14.243,14.321,54284.59
1790892000000,LISTA/USD,0.0855,0.0858,0.0852,0.0853,24910.6
1790892000000,LTC/USD,68.52,68.7,68.04,68.24,16830.467
1790892000000,NEAR/USD,4.783,4.825,4.747,4.789,1230475.2
1790892000000,ONDO/USD,0.4879,0.4932,0.4879,0.4909,1045210.4
1790892000000,PAXG/USD,4186.01,4187.76,4181.21,4187.76,35.9321
1790892000000,PENDLE/USD,2.365,2.381,2.364,2.379,16113.9
1790892000000,PENGU/USD,0.009373,0.009461,0.009367,0.009458,32744616.0
1790892000000,PEPE/USD,4.41e-06,4.44e-06,4.4e-06,4.42e-06,139226928529.0
1790892000000,POL/USD,0.10736,0.10809,0.10725,0.10763,759949.9
1790892000000,S/USD,0.03834,0.03852,0.03819,0.03849,775025.9
1790892000000,SEI/USD,0.07041,0.07087,0.0703,0.07065,2746189.5
1790892000000,SHIB/USD,5.75e-06,5.79e-06,5.74e-06,5.78e-06,16854914835.0
1790892000000,SOL/USD,117.66,118.34,117.62,118.32,67108.493
1790892000000,STO/USD,0.0428,0.0429,0.0426,0.0429,105291.9
1790892000000,SUI/USD,1.1649,1.1802,1.1648,1.177,1194982.4
1790892000000,TAO/USD,301.6,303.5,300.0,302.3,2153.3615
1790892000000,TRUMP/USD,2.052,2.064,2.047,2.057,116682.53
1790892000000,TRX/USD,0.3353,0.3355,0.3351,0.3352,1929057.9
1790892000000,TUT/USD,0.02487,0.02533,0.02487,0.02533,2826350.0
1790892000000,UNI/USD,9.03,9.115,9.005,9.056,99033.09
1790892000000,VIRTUAL/USD,0.7784,0.7843,0.7784,0.7836,97454.1
1790892000000,WIF/USD,0.2458,0.2478,0.2456,0.2474,234867.13
1790892000000,WLD/USD,0.4953,0.5006,0.4952,0.5003,2239289.5
1790892000000,XLM/USD,0.2182,0.2197,0.2181,0.2192,1049841.0
1790892000000,XRP/USD,1.4903,1.4971,1.4891,1.4941,2859857.0
1790892000000,ZEC/USD,1320.27,1336.3,1320.0,1335.2,3918.366
1790892000000,ZEN/USD,7.075,7.113,7.059,7.106,6094.76
1790895600000,1000CHEEMS/USD,0.000538,0.00054,0.000537,0.000539,17863789.0
1790895600000,AAVE/USD,172.13,173.41,171.2,171.44,8152.716
1790895600000,ADA/USD,0.2461,0.2465,0.2453,0.2464,1918515.4
1790895600000,APT/USD,0.7719,0.7768,0.7696,0.7762,213787.84
1790895600000,ARB/USD,0.1998,0.2,0.1991,0.1999,1165896.8
1790895600000,AVAX/USD,10.982,11.019,10.941,10.99,49011.75
1790895600000,BNB/USD,771.02,771.76,770.07,771.75,1380.107
1790895600000,BONK/USD,3.74e-06,3.77e-06,3.74e-06,3.76e-06,8172718601.0
1790895600000,BTC/USD,84749.74,84900.0,84644.69,84880.05,334.26683
1790895600000,CAKE/USD,2.563,2.565,2.554,2.565,27058.99
1790895600000,CFX/USD,0.05327,0.05369,0.0531,0.05362,1309067.0
1790895600000,CRV/USD,0.3739,0.3753,0.3728,0.3742,104992.1
1790895600000,DOGE/USD,0.09418,0.09442,0.09404,0.09437,4923450.0
1790895600000,DOT/USD,1.175,1.18,1.17,1.176,161044.82
1790895600000,EIGEN/USD,0.2459,0.2474,0.2448,0.2468,286749.91
1790895600000,ENA/USD,0.2432,0.2437,0.2408,0.2432,5173867.13
1790895600000,ETH/USD,2703.23,2707.22,2698.5,2706.42,2648.6171
1790895600000,FET/USD,0.2291,0.2311,0.2282,0.2304,1036778.7
1790895600000,FIL/USD,1.0138,1.0212,1.0121,1.0204,106022.68
1790895600000,FLOKI/USD,2.769e-05,2.782e-05,2.756e-05,2.782e-05,2114702736.0
1790895600000,HBAR/USD,0.10257,0.10285,0.10218,0.10265,5738078.0
1790895600000,ICP/USD,3.272,3.293,3.258,3.29,49419.68
1790895600000,LINK/USD,14.321,14.394,14.282,14.386,35903.68
1790895600000,LISTA/USD,0.0854,0.086,0.0854,0.0859,39443.0
1790895600000,LTC/USD,68.25,68.36,68.0,68.12,9464.303
1790895600000,NEAR/USD,4.788,4.821,4.762,4.809,924757.0
1790895600000,ONDO/USD,0.491,0.4983,0.4898,0.4973,1248014.3
1790895600000,PAXG/USD,4187.98,4193.63,4186.39,4191.91,92.4771
1790895600000,PENDLE/USD,2.382,2.383,2.371,2.374,29078.6
1790895600000,PENGU/USD,0.009456,0.009465,0.009385,0.009452,79015152.0
1790895600000,PEPE/USD,4.42e-06,4.46e-06,4.41e-06,4.43e-06,107601332812.0
1790895600000,POL/USD,0.10763,0.10794,0.10712,0.10778,893825.1
1790895600000,S/USD,0.03841,0.03874,0.03827,0.0387,1386437.5
1790895600000,SEI/USD,0.07064,0.07064,0.07024,0.07049,1793351.4
1790895600000,SHIB/USD,5.77e-06,5.8e-06,5.76e-06,5.79e-06,8602220756.0
1790895600000,SOL/USD,118.32,118.49,118.13,118.41,37509.561
1790895600000,STO/USD,0.0429,0.0432,0.0429,0.0432,146551.3
1790895600000,SUI/USD,1.1771,1.1782,1.1678,1.1773,1090925.3
1790895600000,TAO/USD,302.4,303.6,301.4,303.4,1314.7652
1790895600000,TRUMP/USD,2.056,2.064,2.05,2.06,138013.15
1790895600000,TRX/USD,0.3351,0.3351,0.3348,0.3348,2503121.9
1790895600000,TUT/USD,0.02534,0.0254,0.02502,0.0252,5305500.0
1790895600000,UNI/USD,9.054,9.054,8.941,8.983,178284.08
1790895600000,VIRTUAL/USD,0.7838,0.7848,0.7795,0.7833,101573.7
1790895600000,WIF/USD,0.2474,0.2496,0.2463,0.2494,88421.25
1790895600000,WLD/USD,0.5003,0.508,0.4986,0.5062,3460832.3
1790895600000,XLM/USD,0.2193,0.2195,0.2184,0.2191,1157209.0
1790895600000,XRP/USD,1.494,1.4952,1.4903,1.4939,1356152.4
1790895600000,ZEC/USD,1335.2,1344.56,1332.46,1335.56,5771.786
1790895600000,ZEN/USD,7.1,7.103,7.07,7.098,5010.44
1790899200000,1000CHEEMS/USD,0.000539,0.000544,0.000538,0.000541,22460226.0
1790899200000,AAVE/USD,171.44,174.96,170.77,172.8,12701.483
1790899200000,ADA/USD,0.2463,0.247,0.2455,0.2461,3407676.9
1790899200000,APT/USD,0.776,0.7822,0.7752,0.7806,178396.03
1790899200000,ARB/USD,0.1998,0.2015,0.1998,0.2004,868468.8
1790899200000,AVAX/USD,10.989,11.019,10.928,10.944,79344.19
1790899200000,BNB/USD,771.75,772.82,770.78,771.68,2427.841
1790899200000,BONK/USD,3.75e-06,3.79e-06,3.75e-06,3.78e-06,15284157261.0
1790899200000,BTC/USD,84880.05,84958.48,84705.04,84784.89,801.38264
1790899200000,CAKE/USD,2.566,2.57,2.559,2.565,52026.88
1790899200000,CFX/USD,0.05364,0.0538,0.05336,0.05336,648090.0
1790899200000,CRV/USD,0.3742,0.3791,0.3736,0.3758,276928.4
1790899200000,DOGE/USD,0.09436,0.09452,0.09402,0.09407,9257882.0
1790899200000,DOT/USD,1.177,1.183,1.174,1.178,275664.32
1790899200000,EIGEN/USD,0.2467,0.2503,0.2464,0.2484,466924.23
1790899200000,ENA/USD,0.2433,0.2435,0.2416,0.2421,3374935.58
1790899200000,ETH/USD,2706.43,2709.4,2701.35,2708.38,3868.7533
1790899200000,FET/USD,0.2303,0.2342,0.2302,0.2316,2481274.9
1790899200000,FIL/USD,1.0203,1.0241,1.0147,1.0151,213676.35
1790899200000,FLOKI/USD,2.78e-05,2.792e-05,2.774e-05,2.774e-05,2035416259.0
1790899200000,HBAR/USD,0.10263,0.10298,0.10212,0.1022,5486893.0
1790899200000,ICP/USD,3.289,3.306,3.273,3.282,102577.87
1790899200000,LINK/USD,14.385,14.389,14.245,14.266,114407.6
1790899200000,LISTA/USD,0.0859,0.0861,0.0853,0.0853,95630.2
1790899200000,LTC/USD,68.12,69.2,68.04,69.08,29774.177
1790899200000,NEAR/USD,4.809,4.85,4.797,4.828,1098887.3
1790899200000,ONDO/USD,0.4972,0.4998,0.4929,0.4932,974685.2
1790899200000,PAXG/USD,4191.91,4191.95,4165.56,4165.56,88.7492
1790899200000,PENDLE/USD,2.375,2.392,2.375,2.379,14160.9
1790899200000,PENGU/USD,0.009452,0.009533,0.009435,0.009456,26556287.0
1790899200000,PEPE/USD,4.44e-06,4.46e-06,4.41e-06,4.42e-06,140179946733.0
1790899200000,POL/USD,0.10776,0.10802,0.10726,0.10758,1850281.1
1790899200000,S/USD,0.03868,0.03899,0.03859,0.03873,553573.5
1790899200000,SEI/USD,0.07048,0.07087,0.07024,0.07026,1987170.9
1790899200000,SHIB/USD,5.8e-06,5.81e-06,5.78e-06,5.79e-06,21791113179.0
1790899200000,SOL/USD,118.41,119.14,118.28,118.9,62845.566
1790899200000,STO/USD,0.0431,0.0433,0.0431,0.0431,260585.7
1790899200000,SUI/USD,1.1772,1.1891,1.1747,1.1754,1688773.5
1790899200000,TAO/USD,303.3,305.6,302.4,303.2,3040.9481
1790899200000,TRUMP/USD,2.059,2.075,2.055,2.057,216100.437
1790899200000,TRX/USD,0.3348,0.3349,0.3343,0.3343,2924048.0
1790899200000,TUT/USD,0.02517,0.02547,0.02516,0.02527,3415297.0
1790899200000,UNI/USD,8.984,9.014,8.963,8.972,124675.6
1790899200000,VIRTUAL/USD,0.7832,0.7895,0.7804,0.7809,155342.7
1790899200000,WIF/USD,0.2493,0.2523,0.2489,0.2505,288230.67
1790899200000,WLD/USD,0.5061,0.5103,0.5043,0.5059,2757449.9
1790899200000,XLM/USD,0.2191,0.2198,0.2181,0.2183,2808571.0
1790899200000,XRP/USD,1.494,1.4989,1.4921,1.495,2933744.5
1790899200000,ZEC/USD,1335.56,1345.0,1333.21,1340.91,3142.765
1790899200000,ZEN/USD,7.094,7.13,7.069,7.114,9685.95
1790902800000,1000CHEEMS/USD,0.000541,0.000545,0.000537,0.000543,26945137.0
1790902800000,AAVE/USD,172.81,178.11,171.55,176.21,26125.115
1790902800000,ADA/USD,0.2462,0.2469,0.244,0.2462,4470600.8
1790902800000,APT/USD,0.7806,0.7864,0.7742,0.7846,162776.79
1790902800000,ARB/USD,0.2004,0.2024,0.1991,0.202,2078595.4
1790902800000,AVAX/USD,10.945,10.945,10.853,10.914,127478.36
1790902800000,BNB/USD,771.68,772.63,768.3,771.78,2516.933
1790902800000,BONK/USD,3.77e-06,3.79e-06,3.74e-06,3.79e-06,9501276063.0
1790902800000,BTC/USD,84784.89,84986.39,84520.0,84910.0,372.71637
1790902800000,CAKE/USD,2.565,2.573,2.551,2.572,25542.44
1790902800000,CFX/USD,0.05335,0.05365,0.0531,0.05356,553832.0
1790902800000,CRV/USD,0.3758,0.3785,0.373,0.3778,458346.2
1790902800000,DOGE/USD,0.09406,0.0941,0.09316,0.09386,50318973.0
1790902800000,DOT/USD,1.178,1.184,1.171,1.181,232850.76
1790902800000,EIGEN/USD,0.2484,0.2503,0.2466,0.249,352477.4
1790902800000,ENA/USD,0.2421,0.2422,0.2391,0.241,6336058.87
1790902800000,ETH/USD,2708.37,2719.09,2696.56,2716.03,5890.7617
1790902800000,FET/USD,0.2315,0.2346,0.2298,0.234,3034116.5
1790902800000,FIL/USD,1.0153,1.0188,1.0088,1.0174,201315.93
1790902800000,FLOKI/USD,2.775e-05,2.787e-05,2.754e-05,2.778e-05,736709382.0
1790902800000,HBAR/USD,0.1022,0.10283,0.10179,0.1026,4786587.0
1790902800000,ICP/USD,3.282,3.31,3.28,3.296,145244.43
1790902800000,LINK/USD,14.267,14.312,14.164,14.281,137351.07
1790902800000,LISTA/USD,0.0852,0.0861,0.0849,0.0861,75579.4
1790902800000,LTC/USD,69.07,69.42,68.59,68.77,26240.077
1790902800000,NEAR/USD,4.828,4.915,4.809,4.882,1271577.6
1790902800000,ONDO/USD,0.4931,0.4951,0.4896,0.4928,820692.4
1790902800000,PAXG/USD,4165.56,4166.14,4148.0,4163.29,196.8573
1790902800000,PENDLE/USD,2.378,2.388,2.361,2.382,28198.9
1790902800000,PENGU/USD,0.009455,0.009512,0.009377,0.009485,25041454.0
1790902800000,PEPE/USD,4.41e-06,4.44e-06,4.38e-06,4.43e-06,127950563765.0
1790902800000,POL/USD,0.10759,0.10861,0.10707,0.10833,1369889.7
1790902800000,S/USD,0.03871,0.03874,0.03839,0.03859,586279.5
1790902800000,SEI/USD,0.07026,0.07089,0.0696,0.0705,8588909.3
1790902800000,SHIB/USD,5.79e-06,5.79e-06,5.74e-06,5.78e-06,16578208841.0
1790902800000,SOL/USD,118.89,119.79,118.37,119.51,66462.444
1790902800000,STO/USD,0.0431,0.0436,0.0431,0.0434,661434.0
1790902800000,SUI/USD,1.1754,1.185,1.163,1.1827,2049682.5
1790902800000,TAO/USD,303.2,305.0,300.8,304.2,3406.9368
1790902800000,TRUMP/USD,2.056,2.06,2.04,2.056,212250.816
1790902800000,TRX/USD,0.3343,0.3346,0.3342,0.3345,896071.9
1790902800000,TUT/USD,0.02527,0.02553,0.02521,0.02539,4409065.0
1790902800000,UNI/USD,8.97,9.002,8.867,8.984,247294.67
1790902800000,VIRTUAL/USD,0.7809,0.7856,0.7747,0.784,328604.9
1790902800000,WIF/USD,0.2505,0.254,0.2504,0.2527,351282.88
1790902800000,WLD/USD,0.5058,0.5126,0.5009,0.5098,2915427.3
1790902800000,XLM/USD,0.2182,0.2194,0.2166,0.2191,3405677.0
1790902800000,XRP/USD,1.495,1.498,1.4859,1.4966,6606762.5
1790902800000,ZEC/USD,1340.9,1340.9,1317.22,1334.76,15401.728
1790902800000,ZEN/USD,7.11,7.15,7.057,7.122,9699.28
1790906400000,1000CHEEMS/USD,0.000544,0.000547,0.000543,0.000545,29957499.0
1790906400000,AAVE/USD,176.22,176.39,174.5,175.05,6621.21
1790906400000,ADA/USD,0.2463,0.2495,0.2462,0.2493,5378301.9
1790906400000,APT/USD,0.7848,0.8056,0.7845,0.8,868847.35
1790906400000,ARB/USD,0.2021,0.2034,0.2012,0.2031,1885487.1
1790906400000,AVAX/USD,10.914,11.044,10.907,11.024,195882.96
1790906400000,BNB/USD,771.79,774.35,771.21,774.35,3435.173
1790906400000,BONK/USD,3.78e-06,3.82e-06,3.78e-06,3.81e-06,17474034714.0
1790906400000,BTC/USD,84910.01,85189.97,84866.51,85188.0,641.82776
1790906400000,CAKE/USD,2.571,2.596,2.57,2.595,31204.23
1790906400000,CFX/USD,0.05354,0.05394,0.0535,0.05381,916266.0
1790906400000,CRV/USD,0.3779,0.3815,0.3776,0.3791,498561.0
1790906400000,DOGE/USD,0.09386,0.09434,0.09363,0.09431,20044292.0
1790906400000,DOT/USD,1.181,1.199,1.181,1.198,560293.2
1790906400000,EIGEN/USD,0.2489,0.2515,0.2489,0.2504,508582.33
1790906400000,ENA/USD,0.2411,0.2437,0.2407,0.2434,7067039.38
1790906400000,ETH/USD,2716.03,2723.0,2708.95,2721.04,10481.9869
1790906400000,FET/USD,0.234,0.2392,0.2338,0.2387,3320854.1
1790906400000,FIL/USD,1.0175,1.0248,1.0168,1.0235,457166.77
1790906400000,FLOKI/USD,2.779e-05,2.803e-05,2.777e-05,2.797e-05,2041434042.0
1790906400000,HBAR/USD,0.10261,0.10419,0.10249,0.10399,5797291.0
1790906400000,ICP/USD,3.296,3.314,3.285,3.298,62203.78
1790906400000,LINK/USD,14.282,14.477,14.267,14.467,94783.15
1790906400000,LISTA/USD,0.086,0.0871,0.086,0.0871,67939.5
1790906400000,LTC/USD,68.76,69.04,68.74,69.0,9964.914
1790906400000,NEAR/USD,4.881,4.979,4.878,4.971,1603384.9
1790906400000,ONDO/USD,0.4929,0.4991,0.4917,0.4991,1178739.9
1790906400000,PAXG/USD,4163.59,4177.0,4160.33,4177.0,48.9637
1790906400000,PENDLE/USD,2.383,2.421,2.382,2.419,72710.2
1790906400000,PENGU/USD,0.009486,0.009589,0.009473,0.009573,48171358.0
1790906400000,PEPE/USD,4.43e-06,4.46e-06,4.41e-06,4.44e-06,152812284181.0
1790906400000,POL/USD,0.10833,0.10937,0.10827,0.10921,1852984.3
1790906400000,S/USD,0.03862,0.03899,0.0386,0.03884,552004.9
1790906400000,SEI/USD,0.0705,0.0714,0.07048,0.07133,3136816.3
1790906400000,SHIB/USD,5.78e-06,5.82e-06,5.77e-06,5.8e-06,21787539895.0
1790906400000,SOL/USD,119.51,120.4,119.37,120.07,113710.0
1790906400000,STO/USD,0.0433,0.0435,0.0431,0.0435,575405.3
1790906400000,SUI/USD,1.1827,1.1922,1.1768,1.1872,2791799.4
1790906400000,TAO/USD,304.4,307.9,303.6,307.7,3066.5277
1790906400000,TRUMP/USD,2.056,2.074,2.054,2.071,193443.254
1790906400000,TRX/USD,0.3345,0.3347,0.3344,0.3346,1376475.9
1790906400000,TUT/USD,0.02541,0.02551,0.02523,0.02528,1953982.0
1790906400000,UNI/USD,8.983,9.053,8.948,9.044,104227.76
1790906400000,VIRTUAL/USD,0.7841,0.792,0.7822,0.792,277366.4
1790906400000,WIF/USD,0.2527,0.2563,0.2526,0.2553,521471.0
1790906400000,WLD/USD,0.5099,0.5148,0.5083,0.5127,1929005.8
1790906400000,XLM/USD,0.2192,0.2206,0.2188,0.2206,2570539.0
1790906400000,XRP/USD,1.4966,1.5036,1.4952,1.5024,4702966.5
1790906400000,ZEC/USD,1335.23,1344.0,1326.95,1338.77,5232.893
1790906400000,ZEN/USD,7.127,7.17,7.101,7.133,12931.22
1790910000000,1000CHEEMS/USD,0.000546,0.000547,0.000543,0.000545,27221478.0
1790910000000,AAVE/USD,175.05,177.04,173.7,176.69,14101.061
1790910000000,ADA/USD,0.2492,0.2506,0.248,0.2499,6793208.7
1790910000000,APT/USD,0.7998,0.8058,0.7955,0.7992,340456.06
1790910000000,ARB/USD,0.2031,0.204,0.2019,0.203,1579699.8
1790910000000,AVAX/USD,11.024,11.073,10.957,11.007,142869.24
1790910000000,BNB/USD,774.35,776.32,773.47,775.91,4566.019
1790910000000,BONK/USD,3.81e-06,3.82e-06,3.77e-06,3.81e-06,23326875154.0
1790910000000,BTC/USD,85187.99,85569.0,85187.99,85512.9,779.56243
1790910000000,CAKE/USD,2.596,2.619,2.595,2.617,72224.28
1790910000000,CFX/USD,0.05381,0.05402,0.05354,0.05362,488813.0
1790910000000,CRV/USD,0.3791,0.3808,0.3757,0.3759,495881.2
1790910000000,DOGE/USD,0.09431,0.09488,0.09419,0.09481,26391626.0
1790910000000,DOT/USD,1.198,1.207,1.191,1.195,455644.66
1790910000000,EIGEN/USD,0.2503,0.2527,0.2485,0.2493,772755.66
1790910000000,ENA/USD,0.2434,0.245,0.2398,0.2417,9319032.38
1790910000000,ETH/USD,2721.05,2728.0,2714.6,2719.65,16633.8055
1790910000000,FET/USD,0.2387,0.2396,0.2356,0.2378,2043963.2
1790910000000,FIL/USD,1.0236,1.0279,1.0162,1.0203,312100.59
1790910000000,FLOKI/USD,2.799e-05,2.808e-05,2.789e-05,2.804e-05,1334769382.0
1790910000000,HBAR/USD,0.10398,0.10445,0.10337,0.10371,5642103.0
1790910000000,ICP/USD,3.298,3.309,3.258,3.263,89242.91
1790910000000,LINK/USD,14.466,14.509,14.36,14.451,76677.08
1790910000000,LISTA/USD,0.0869,0.0877,0.0868,0.0873,129080.9
1790910000000,LTC/USD,69.0,69.16,68.59,68.84,7974.531
1790910000000,NEAR/USD,4.971,5.035,4.841,4.923,2643078.8
1790910000000,ONDO/USD,0.4991,0.5002,0.4943,0.4984,1051113.9
1790910000000,PAXG/USD,4177.05,4186.53,4177.05,4186.52,104.976
1790910000000,PENDLE/USD,2.418,2.43,2.402,2.408,40103.7
1790910000000,PENGU/USD,0.009573,0.009625,0.009465,0.009581,45356511.0
1790910000000,PEPE/USD,4.44e-06,4.5e-06,4.43e-06,4.47e-06,511019493120.0
1790910000000,POL/USD,0.10922,0.10971,0.10865,0.10895,1579943.3
1790910000000,S/USD,0.03883,0.03898,0.03857,0.03868,949975.9
1790910000000,SEI/USD,0.07134,0.07152,0.07058,0.07081,2665868.3
1790910000000,SHIB/USD,5.8e-06,5.82e-06,5.78e-06,5.8e-06,40880151419.0
1790910000000,SOL/USD,120.08,121.29,119.91,121.24,169647.193
1790910000000,STO/USD,0.0435,0.0436,0.0433,0.0434,901598.6
1790910000000,SUI/USD,1.1873,1.1957,1.1767,1.1852,2734897.9
1790910000000,TAO/USD,307.6,308.6,305.2,307.2,4581.3256
1790910000000,TRUMP/USD,2.071,2.079,2.058,2.068,247506.782
1790910000000,TRX/USD,0.3345,0.3347,0.3344,0.3345,1439186.9
1790910000000,TUT/USD,0.02527,0.02538,0.02503,0.0251,2398513.0
1790910000000,UNI/USD,9.045,9.096,8.982,9.058,182917.62
1790910000000,VIRTUAL/USD,0.792,0.7953,0.7863,0.7921,190271.7
1790910000000,WIF/USD,0.2553,0.2575,0.2543,0.2574,394834.54
1790910000000,WLD/USD,0.5128,0.5159,0.5088,0.5122,1867991.5
1790910000000,XLM/USD,0.2206,0.2212,0.2191,0.2204,2580658.0
1790910000000,XRP/USD,1.5023,1.5099,1.5008,1.5087,5199581.8
1790910000000,ZEC/USD,1338.83,1346.82,1327.13,1336.91,5049.93
1790910000000,ZEN/USD,7.134,7.167,7.086,7.128,13403.59
1790913600000,1000CHEEMS/USD,0.000545,0.00055,0.000543,0.000548,31447159.0
1790913600000,AAVE/USD,176.7,187.37,176.21,186.4,29095.647
1790913600000,ADA/USD,0.2499,0.2565,0.2486,0.2564,18677982.0
1790913600000,APT/USD,0.7992,0.8436,0.7945,0.8328,1032759.46
1790913600000,ARB/USD,0.2032,0.209,0.2022,0.2083,7194341.2
1790913600000,AVAX/USD,11.007,11.205,10.991,11.184,352282.04
1790913600000,BNB/USD,775.92,783.29,774.64,781.95,12167.246
1790913600000,BONK/USD,3.81e-06,3.93e-06,3.8e-06,3.91e-06,80354108263.0
1790913600000,BTC/USD,85512.89,86912.75,85453.36,86652.12,2677.54548
1790913600000,CAKE/USD,2.618,2.653,2.614,2.639,227565.03
1790913600000,CFX/USD,0.05367,0.0546,0.05345,0.05452,1715181.0
1790913600000,CRV/USD,0.3761,0.3842,0.3756,0.3805,917434.3
1790913600000,DOGE/USD,0.09481,0.09706,0.09469,0.09677,92281605.0
1790913600000,DOT/USD,1.196,1.242,1.194,1.234,1168007.88
1790913600000,EIGEN/USD,0.2495,0.2558,0.248,0.2551,855730.55
1790913600000,ENA/USD,0.2417,0.249,0.24,0.2476,21822617.96
1790913600000,ETH/USD,2719.65,2748.0,2714.39,2742.76,28262.0914
1790913600000,FET/USD,0.2379,0.2417,0.2369,0.2408,4356478.6
1790913600000,FIL/USD,1.0204,1.0451,1.0168,1.0423,947862.56
1790913600000,FLOKI/USD,2.803e-05,2.867e-05,2.794e-05,2.859e-05,7869915435.0
1790913600000,HBAR/USD,0.10372,0.1055,0.10327,0.10532,11225300.0
1790913600000,ICP/USD,3.264,3.314,3.255,3.311,89973.35
1790913600000,LINK/USD,14.451,14.652,14.384,14.64,176359.09
1790913600000,LISTA/USD,0.0873,0.0881,0.0868,0.0876,145419.5
1790913600000,LTC/USD,68.84,69.98,68.66,69.78,18099.512
1790913600000,NEAR/USD,4.923,5.066,4.884,5.047,2202003.9
1790913600000,ONDO/USD,0.4984,0.5086,0.4964,0.5071,2774111.0
1790913600000,PAXG/USD,4186.27,4198.5,4185.85,4193.08,130.5112
1790913600000,PENDLE/USD,2.408,2.453,2.398,2.447,167050.8
1790913600000,PENGU/USD,0.009581,0.009993,0.009578,0.00995,320866399.0
1790913600000,PEPE/USD,4.48e-06,4.75e-06,4.46e-06,4.68e-06,1361876876914.0
1790913600000,POL/USD,0.10896,0.11092,0.10881,0.11064,2196688.6
1790913600000,S/USD,0.03869,0.03949,0.03857,0.0394,1653539.5
1790913600000,SEI/USD,0.07082,0.07201,0.07045,0.07201,8098375.4
1790913600000,SHIB/USD,5.81e-06,5.93e-06,5.79e-06,5.91e-06,81653363358.0
1790913600000,SOL/USD,121.24,123.7,120.69,123.49,452709.642
1790913600000,STO/USD,0.0434,0.0436,0.0433,0.0436,497464.3
1790913600000,SUI/USD,1.1852,1.2186,1.1764,1.2078,7588121.1
1790913600000,TAO/USD,307.3,313.3,305.1,312.6,11914.1609
1790913600000,TRUMP/USD,2.068,2.108,2.06,2.105,885455.739
1790913600000,TRX/USD,0.3346,0.3355,0.3344,0.3353,5069231.4
1790913600000,TUT/USD,0.02511,0.02534,0.02501,0.0253,2204294.0
1790913600000,UNI/USD,9.058,9.319,9.029,9.291,630119.42
1790913600000,VIRTUAL/USD,0.7926,0.816,0.7895,0.8157,706382.0
1790913600000,WIF/USD,0.2574,0.2693,0.2568,0.2674,1817007.73
1790913600000,WLD/USD,0.5123,0.5303,0.5111,0.5262,5490735.0
1790913600000,XLM/USD,0.2205,0.2243,0.2199,0.2239,4946058.0
1790913600000,XRP/USD,1.5088,1.5337,1.5045,1.5304,15985549.5
1790913600000,ZEC/USD,1336.92,1399.45,1329.31,1398.12,18149.415
1790913600000,ZEN/USD,7.129,7.302,7.096,7.291,33750.07
1790917200000,1000CHEEMS/USD,0.000549,0.000549,0.000544,0.000544,29894803.0
1790917200000,AAVE/USD,186.39,187.5,180.71,181.47,20160.529
1790917200000,ADA/USD,0.2564,0.2573,0.2515,0.2535,12876425.8
1790917200000,APT/USD,0.8328,0.8414,0.8178,0.8239,1387274.01
1790917200000,ARB/USD,0.2082,0.2082,0.2041,0.2048,3922661.1
1790917200000,AVAX/USD,11.184,11.2,11.045,11.073,229318.6
1790917200000,BNB/USD,781.95,782.05,775.8,777.24,6401.955
1790917200000,BONK/USD,3.92e-06,3.97e-06,3.85e-06,3.89e-06,136839602227.0
1790917200000,BTC/USD,86652.12,86670.36,85893.27,86002.01,880.04033
1790917200000,CAKE/USD,2.638,2.641,2.608,2.614,61004.52
1790917200000,CFX/USD,0.0545,0.05468,0.05416,0.05425,1443152.0
1790917200000,CRV/USD,0.3804,0.3808,0.377,0.3805,484121.9
1790917200000,DOGE/USD,0.09677,0.09681,0.09552,0.09584,47715502.0
1790917200000,DOT/USD,1.234,1.236,1.213,1.217,620306.5
1790917200000,EIGEN/USD,0.255,0.2551,0.2511,0.2518,445324.5
1790917200000,ENA/USD,0.2476,0.2498,0.2467,0.2472,11874647.62
1790917200000,ETH/USD,2742.76,2742.76,2712.57,2720.65,19724.5652
1790917200000,FET/USD,0.2407,0.2409,0.2348,0.2354,4085372.3
1790917200000,FIL/USD,1.042,1.0422,1.0315,1.0335,337077.09
1790917200000,FLOKI/USD,2.859e-05,2.859e-05,2.818e-05,2.824e-05,4202330205.0
1790917200000,HBAR/USD,0.10531,0.10538,0.10395,0.10425,5228216.0
1790917200000,ICP/USD,3.311,3.313,3.292,3.302,77211.53
1790917200000,LINK/USD,14.64,14.642,14.416,14.452,162487.38
1790917200000,LISTA/USD,0.0876,0.0876,0.0865,0.0865,77264.5
1790917200000,LTC/USD,69.76,70.45,69.6,70.08,27878.671
1790917200000,NEAR/USD,5.046,5.046,4.93,4.988,1459981.4
1790917200000,ONDO/USD,0.507,0.5098,0.5011,0.5055,4992275.7
1790917200000,PAXG/USD,4193.44,4198.93,4189.35,4193.26,72.2967
1790917200000,PENDLE/USD,2.446,2.451,2.419,2.428,41056.1
1790917200000,PENGU/USD,0.009951,0.009962,0.009839,0.009889,108390690.0
1790917200000,PEPE/USD,4.67e-06,4.68e-06,4.55e-06,4.57e-06,756051279802.0
1790917200000,POL/USD,0.11064,0.11064,0.10955,0.10977,1242792.2
1790917200000,S/USD,0.03939,0.03957,0.0389,0.03896,771982.7
1790917200000,SEI/USD,0.072,0.07211,0.07123,0.07144,5307521.4
1790917200000,SHIB/USD,5.91e-06,5.91e-06,5.83e-06,5.87e-06,35607015426.0
1790917200000,SOL/USD,123.49,123.76,121.68,121.9,243711.526
1790917200000,STO/USD,0.0436,0.0436,0.0432,0.0434,321509.7
1790917200000,SUI/USD,1.2077,1.2083,1.181,1.1835,3818708.5
1790917200000,TAO/USD,312.5,312.5,307.9,309.0,5862.1968
1790917200000,TRUMP/USD,2.104,2.104,2.083,2.093,426295.113
1790917200000,TRX/USD,0.3353,0.3353,0.334,0.3343,7000024.7
1790917200000,TUT/USD,0.02528,0.02536,0.02488,0.02506,5092168.0
1790917200000,UNI/USD,9.29,9.314,9.119,9.144,350689.95
1790917200000,VIRTUAL/USD,0.8154,0.8169,0.8003,0.8061,523589.2
1790917200000,WIF/USD,0.2673,0.2677,0.2628,0.2653,880711.61
1790917200000,WLD/USD,0.5261,0.528,0.5205,0.5246,3907171.6
1790917200000,XLM/USD,0.2238,0.2239,0.2216,0.2221,2608523.0
1790917200000,XRP/USD,1.5303,1.5304,1.5116,1.5169,7071141.8
1790917200000,ZEC/USD,1398.02,1398.16,1374.73,1381.65,13035.276
1790917200000,ZEN/USD,7.288,7.288,7.19,7.238,19935.67
1790920800000,1000CHEEMS/USD,0.000545,0.000547,0.000543,0.000544,17483802.0
1790920800000,AAVE/USD,181.5,185.89,181.15,184.65,10695.314
1790920800000,ADA/USD,0.2535,0.2562,0.253,0.2545,9226545.0
1790920800000,APT/USD,0.8239,0.8278,0.8202,0.8229,537361.47
1790920800000,ARB/USD,0.2048,0.2069,0.2044,0.205,3174432.7
1790920800000,AVAX/USD,11.073,11.124,11.06,11.097,149599.92
1790920800000,BNB/USD,777.24,778.86,776.99,777.44,4940.444
1790920800000,BONK/USD,3.89e-06,3.94e-06,3.88e-06,3.92e-06,36338525826.0
1790920800000,BTC/USD,86002.01,86098.62,85875.32,85992.95,827.15501
1790920800000,CAKE/USD,2.613,2.623,2.611,2.615,36885.52
1790920800000,CFX/USD,0.05426,0.05465,0.05422,0.0545,804274.0
1790920800000,CRV/USD,0.3803,0.3813,0.3784,0.3788,385368.6
1790920800000,DOGE/USD,0.09584,0.09629,0.09574,0.0959,25751131.0
1790920800000,DOT/USD,1.217,1.224,1.212,1.22,253941.35
1790920800000,EIGEN/USD,0.2517,0.2552,0.2512,0.2533,657244.06
1790920800000,ENA/USD,0.2473,0.2484,0.2466,0.2469,6919725.92
1790920800000,ETH/USD,2720.65,2733.45,2720.0,2729.42,11567.6756
1790920800000,FET/USD,0.2354,0.2379,0.2353,0.2361,2706041.8
1790920800000,FIL/USD,1.0337,1.0398,1.032,1.0347,434369.86
1790920800000,FLOKI/USD,2.823e-05,2.839e-05,2.818e-05,2.822e-05,1582261021.0
1790920800000,HBAR/USD,0.10426,0.10457,0.10406,0.10428,4813554.0
1790920800000,ICP/USD,3.302,3.315,3.291,3.293,84074.11
1790920800000,LINK/USD,14.452,14.501,14.392,14.409,159873.67
1790920800000,LISTA/USD,0.0864,0.0869,0.0864,0.0865,60350.9
1790920800000,LTC/USD,70.09,70.28,69.85,69.99,22522.184
1790920800000,NEAR/USD,4.989,5.049,4.972,5.006,1350372.2
1790920800000,ONDO/USD,0.5056,0.5121,0.5041,0.5051,4729928.1
1790920800000,PAXG/USD,4193.92,4201.83,4185.15,4188.32,82.0879
1790920800000,PENDLE/USD,2.428,2.474,2.427,2.471,84240.3
1790920800000,PENGU/USD,0.009885,0.00998,0.009866,0.009929,77409440.0
1790920800000,PEPE/USD,4.57e-06,4.61e-06,4.55e-06,4.55e-06,166536081053.0
1790920800000,POL/USD,0.10979,0.11041,0.10966,0.11006,982647.2
1790920800000,S/USD,0.03898,0.03918,0.03889,0.03894,1019294.7
1790920800000,SEI/USD,0.07144,0.07191,0.07138,0.07144,3685048.9
1790920800000,SHIB/USD,5.87e-06,5.92e-06,5.86e-06,5.9e-06,28950758271.0
1790920800000,SOL/USD,121.9,122.11,121.49,121.76,127857.458
1790920800000,STO/USD,0.0433,0.0434,0.0432,0.0432,109955.2
1790920800000,SUI/USD,1.1835,1.1926,1.1817,1.1848,2117778.3
1790920800000,TAO/USD,309.0,310.8,308.5,309.5,3761.9613
1790920800000,TRUMP/USD,2.093,2.105,2.088,2.095,316476.37
1790920800000,TRX/USD,0.3342,0.3345,0.3341,0.3342,1547053.6
1790920800000,TUT/USD,0.02505,0.02515,0.0249,0.0249,2049803.0
1790920800000,UNI/USD,9.145,9.227,9.138,9.15,164344.41
1790920800000,VIRTUAL/USD,0.806,0.8167,0.8042,0.8112,511329.1
1790920800000,WIF/USD,0.2652,0.2679,0.2604,0.2607,1392990.51
1790920800000,WLD/USD,0.5246,0.5451,0.5232,0.5338,12215667.8
1790920800000,XLM/USD,0.2221,0.2233,0.2219,0.2221,2156534.0
1790920800000,XRP/USD,1.517,1.5279,1.5152,1.5231,5859883.9
1790920800000,ZEC/USD,1381.56,1389.58,1377.81,1379.76,4763.202
1790920800000,ZEN/USD,7.241,7.259,7.215,7.243,13329.76
1790924400000,1000CHEEMS/USD,0.000544,0.000546,0.000542,0.000545,30340756.0
1790924400000,AAVE/USD,184.62,185.9,183.22,183.91,17080.865
1790924400000,ADA/USD,0.2546,0.2558,0.2528,0.2555,8071583.0
1790924400000,APT/USD,0.8229,0.8303,0.8186,0.8294,631217.39
1790924400000,ARB/USD,0.205,0.2057,0.203,0.2052,3590968.8
1790924400000,AVAX/USD,11.097,11.112,10.997,11.093,175756.03
1790924400000,BNB/USD,777.44,777.89,774.76,776.31,6368.172
1790924400000,BONK/USD,3.91e-06,3.95e-06,3.87e-06,3.93e-06,58463097814.0
1790924400000,BTC/USD,85992.96,86163.5,85767.45,86089.65,1220.73978
1790924400000,CAKE/USD,2.615,2.618,2.597,2.606,47694.13
1790924400000,CFX/USD,0.05449,0.05519,0.05444,0.05513,1933588.0
1790924400000,CRV/USD,0.3789,0.382,0.3782,0.3818,472364.1
1790924400000,DOGE/USD,0.09589,0.0966,0.09542,0.09647,30655129.0
1790924400000,DOT/USD,1.22,1.23,1.215,1.227,430705.72
1790924400000,EIGEN/USD,0.2534,0.2576,0.2514,0.2571,803142.07
1790924400000,ENA/USD,0.247,0.2496,0.244,0.2495,11937082.54
1790924400000,ETH/USD,2729.42,2740.96,2723.69,2737.29,16811.1013
1790924400000,FET/USD,0.2361,0.238,0.2344,0.2377,2253027.4
1790924400000,FIL/USD,1.0347,1.0409,1.0315,1.0376,555605.04
1790924400000,FLOKI/USD,2.822e-05,2.845e-05,2.809e-05,2.84e-05,3083381036.0
1790924400000,HBAR/USD,0.1043,0.10486,0.10341,0.10463,9273831.0
1790924400000,ICP/USD,3.293,3.32,3.273,3.311,148710.53
1790924400000,LINK/USD,14.408,14.438,14.259,14.37,168002.22
1790924400000,LISTA/USD,0.0864,0.0872,0.0861,0.0872,319285.3
1790924400000,LTC/USD,70.0,70.34,69.7,70.23,18582.266
1790924400000,NEAR/USD,5.006,5.02,4.925,4.971,848729.1
1790924400000,ONDO/USD,0.5051,0.506,0.5002,0.5057,1884521.3
1790924400000,PAXG/USD,4188.31,4195.87,4183.97,4188.79,528.1009
1790924400000,PENDLE/USD,2.47,2.473,2.452,2.471,49942.0
1790924400000,PENGU/USD,0.009933,0.009985,0.009838,0.009969,68601727.0
1790924400000,PEPE/USD,4.56e-06,4.57e-06,4.49e-06,4.54e-06,465448040839.0
1790924400000,POL/USD,0.11006,0.11103,0.10968,0.11087,1555690.4
1790924400000,S/USD,0.03894,0.0392,0.03876,0.0391,1251064.7
1790924400000,SEI/USD,0.07142,0.0715,0.07088,0.07134,3051946.4
1790924400000,SHIB/USD,5.9e-06,5.95e-06,5.88e-06,5.94e-06,42108798827.0
1790924400000,SOL/USD,121.76,121.88,121.04,121.72,85966.414
1790924400000,STO/USD,0.0432,0.0432,0.0429,0.0431,416917.5
1790924400000,SUI/USD,1.1847,1.1868,1.1723,1.1844,2975102.6
1790924400000,TAO/USD,309.6,310.9,306.7,310.4,5089.5703
1790924400000,TRUMP/USD,2.095,2.11,2.087,2.105,878299.142
1790924400000,TRX/USD,0.3343,0.3347,0.3341,0.3346,2406004.9
1790924400000,TUT/USD,0.02491,0.02493,0.02435,0.02472,11005503.0
1790924400000,UNI/USD,9.149,9.158,9.05,9.105,194002.9
1790924400000,VIRTUAL/USD,0.811,0.8238,0.8074,0.823,649588.6
1790924400000,WIF/USD,0.2607,0.2618,0.2562,0.2585,1129857.56
1790924400000,WLD/USD,0.5337,0.5371,0.5283,0.5352,4735969.7
1790924400000,XLM/USD,0.2221,0.2236,0.2215,0.2232,2994110.0
1790924400000,XRP/USD,1.5231,1.5344,1.5195,1.5319,5677603.7
1790924400000,ZEC/USD,1379.74,1386.94,1371.97,1386.12,4143.85
1790924400000,ZEN/USD,7.24,7.295,7.183,7.287,17512.39
1790928000000,1000CHEEMS/USD,0.000545,0.000551,0.000545,0.000547,30111654.0
1790928000000,AAVE/USD,183.92,184.64,181.0,181.43,10557.618
1790928000000,ADA/USD,0.2555,0.2573,0.2543,0.2546,11124019.4
1790928000000,APT/USD,0.8294,0.841,0.8275,0.8328,770964.87
1790928000000,ARB/USD,0.2052,0.2073,0.2046,0.2057,3012270.8
1790928000000,AVAX/USD,11.094,11.162,11.061,11.099,134830.65
1790928000000,BNB/USD,776.31,780.52,776.12,777.38,8078.956
1790928000000,BONK/USD,3.94e-06,3.96e-06,3.9e-06,3.95e-06,69686872526.0
1790928000000,BTC/USD,86089.64,86640.61,86062.28,86236.0,736.95845
1790928000000,CAKE/USD,2.607,2.626,2.604,2.615,65155.34
1790928000000,CFX/USD,0.05514,0.05563,0.05504,0.05522,1754498.0
1790928000000,CRV/USD,0.3818,0.3895,0.381,0.3824,954030.2
1790928000000,DOGE/USD,0.09648,0.09796,0.09634,0.09713,73010015.0
1790928000000,DOT/USD,1.228,1.234,1.222,1.227,434052.81
1790928000000,EIGEN/USD,0.257,0.2612,0.2554,0.2597,1810020.53
1790928000000,ENA/USD,0.2496,0.2521,0.2459,0.2466,16429773.1
1790928000000,ETH/USD,2737.29,2777.33,2737.16,2753.74,34020.6193
1790928000000,FET/USD,0.2377,0.2389,0.2354,0.2355,3343160.1
1790928000000,FIL/USD,1.0377,1.0463,1.034,1.0349,632013.61
1790928000000,FLOKI/USD,2.84e-05,2.873e-05,2.835e-05,2.869e-05,5176047404.0
1790928000000,HBAR/USD,0.10463,0.1055,0.10448,0.10499,8067193.0
1790928000000,ICP/USD,3.312,3.322,3.286,3.286,109599.28
1790928000000,LINK/USD,14.371,14.507,14.346,14.389,117147.18
1790928000000,LISTA/USD,0.087,0.0873,0.0866,0.087,104563.3
1790928000000,LTC/USD,70.23,70.69,70.0,70.36,22100.836
1790928000000,NEAR/USD,4.97,5.015,4.94,4.942,1328739.0
1790928000000,ONDO/USD,0.5056,0.5088,0.5037,0.5055,2119433.5
1790928000000,PAXG/USD,4189.28,4199.32,4184.3,4189.05,375.1816
1790928000000,PENDLE/USD,2.472,2.482,2.44,2.445,221311.9
1790928000000,PENGU/USD,0.009968,0.010087,0.009908,0.010016,121190823.0
1790928000000,PEPE/USD,4.55e-06,4.63e-06,4.54e-06,4.61e-06,438885766316.0
1790928000000,POL/USD,0.11094,0.11157,0.1107,0.1107,2779036.9
1790928000000,S/USD,0.03908,0.03968,0.03901,0.03954,1937922.9
1790928000000,SEI/USD,0.07134,0.0722,0.0713,0.07164,3942432.5
1790928000000,SHIB/USD,5.93e-06,5.98e-06,5.92e-06,5.96e-06,52806907137.0
1790928000000,SOL/USD,121.72,122.99,121.7,122.05,126854.1
1790928000000,STO/USD,0.0431,0.0433,0.0429,0.0431,722511.0
1790928000000,SUI/USD,1.1843,1.2023,1.1819,1.183,4201272.2
1790928000000,TAO/USD,310.4,314.4,309.5,312.7,6458.5008
1790928000000,TRUMP/USD,2.105,2.115,2.097,2.103,461687.092
1790928000000,TRX/USD,0.3346,0.3349,0.3344,0.3346,4847053.1
1790928000000,TUT/USD,0.02473,0.02476,0.02444,0.02451,4497507.0
1790928000000,UNI/USD,9.104,9.185,9.056,9.061,266778.06
1790928000000,VIRTUAL/USD,0.8228,0.836,0.8188,0.8296,995173.6
1790928000000,WIF/USD,0.2584,0.2613,0.2574,0.2576,844456.81
1790928000000,WLD/USD,0.5352,0.54,0.5292,0.5331,3197768.2
1790928000000,XLM/USD,0.2233,0.2254,0.2231,0.225,5075770.0
1790928000000,XRP/USD,1.532,1.5422,1.5311,1.5368,8575360.4
1790928000000,ZEC/USD,1386.23,1399.0,1378.26,1382.86,4489.917
1790928000000,ZEN/USD,7.287,7.337,7.247,7.256,22061.13
1790931600000,1000CHEEMS/USD,0.000548,0.000548,0.000545,0.000545,27021309.0
1790931600000,AAVE/USD,181.43,185.48,180.74,185.08,18528.091
1790931600000,ADA/USD,0.2546,0.2579,0.2535,0.2571,9964636.4
1790931600000,APT/USD,0.8329,0.8332,0.8253,0.8261,407970.77
1790931600000,ARB/USD,0.2056,0.2072,0.2049,0.2065,1914661.9
1790931600000,AVAX/USD,11.098,11.169,11.054,11.156,112280.39
1790931600000,BNB/USD,777.38,777.38,774.36,776.61,9488.147
1790931600000,BONK/USD,3.96e-06,3.96e-06,3.9e-06,3.93e-06,44568547477.0
1790931600000,BTC/USD,86236.01,86432.01,86108.0,86364.02,1441.30154
1790931600000,CAKE/USD,2.615,2.619,2.608,2.616,31723.37
1790931600000,CFX/USD,0.05523,0.05547,0.05495,0.05513,942213.0
1790931600000,CRV/USD,0.3821,0.384,0.3797,0.3829,357739.2
1790931600000,DOGE/USD,0.09713,0.09749,0.09661,0.09697,41831914.0
1790931600000,DOT/USD,1.227,1.228,1.215,1.22,262072.22
1790931600000,EIGEN/USD,0.2596,0.261,0.2571,0.2582,1009651.73
1790931600000,ENA/USD,0.2466,0.247,0.2435,0.2461,18768602.6
1790931600000,ETH/USD,2753.73,2754.49,2743.51,2747.19,21045.6699
1790931600000,FET/USD,0.2355,0.2355,0.2319,0.2341,4446081.2
1790931600000,FIL/USD,1.0349,1.0382,1.0312,1.0362,269134.49
1790931600000,FLOKI/USD,2.87e-05,2.872e-05,2.841e-05,2.854e-05,3423021849.0
1790931600000,HBAR/USD,0.10499,0.10644,0.10464,0.10622,11864831.0
1790931600000,ICP/USD,3.286,3.3,3.272,3.285,104094.48
1790931600000,LINK/USD,14.389,14.457,14.346,14.372,85213.99
1790931600000,LISTA/USD,0.087,0.0873,0.0869,0.0871,110327.3
1790931600000,LTC/USD,70.37,70.38,69.84,70.1,17081.458
1790931600000,NEAR/USD,4.941,4.944,4.883,4.905,1558026.3
1790931600000,ONDO/USD,0.5055,0.5071,0.503,0.5061,1526537.0
1790931600000,PAXG/USD,4188.91,4192.44,4184.22,4188.55,113.5259
1790931600000,PENDLE/USD,2.445,2.458,2.43,2.449,34447.2
1790931600000,PENGU/USD,0.010015,0.010034,0.00992,0.009959,74537052.0
1790931600000,PEPE/USD,4.6e-06,4.61e-06,4.55e-06,4.57e-06,264978834586.0
1790931600000,POL/USD,0.1107,0.11081,0.1093,0.10956,3154145.3
1790931600000,S/USD,0.0395,0.03974,0.03935,0.03954,1304795.4
1790931600000,SEI/USD,0.07164,0.07219,0.07141,0.07192,5090667.1
1790931600000,SHIB/USD,5.95e-06,5.97e-06,5.92e-06,5.92e-06,47097418943.0
1790931600000,SOL/USD,122.05,122.16,121.58,121.77,71607.7
1790931600000,STO/USD,0.0431,0.0433,0.0428,0.0433,1204077.9
1790931600000,SUI/USD,1.183,1.1902,1.179,1.1862,2310352.4
1790931600000,TAO/USD,312.7,314.3,310.8,312.3,5171.4154
1790931600000,TRUMP/USD,2.103,2.129,2.096,2.125,409324.893
1790931600000,TRX/USD,0.3346,0.3349,0.3345,0.3346,2506432.7
1790931600000,TUT/USD,0.0245,0.02463,0.0244,0.02461,2259411.0
1790931600000,UNI/USD,9.06,9.072,9.005,9.04,180261.99
1790931600000,VIRTUAL/USD,0.8298,0.8301,0.8216,0.8266,539129.6
1790931600000,WIF/USD,0.2576,0.2592,0.2565,0.2579,1161947.56
1790931600000,WLD/USD,0.5331,0.5485,0.5305,0.5418,6711685.8
1790931600000,XLM/USD,0.225,0.2262,0.224,0.2256,4527410.0
1790931600000,XRP/USD,1.5369,1.5418,1.5325,1.539,6687469.6
1790931600000,ZEC/USD,1382.84,1395.61,1377.28,1387.12,2805.651
1790931600000,ZEN/USD,7.252,7.264,7.213,7.237,27332.39
1790935200000,1000CHEEMS/USD,0.000546,0.000547,0.000544,0.000545,27962647.0
1790935200000,AAVE/USD,185.09,186.49,184.17,184.36,17508.399
1790935200000,ADA/USD,0.257,0.2574,0.2548,0.2561,6789213.8
1790935200000,APT/USD,0.8261,0.8273,0.8158,0.8198,526573.68
1790935200000,ARB/USD,0.2065,0.2068,0.2039,0.2042,1780456.6
1790935200000,AVAX/USD,11.157,11.21,11.133,11.155,243189.29
1790935200000,BNB/USD,776.61,777.45,775.34,776.15,4847.18
1790935200000,BONK/USD,3.93e-06,3.93e-06,3.89e-06,3.91e-06,52953881280.0
1790935200000,BTC/USD,86364.01,86500.0,86172.0,86297.6,452.52546
1790935200000,CAKE/USD,2.616,2.616,2.579,2.588,248546.84
1790935200000,CFX/USD,0.05512,0.05521,0.05471,0.05488,2838411.0
1790935200000,CRV/USD,0.3831,0.3835,0.3787,0.3804,469725.3
1790935200000,DOGE/USD,0.09697,0.09706,0.09635,0.09663,27843402.0
1790935200000,DOT/USD,1.22,1.222,1.209,1.219,184420.99
1790935200000,EIGEN/USD,0.2582,0.2617,0.2559,0.2607,1054772.93
1790935200000,ENA/USD,0.2461,0.2485,0.2454,0.2476,5658676.39
1790935200000,ETH/USD,2747.19,2753.36,2736.25,2743.48,8707.8374
1790935200000,FET/USD,0.234,0.2347,0.2315,0.2316,3451621.8
1790935200000,FIL/USD,1.0362,1.038,1.0283,1.0316,373270.64
1790935200000,FLOKI/USD,2.855e-05,2.855e-05,2.831e-05,2.836e-05,2153892658.0
1790935200000,HBAR/USD,0.10622,0.10632,0.10515,0.10541,12033624.0
1790935200000,ICP/USD,3.285,3.289,3.261,3.265,111050.71
1790935200000,LINK/USD,14.371,14.456,14.3,14.405,121969.57
1790935200000,LISTA/USD,0.0871,0.0872,0.0863,0.0867,56663.4
1790935200000,LTC/USD,70.1,70.12,69.43,69.8,12574.615
1790935200000,NEAR/USD,4.906,4.94,4.874,4.891,703278.8
1790935200000,ONDO/USD,0.5062,0.5129,0.5046,0.5086,2651327.2
1790935200000,PAXG/USD,4187.49,4189.6,4172.81,4186.44,222.3669
1790935200000,PENDLE/USD,2.448,2.458,2.442,2.444,23406.3
1790935200000,PENGU/USD,0.009958,0.009966,0.009867,0.00991,47602454.0
1790935200000,PEPE/USD,4.57e-06,4.58e-06,4.53e-06,4.53e-06,215704672823.0
1790935200000,POL/USD,0.10956,0.1098,0.1091,0.10946,2588301.8
1790935200000,S/USD,0.03956,0.04,0.0393,0.03941,2857117.7
1790935200000,SEI/USD,0.0719,0.07231,0.07155,0.07185,1988370.3
1790935200000,SHIB/USD,5.93e-06,5.96e-06,5.83e-06,5.9e-06,484455750054.0
1790935200000,SOL/USD,121.78,122.21,121.35,121.92,61968.247
1790935200000,STO/USD,0.0433,0.0433,0.043,0.0432,278344.8
1790935200000,SUI/USD,1.1862,1.1887,1.175,1.1766,3447222.5
1790935200000,TAO/USD,312.3,312.8,310.2,310.4,3397.0516
1790935200000,TRUMP/USD,2.125,2.141,2.119,2.133,423086.154
1790935200000,TRX/USD,0.3346,0.3352,0.3344,0.3351,4086723.3
1790935200000,TUT/USD,0.02461,0.02461,0.02435,0.02436,3744929.0
1790935200000,UNI/USD,9.041,9.081,9.005,9.012,150107.94
1790935200000,VIRTUAL/USD,0.8266,0.8273,0.8136,0.8142,352939.1
1790935200000,WIF/USD,0.2578,0.258,0.2544,0.2555,328851.97
1790935200000,WLD/USD,0.5418,0.5426,0.5358,0.5383,3165636.7
1790935200000,XLM/USD,0.2256,0.2266,0.2247,0.225,4251426.0
1790935200000,XRP/USD,1.5389,1.55,1.5353,1.539,7767885.2
1790935200000,ZEC/USD,1387.23,1404.99,1381.04,1382.73,4312.595
1790935200000,ZEN/USD,7.235,7.245,7.173,7.184,24978.96
1790938800000,1000CHEEMS/USD,0.000545,0.000546,0.000543,0.000544,26746736.0
1790938800000,AAVE/USD,184.37,186.45,183.65,183.86,8026.583
1790938800000,ADA/USD,0.2561,0.2569,0.255,0.2552,4048932.0
1790938800000,APT/USD,0.8198,0.8246,0.8191,0.8234,273564.56
1790938800000,ARB/USD,0.2042,0.2049,0.2034,0.2039,2625989.2
1790938800000,AVAX/USD,11.155,11.237,11.121,11.125,196798.89
1790938800000,BNB/USD,776.15,778.74,775.75,778.0,4751.47
1790938800000,BONK/USD,3.91e-06,3.91e-06,3.86e-06,3.86e-06,32367378569.0
1790938800000,BTC/USD,86297.6,86562.5,86274.0,86424.85,469.71424
1790938800000,CAKE/USD,2.588,2.598,2.586,2.593,23561.55
1790938800000,CFX/USD,0.05488,0.05505,0.05475,0.05505,874016.0
1790938800000,CRV/USD,0.3806,0.3817,0.378,0.379,554598.2
1790938800000,DOGE/USD,0.09663,0.09697,0.09649,0.09652,15161292.0
1790938800000,DOT/USD,1.219,1.224,1.217,1.22,284325.47
1790938800000,EIGEN/USD,0.2608,0.2625,0.2601,0.261,595980.44
1790938800000,ENA/USD,0.2476,0.2496,0.2463,0.2464,5553940.72
1790938800000,ETH/USD,2743.49,2752.0,2741.69,2746.63,6292.436
1790938800000,FET/USD,0.2317,0.2323,0.2295,0.2298,4077147.3
1790938800000,FIL/USD,1.0317,1.0336,1.027,1.0299,252434.81
1790938800000,FLOKI/USD,2.838e-05,2.843e-05,2.825e-05,2.829e-05,2105443274.0
1790938800000,HBAR/USD,0.10542,0.10623,0.10525,0.10591,7848194.0
1790938800000,ICP/USD,3.265,3.282,3.258,3.274,54687.81
1790938800000,LINK/USD,14.406,14.468,14.391,14.399,74934.86
1790938800000,LISTA/USD,0.0866,0.0875,0.0866,0.0875,103410.0
1790938800000,LTC/USD,69.81,69.88,69.52,69.83,13916.222
1790938800000,NEAR/USD,4.891,4.9,4.844,4.845,696140.9
1790938800000,ONDO/USD,0.5088,0.5113,0.5065,0.507,2268859.4
1790938800000,PAXG/USD,4186.45,4192.25,4181.81,4185.55,77.1667
1790938800000,PENDLE/USD,2.446,2.463,2.438,2.454,42349.2
1790938800000,PENGU/USD,0.009911,0.009959,0.009874,0.009885,40637875.0
1790938800000,PEPE/USD,4.53e-06,4.54e-06,4.41e-06,4.44e-06,762195579869.0
1790938800000,POL/USD,0.10946,0.10999,0.10944,0.10988,1289618.5
1790938800000,S/USD,0.03944,0.03967,0.03931,0.03952,1027641.2
1790938800000,SEI/USD,0.07185,0.07235,0.07155,0.07156,3291542.9
1790938800000,SHIB/USD,5.9e-06,5.91e-06,5.87e-06,5.89e-06,55913732127.0
1790938800000,SOL/USD,121.92,122.47,121.81,121.82,77142.906
1790938800000,STO/USD,0.0432,0.0433,0.043,0.0431,396647.6
1790938800000,SUI/USD,1.1767,1.1829,1.1727,1.1734,2565455.4
1790938800000,TAO/USD,310.5,312.2,309.5,309.6,2927.4684
1790938800000,TRUMP/USD,2.134,2.153,2.132,2.14,489960.351
1790938800000,TRX/USD,0.3351,0.3354,0.3347,0.3348,2588872.5
1790938800000,TUT/USD,0.02435,0.02447,0.02432,0.02434,2029557.0
1790938800000,UNI/USD,9.013,9.051,8.975,8.99,278678.07
1790938800000,VIRTUAL/USD,0.8145,0.8185,0.8095,0.81,418943.3
1790938800000,WIF/USD,0.2556,0.2564,0.2533,0.2533,327254.48
1790938800000,WLD/USD,0.5383,0.5447,0.5355,0.5422,3868882.4
1790938800000,XLM/USD,0.2249,0.2256,0.2236,0.2237,2645768.0
1790938800000,XRP/USD,1.5391,1.5439,1.5302,1.5319,8146514.2
1790938800000,ZEC/USD,1382.66,1392.62,1377.13,1378.18,2763.027
1790938800000,ZEN/USD,7.183,7.191,7.133,7.144,17719.69
1790942400000,1000CHEEMS/USD,0.000544,0.000549,0.000543,0.000546,44357264.0
1790942400000,AAVE/USD,183.89,186.0,181.5,183.58,16444.042
1790942400000,ADA/USD,0.2552,0.2598,0.2544,0.257,16839297.5
1790942400000,APT/USD,0.8233,0.8362,0.82,0.836,666836.51
1790942400000,ARB/USD,0.2038,0.208,0.203,0.2075,5314086.2
1790942400000,AVAX/USD,11.125,11.267,11.088,11.244,363239.15
1790942400000,BNB/USD,778.0,782.19,777.21,781.34,11911.521
1790942400000,BONK/USD,3.86e-06,3.93e-06,3.85e-06,3.91e-06,66482819712.0
1790942400000,BTC/USD,86424.85,87220.0,86308.0,86810.0,1981.72073
1790942400000,CAKE/USD,2.593,2.609,2.587,2.603,102859.1
1790942400000,CFX/USD,0.05502,0.05552,0.05487,0.05526,1302676.0
1790942400000,CRV/USD,0.379,0.3823,0.3772,0.3815,1610377.2
1790942400000,DOGE/USD,0.09653,0.09761,0.09615,0.09716,70871229.0
1790942400000,DOT/USD,1.221,1.235,1.212,1.225,804804.32
1790942400000,EIGEN/USD,0.2609,0.2631,0.2594,0.2621,1422945.95
1790942400000,ENA/USD,0.2464,0.2521,0.2447,0.2467,12645580.43
1790942400000,ETH/USD,2746.63,2766.66,2738.03,2755.18,22352.6002
1790942400000,FET/USD,0.2298,0.2339,0.2287,0.2333,7401780.1
1790942400000,FIL/USD,1.0298,1.0437,1.0262,1.0415,498508.15
1790942400000,FLOKI/USD,2.829e-05,2.865e-05,2.82e-05,2.853e-05,4544378769.0
1790942400000,HBAR/USD,0.1059,0.10715,0.10536,0.10644,14773369.0
1790942400000,ICP/USD,3.274,3.342,3.257,3.341,221231.53
1790942400000,LINK/USD,14.4,14.514,14.329,14.437,272274.36
1790942400000,LISTA/USD,0.0874,0.0881,0.0871,0.0879,80502.7
1790942400000,LTC/USD,69.82,70.36,69.61,69.88,16913.776
1790942400000,NEAR/USD,4.844,4.941,4.817,4.928,1841597.3
1790942400000,ONDO/USD,0.5069,0.5135,0.5044,0.5107,3134605.9
1790942400000,PAXG/USD,4184.35,4230.21,4178.72,4219.01,1096.2278
1790942400000,PENDLE/USD,2.454,2.485,2.441,2.479,86272.2
1790942400000,PENGU/USD,0.009884,0.010012,0.009765,0.009916,121892462.0
1790942400000,PEPE/USD,4.44e-06,4.52e-06,4.39e-06,4.48e-06,626900519446.0
1790942400000,POL/USD,0.10989,0.1131,0.10958,0.11269,6799493.7
1790942400000,S/USD,0.03948,0.04035,0.03943,0.03984,3284100.9
1790942400000,SEI/USD,0.07155,0.07262,0.07133,0.07231,10219169.9
1790942400000,SHIB/USD,5.89e-06,5.95e-06,5.87e-06,5.92e-06,116049009240.0
1790942400000,SOL/USD,121.82,123.21,121.61,122.56,201548.309
1790942400000,STO/USD,0.0431,0.0434,0.043,0.0431,616498.0
1790942400000,SUI/USD,1.1734,1.1969,1.1677,1.195,7750043.5
1790942400000,TAO/USD,309.6,313.3,307.2,312.6,8302.2276
1790942400000,TRUMP/USD,2.141,2.212,2.14,2.183,1895845.924
1790942400000,TRX/USD,0.3348,0.3352,0.3347,0.3349,3769556.0
1790942400000,TUT/USD,0.02434,0.02452,0.0238,0.02421,11923376.0
1790942400000,UNI/USD,8.99,9.149,8.958,9.124,535115.06
1790942400000,VIRTUAL/USD,0.8098,0.8229,0.8055,0.8201,723642.1
1790942400000,WIF/USD,0.2532,0.2579,0.2517,0.2552,947350.13
1790942400000,WLD/USD,0.5421,0.5706,0.5411,0.5679,14916845.9
1790942400000,XLM/USD,0.2237,0.2263,0.2231,0.2256,8645986.0
1790942400000,XRP/USD,1.5319,1.555,1.5272,1.5421,11735650.5
1790942400000,ZEC/USD,1378.21,1403.16,1363.35,1388.19,10933.708
1790942400000,ZEN/USD,7.146,7.249,7.114,7.219,60848.0
1790946000000,1000CHEEMS/USD,0.000546,0.000549,0.000545,0.000547,39961363.0
1790946000000,AAVE/USD,183.58,184.41,182.59,183.36,13283.354
1790946000000,ADA/USD,0.2571,0.2589,0.255,0.2555,11068780.1
1790946000000,APT/USD,0.836,0.849,0.8321,0.8344,1009125.75
1790946000000,ARB/USD,0.2075,0.2084,0.2052,0.2058,5369441.9
1790946000000,AVAX/USD,11.245,11.261,11.077,11.104,265181.6
1790946000000,BNB/USD,781.34,784.46,779.88,780.73,10332.532
1790946000000,BONK/USD,3.91e-06,3.92e-06,3.88e-06,3.9e-06,38309947430.0
1790946000000,BTC/USD,86810.01,87150.0,86465.72,86565.05,1254.08298
1790946000000,CAKE/USD,2.603,2.615,2.597,2.599,39555.0
1790946000000,CFX/USD,0.05525,0.05565,0.05518,0.05528,1419411.0
1790946000000,CRV/USD,0.3815,0.384,0.3793,0.3796,536454.2
1790946000000,DOGE/USD,0.09716,0.09774,0.0965,0.09662,39823630.0
1790946000000,DOT/USD,1.224,1.237,1.218,1.223,596615.88
1790946000000,EIGEN/USD,0.2621,0.2677,0.2611,0.2659,2648904.01
1790946000000,ENA/USD,0.2466,0.2476,0.2448,0.245,10100858.43
1790946000000,ETH/USD,2755.19,2769.68,2742.0,2744.53,14614.0165
1790946000000,FET/USD,0.2332,0.2345,0.2308,0.232,4689505.5
1790946000000,FIL/USD,1.0415,1.0543,1.0377,1.0502,702329.6
1790946000000,FLOKI/USD,2.853e-05,2.86e-05,2.834e-05,2.837e-05,2461688421.0
1790946000000,HBAR/USD,0.10642,0.10675,0.10537,0.10549,10790998.0
1790946000000,ICP/USD,3.34,3.35,3.304,3.312,154603.94
1790946000000,LINK/USD,14.439,14.472,14.329,14.348,273207.66
1790946000000,LISTA/USD,0.0879,0.0889,0.0868,0.0888,446130.7
1790946000000,LTC/USD,69.87,71.12,69.84,71.12,35488.965
1790946000000,NEAR/USD,4.929,4.991,4.885,4.896,2518669.7
1790946000000,ONDO/USD,0.5107,0.5162,0.507,0.5082,3215644.4
1790946000000,PAXG/USD,4219.04,4225.37,4180.73,4192.41,1698.7265
1790946000000,PENDLE/USD,2.479,2.511,2.471,2.475,117234.9
1790946000000,PENGU/USD,0.009915,0.010013,0.009857,0.00988,85204197.0
1790946000000,PEPE/USD,4.48e-06,4.54e-06,4.46e-06,4.47e-06,427109293035.0
1790946000000,POL/USD,0.11268,0.113,0.11101,0.11128,4919497.4
1790946000000,S/USD,0.03986,0.04073,0.03979,0.04036,5324207.6
1790946000000,SEI/USD,0.0723,0.07269,0.07174,0.07191,5152273.7
1790946000000,SHIB/USD,5.91e-06,5.96e-06,5.9e-06,5.91e-06,102963197201.0
1790946000000,SOL/USD,122.56,123.37,121.9,122.06,149445.324
1790946000000,STO/USD,0.0431,0.0433,0.043,0.0431,537551.4
1790946000000,SUI/USD,1.1949,1.215,1.1921,1.1971,6335795.2
1790946000000,TAO/USD,312.6,316.5,311.5,312.5,10329.3178
1790946000000,TRUMP/USD,2.184,2.198,2.152,2.167,863842.289
1790946000000,TRX/USD,0.3349,0.3352,0.3347,0.3348,2358633.5
1790946000000,TUT/USD,0.02421,0.02502,0.02418,0.02498,10695325.0
1790946000000,UNI/USD,9.122,9.186,9.036,9.048,237822.4
1790946000000,VIRTUAL/USD,0.8202,0.8264,0.8142,0.8162,389840.8
1790946000000,WIF/USD,0.2552,0.2583,0.253,0.2564,635579.63
1790946000000,WLD/USD,0.568,0.5901,0.5629,0.5787,19799789.5
1790946000000,XLM/USD,0.2256,0.2271,0.224,0.2243,5381248.0
1790946000000,XRP/USD,1.5421,1.5501,1.5291,1.5318,10556149.2
1790946000000,ZEC/USD,1388.26,1412.12,1378.21,1379.56,9766.886
1790946000000,ZEN/USD,7.219,7.296,7.191,7.211,30124.54
1790949600000,1000CHEEMS/USD,0.000547,0.000551,0.000545,0.000547,76230405.0
1790949600000,AAVE/USD,183.39,184.2,181.89,182.83,10692.247
1790949600000,ADA/USD,0.2554,0.2567,0.251,0.2523,12487192.8
1790949600000,APT/USD,0.8344,0.8411,0.8223,0.8265,745315.88
1790949600000,ARB/USD,0.2057,0.2067,0.2012,0.2025,5530873.9
1790949600000,AVAX/USD,11.104,11.16,10.991,11.076,263316.19
1790949600000,BNB/USD,780.74,782.36,772.95,775.47,8321.711
1790949600000,BONK/USD,3.9e-06,3.92e-06,3.81e-06,3.83e-06,80372627932.0
1790949600000,BTC/USD,86565.06,86838.01,85394.44,85686.93,2161.00785
1790949600000,CAKE/USD,2.599,2.605,2.547,2.553,359581.64
1790949600000,CFX/USD,0.05526,0.0555,0.05446,0.05471,2007145.0
1790949600000,CRV/USD,0.3796,0.3817,0.3737,0.3771,1428853.7
1790949600000,DOGE/USD,0.09662,0.09706,0.09481,0.09542,91231037.0
1790949600000,DOT/USD,1.222,1.228,1.199,1.208,572640.12
1790949600000,EIGEN/USD,0.2659,0.2668,0.2594,0.2609,1629484.39
1790949600000,ENA/USD,0.245,0.2469,0.242,0.2455,15309778.04
1790949600000,ETH/USD,2744.53,2751.15,2698.92,2709.77,55857.6413
1790949600000,FET/USD,0.232,0.2335,0.2266,0.229,5627350.7
1790949600000,FIL/USD,1.0501,1.0599,1.0288,1.0369,638050.94
1790949600000,FLOKI/USD,2.835e-05,2.847e-05,2.794e-05,2.812e-05,3202255075.0
1790949600000,HBAR/USD,0.10549,0.10599,0.10385,0.10462,12316188.0
1790949600000,ICP/USD,3.313,3.333,3.256,3.278,182883.44
1790949600000,LINK/USD,14.347,14.406,14.162,14.248,195250.75
1790949600000,LISTA/USD,0.0888,0.0891,0.087,0.0875,251236.6
1790949600000,LTC/USD,71.12,71.31,69.41,69.7,38553.886
1790949600000,NEAR/USD,4.896,4.956,4.82,4.875,2305144.7
1790949600000,ONDO/USD,0.5083,0.5114,0.501,0.5042,3554337.0
1790949600000,PAXG/USD,4192.46,4197.16,4161.65,4163.5,473.129
1790949600000,PENDLE/USD,2.474,2.484,2.434,2.443,146589.4
1790949600000,PENGU/USD,0.009879,0.009917,0.009639,0.009711,85807569.0
1790949600000,PEPE/USD,4.48e-06,4.51e-06,4.37e-06,4.4e-06,879039889078.0
1790949600000,POL/USD,0.11123,0.11285,0.11027,0.1108,9811613.6
1790949600000,S/USD,0.04034,0.04056,0.03946,0.03973,1875805.8
1790949600000,SEI/USD,0.07192,0.07229,0.07075,0.07111,6691794.9
1790949600000,SHIB/USD,5.9e-06,5.94e-06,5.84e-06,5.87e-06,103399446051.0
1790949600000,SOL/USD,122.07,122.44,120.09,120.64,196083.62
1790949600000,STO/USD,0.0431,0.0433,0.0427,0.0429,414303.8
1790949600000,SUI/USD,1.1971,1.2052,1.1661,1.1737,6615014.2
1790949600000,TAO/USD,312.4,313.9,307.0,309.9,7989.929
1790949600000,TRUMP/USD,2.167,2.182,2.124,2.139,848500.994
1790949600000,TRX/USD,0.3348,0.3352,0.3346,0.335,2588360.2
1790949600000,TUT/USD,0.02498,0.02532,0.02442,0.02465,12339389.0
1790949600000,UNI/USD,9.048,9.082,8.936,8.98,473269.46
1790949600000,VIRTUAL/USD,0.816,0.8223,0.8034,0.8079,727676.5
1790949600000,WIF/USD,0.2563,0.2584,0.2522,0.2541,502028.58
1790949600000,WLD/USD,0.5787,0.5843,0.5592,0.5657,16514298.8
1790949600000,XLM/USD,0.2244,0.2251,0.2209,0.2219,3969218.0
1790949600000,XRP/USD,1.5319,1.5378,1.5056,1.5132,12624859.0
1790949600000,ZEC/USD,1379.7,1399.28,1360.01,1373.64,8382.54
1790949600000,ZEN/USD,7.211,7.25,7.056,7.108,37853.83
1790953200000,1000CHEEMS/USD,0.000547,0.000547,0.000542,0.000543,60703812.0
1790953200000,AAVE/USD,182.87,183.93,181.18,183.1,14023.338
1790953200000,ADA/USD,0.2524,0.253,0.2506,0.252,9043001.6
1790953200000,APT/USD,0.8266,0.83,0.8189,0.8252,664698.1
1790953200000,ARB/USD,0.2026,0.2043,0.2002,0.2039,4148487.9
1790953200000,AVAX/USD,11.078,11.146,11.021,11.12,153856.65
1790953200000,BNB/USD,775.46,776.12,772.25,773.46,5307.352
1790953200000,BONK/USD,3.84e-06,3.85e-06,3.8e-06,3.83e-06,76696748529.0
1790953200000,BTC/USD,85686.93,85758.81,85162.9,85326.0,1180.77792
1790953200000,CAKE/USD,2.554,2.562,2.54,2.557,124693.27
1790953200000,CFX/USD,0.05475,0.05503,0.05448,0.05469,1146155.0
1790953200000,CRV/USD,0.3772,0.3796,0.3751,0.3784,599278.9
1790953200000,DOGE/USD,0.09543,0.09556,0.09476,0.09512,34184180.0
1790953200000,DOT/USD,1.208,1.219,1.196,1.215,447528.77
1790953200000,EIGEN/USD,0.261,0.2628,0.2585,0.2595,1455962.13
1790953200000,ENA/USD,0.2456,0.2458,0.2412,0.2441,7996161.42
1790953200000,ETH/USD,2709.77,2712.43,2692.0,2697.36,57756.6719
1790953200000,FET/USD,0.2291,0.231,0.227,0.2292,5649697.2
1790953200000,FIL/USD,1.037,1.0468,1.0309,1.0459,358860.68
1790953200000,FLOKI/USD,2.813e-05,2.816e-05,2.795e-05,2.808e-05,1479784040.0
1790953200000,HBAR/USD,0.10462,0.10489,0.10385,0.104,10199714.0
1790953200000,ICP/USD,3.279,3.291,3.263,3.279,270101.18
1790953200000,LINK/USD,14.249,14.271,14.157,14.233,170884.65
1790953200000,LISTA/USD,0.0875,0.0891,0.0869,0.0887,421533.8
1790953200000,LTC/USD,69.71,71.13,69.23,70.92,62443.906
1790953200000,NEAR/USD,4.875,4.883,4.785,4.819,1646528.8
1790953200000,ONDO/USD,0.5043,0.5124,0.5027,0.5077,3049876.6
1790953200000,PAXG/USD,4165.17,4165.86,4136.67,4138.16,495.1918
1790953200000,PENDLE/USD,2.445,2.451,2.422,2.434,88159.8
1790953200000,PENGU/USD,0.009712,0.009728,0.009613,0.009669,64623953.0
1790953200000,PEPE/USD,4.39e-06,4.43e-06,4.38e-06,4.4e-06,460030748906.0
1790953200000,POL/USD,0.11082,0.11104,0.10919,0.10984,10555890.8
1790953200000,S/USD,0.03975,0.0403,0.03957,0.03987,2006984.7
1790953200000,SEI/USD,0.07112,0.07123,0.07055,0.07107,4764437.2
1790953200000,SHIB/USD,5.87e-06,5.88e-06,5.84e-06,5.86e-06,51091421821.0
1790953200000,SOL/USD,120.65,120.75,119.67,119.98,169406.661
1790953200000,STO/USD,0.0429,0.0434,0.0428,0.043,1488999.1
1790953200000,SUI/USD,1.1738,1.1764,1.1641,1.1671,4486238.7
1790953200000,TAO/USD,310.1,310.4,306.9,308.6,5634.8698
1790953200000,TRUMP/USD,2.14,2.152,2.127,2.137,648240.487
1790953200000,TRX/USD,0.335,0.3363,0.3349,0.3363,5409342.4
1790953200000,TUT/USD,0.02466,0.02507,0.02445,0.02502,11182061.0
1790953200000,UNI/USD,8.982,9.067,8.924,9.038,289140.03
1790953200000,VIRTUAL/USD,0.808,0.8136,0.7988,0.8076,429356.2
1790953200000,WIF/USD,0.2542,0.2554,0.2525,0.254,278163.1
1790953200000,WLD/USD,0.5658,0.5755,0.5602,0.5752,9688895.5
1790953200000,XLM/USD,0.2219,0.2221,0.2203,0.2212,3177551.0
1790953200000,XRP/USD,1.5132,1.515,1.5015,1.5069,8441599.8
1790953200000,ZEC/USD,1373.72,1379.53,1359.78,1372.35,4950.273
1790953200000,ZEN/USD,7.11,7.153,7.037,7.143,25930.0
1790956800000,1000CHEEMS/USD,0.000542,0.000544,0.000538,0.000539,35674967.0
1790956800000,AAVE/USD,183.1,185.15,182.51,183.28,14034.865
1790956800000,ADA/USD,0.252,0.2542,0.2514,0.2523,3875142.5
1790956800000,APT/USD,0.8254,0.842,0.8224,0.8266,513415.33
1790956800000,ARB/USD,0.2038,0.2057,0.2025,0.2032,2975967.0
1790956800000,AVAX/USD,11.121,11.2,11.071,11.092,258122.18
1790956800000,BNB/USD,773.46,775.67,772.84,773.88,3597.114
1790956800000,BONK/USD,3.83e-06,3.87e-06,3.8e-06,3.84e-06,66289263677.0
1790956800000,BTC/USD,85326.0,85508.0,85018.0,85160.01,674.74913
1790956800000,CAKE/USD,2.558,2.571,2.556,2.56,69350.89
1790956800000,CFX/USD,0.05475,0.05515,0.05428,0.05434,919561.0
1790956800000,CRV/USD,0.3783,0.3804,0.3736,0.3752,424327.9
1790956800000,DOGE/USD,0.09513,0.09562,0.09471,0.095,27973102.0
1790956800000,DOT/USD,1.215,1.229,1.212,1.219,454761.48
1790956800000,EIGEN/USD,0.2595,0.2631,0.2546,0.2563,1262540.24
1790956800000,ENA/USD,0.2441,0.2452,0.241,0.2422,4110313.77
1790956800000,ETH/USD,2697.36,2704.07,2687.33,2690.08,13305.7623
1790956800000,FET/USD,0.2292,0.2324,0.2287,0.2299,3782099.2
1790956800000,FIL/USD,1.046,1.0579,1.0423,1.0471,389509.87
1790956800000,FLOKI/USD,2.81e-05,2.826e-05,2.794e-05,2.803e-05,2676214096.0
1790956800000,HBAR/USD,0.104,0.10436,0.10279,0.10338,10928538.0
1790956800000,ICP/USD,3.278,3.304,3.264,3.285,197629.43
1790956800000,LINK/USD,14.235,14.274,14.131,14.18,118172.18
1790956800000,LISTA/USD,0.0888,0.0892,0.0877,0.0877,62073.5
1790956800000,LTC/USD,70.93,70.98,69.6,69.9,28214.44
1790956800000,NEAR/USD,4.819,4.876,4.794,4.82,890870.1
1790956800000,ONDO/USD,0.5077,0.5137,0.4987,0.5025,3740899.4
1790956800000,PAXG/USD,4137.9,4152.55,4137.9,4149.21,175.8474
1790956800000,PENDLE/USD,2.435,2.449,2.407,2.421,38524.3
1790956800000,PENGU/USD,0.009668,0.009795,0.009576,0.00965,58332427.0
1790956800000,PEPE/USD,4.41e-06,4.43e-06,4.38e-06,4.39e-06,180408678819.0
1790956800000,POL/USD,0.10983,0.11066,0.10828,0.10869,6695216.5
1790956800000,S/USD,0.03987,0.04017,0.03926,0.03935,1103273.0
1790956800000,SEI/USD,0.07108,0.07161,0.07069,0.07082,2079286.0
1790956800000,SHIB/USD,5.86e-06,5.9e-06,5.84e-06,5.85e-06,33510370607.0
1790956800000,SOL/USD,119.98,120.44,119.47,119.96,119936.007
1790956800000,STO/USD,0.043,0.0431,0.0426,0.0427,407299.4
1790956800000,SUI/USD,1.1672,1.18,1.1648,1.1703,3127182.1
1790956800000,TAO/USD,308.6,313.2,307.3,308.2,5364.8285
1790956800000,TRUMP/USD,2.137,2.149,2.109,2.127,417133.135
1790956800000,TRX/USD,0.3363,0.337,0.3357,0.3359,7659838.3
1790956800000,TUT/USD,0.02506,0.0254,0.0247,0.02473,4083275.0
1790956800000,UNI/USD,9.039,9.106,8.985,9.013,160762.59
1790956800000,VIRTUAL/USD,0.8076,0.8135,0.8014,0.804,299955.1
1790956800000,WIF/USD,0.254,0.2567,0.2535,0.2535,316865.21
1790956800000,WLD/USD,0.5753,0.5829,0.5643,0.5771,8589968.7
1790956800000,XLM/USD,0.2212,0.2225,0.2206,0.2211,1561545.0
1790956800000,XRP/USD,1.5068,1.5106,1.4986,1.5034,5938087.5
1790956800000,ZEC/USD,1372.2,1378.94,1361.79,1367.39,2958.751
1790956800000,ZEN/USD,7.143,7.227,7.12,7.149,24379.18
1790960400000,1000CHEEMS/USD,0.000539,0.000541,0.000535,0.000536,32169553.0
1790960400000,AAVE/USD,183.28,183.6,181.3,183.46,12336.845
1790960400000,ADA/USD,0.2523,0.2533,0.2493,0.2502,9236705.8
1790960400000,APT/USD,0.8267,0.8328,0.8112,0.8184,582823.27
1790960400000,ARB/USD,0.2031,0.2039,0.2007,0.2018,2683246.8
1790960400000,AVAX/USD,11.093,11.103,10.94,11.051,213336.95
1790960400000,BNB/USD,773.89,774.94,771.2,773.74,4134.318
1790960400000,BONK/USD,3.83e-06,3.84e-06,3.75e-06,3.77e-06,34218163057.0
1790960400000,BTC/USD,85160.0,85258.01,84300.0,84774.75,3627.53644
1790960400000,CAKE/USD,2.561,2.568,2.541,2.552,66051.05
1790960400000,CFX/USD,0.05435,0.05452,0.05359,0.05385,1206088.0
1790960400000,CRV/USD,0.3752,0.3783,0.3736,0.3774,292208.0
1790960400000,DOGE/USD,0.09501,0.0952,0.09419,0.09451,24170132.0
1790960400000,DOT/USD,1.219,1.225,1.202,1.207,428182.7
1790960400000,EIGEN/USD,0.2562,0.2571,0.2476,0.2514,1436634.58
1790960400000,ENA/USD,0.2422,0.2443,0.2414,0.2426,4398787.32
1790960400000,ETH/USD,2690.08,2693.05,2677.47,2684.49,15390.8261
1790960400000,FET/USD,0.2298,0.2306,0.2245,0.2261,5167416.3
1790960400000,FIL/USD,1.0472,1.0499,1.0297,1.0353,415841.84
1790960400000,FLOKI/USD,2.806e-05,2.811e-05,2.771e-05,2.783e-05,2762331102.0
1790960400000,HBAR/USD,0.10338,0.10352,0.10228,0.1028,7876627.0
1790960400000,ICP/USD,3.285,3.299,3.261,3.285,84593.83
1790960400000,LINK/USD,14.179,14.233,14.082,14.134,133903.32
1790960400000,LISTA/USD,0.0879,0.0879,0.0865,0.087,173048.1
1790960400000,LTC/USD,69.89,70.55,69.61,69.69,21203.364
1790960400000,NEAR/USD,4.82,4.878,4.751,4.776,1428181.1
1790960400000,ONDO/USD,0.5025,0.5045,0.4967,0.5008,2269897.1
1790960400000,PAXG/USD,4148.76,4152.93,4140.0,4145.95,129.0865
1790960400000,PENDLE/USD,2.421,2.44,2.408,2.411,69524.2
1790960400000,PENGU/USD,0.00965,0.009675,0.009316,0.009358,131926978.0
1790960400000,PEPE/USD,4.39e-06,4.4e-06,4.28e-06,4.31e-06,605730411933.0
1790960400000,POL/USD,0.10868,0.10898,0.10684,0.10774,5756509.3
1790960400000,S/USD,0.03937,0.03955,0.03878,0.039,975343.5
1790960400000,SEI/USD,0.0708,0.07106,0.06991,0.07038,3515848.2
1790960400000,SHIB/USD,5.84e-06,5.86e-06,5.77e-06,5.8e-06,41206980385.0
1790960400000,SOL/USD,119.96,120.17,119.22,119.69,106672.927
1790960400000,STO/USD,0.0427,0.0429,0.0422,0.0422,600375.9
1790960400000,SUI/USD,1.1703,1.1755,1.1514,1.1631,2951661.0
1790960400000,TAO/USD,308.3,309.2,303.3,304.5,7842.7888
1790960400000,TRUMP/USD,2.126,2.133,2.065,2.073,1119606.487
1790960400000,TRX/USD,0.3359,0.3365,0.3358,0.3364,3249112.8
1790960400000,TUT/USD,0.02473,0.02489,0.02459,0.02461,2160959.0
1790960400000,UNI/USD,9.014,9.042,8.908,8.958,195380.02
1790960400000,VIRTUAL/USD,0.8039,0.8059,0.7861,0.7933,386087.5
1790960400000,WIF/USD,0.2535,0.254,0.2481,0.2501,677362.63
1790960400000,WLD/USD,0.577,0.5779,0.553,0.5617,9977753.8
1790960400000,XLM/USD,0.2212,0.2218,0.218,0.2189,4109405.0
1790960400000,XRP/USD,1.5033,1.5054,1.4925,1.4979,6698934.4
1790960400000,ZEC/USD,1367.36,1369.82,1352.22,1365.32,6132.279
1790960400000,ZEN/USD,7.149,7.167,7.045,7.075,19131.72
1790964000000,1000CHEEMS/USD,0.000537,0.000538,0.000514,0.00052,181786964.0
1790964000000,AAVE/USD,183.47,184.31,178.14,180.46,17582.121
1790964000000,ADA/USD,0.2501,0.2509,0.2369,0.2395,38701370.9
1790964000000,APT/USD,0.8182,0.82,0.7712,0.7815,1492652.78
1790964000000,ARB/USD,0.2017,0.2024,0.1917,0.1942,15456695.7
1790964000000,AVAX/USD,11.05,11.073,10.45,10.593,1063804.99
1790964000000,BNB/USD,773.75,774.4,760.35,764.13,13652.909
1790964000000,BONK/USD,3.77e-06,3.78e-06,3.53e-06,3.56e-06,233759834646.0
1790964000000,BTC/USD,84774.75,84900.0,83888.0,84262.01,1168.56135
1790964000000,CAKE/USD,2.551,2.552,2.453,2.479,653783.71
1790964000000,CFX/USD,0.05388,0.05396,0.05122,0.0516,7046799.0
1790964000000,CRV/USD,0.3773,0.3777,0.3573,0.3638,1964963.5
1790964000000,DOGE/USD,0.09451,0.09466,0.09031,0.09109,195827122.0
1790964000000,DOT/USD,1.207,1.21,1.138,1.15,1350851.25
1790964000000,EIGEN/USD,0.2512,0.2526,0.2371,0.2422,2530848.84
1790964000000,ENA/USD,0.2426,0.2434,0.232,0.2357,20895660.35
1790964000000,ETH/USD,2684.48,2689.3,2650.88,2664.98,30173.5986
1790964000000,FET/USD,0.2261,0.2265,0.2152,0.2184,12579608.1
1790964000000,FIL/USD,1.0352,1.0381,0.98,0.998,1637172.99
1790964000000,FLOKI/USD,2.784e-05,2.786e-05,2.624e-05,2.658e-05,24159077371.0
1790964000000,HBAR/USD,0.1028,0.10304,0.0963,0.09948,31962331.0
1790964000000,ICP/USD,3.286,3.291,3.171,3.199,354193.72
1790964000000,LINK/USD,14.133,14.169,13.152,13.664,781288.1
1790964000000,LISTA/USD,0.087,0.0871,0.0821,0.0835,1495246.5
1790964000000,LTC/USD,69.68,69.83,67.51,68.45,52310.636
1790964000000,NEAR/USD,4.775,4.788,4.605,4.642,3161511.0
1790964000000,ONDO/USD,0.5008,0.5021,0.4732,0.4789,8925099.6
1790964000000,PAXG/USD,4146.99,4152.99,4145.14,4152.99,81.9071
1790964000000,PENDLE/USD,2.411,2.417,2.348,2.367,130264.1
1790964000000,PENGU/USD,0.009357,0.009381,0.008644,0.008775,694473196.0
1790964000000,PEPE/USD,4.31e-06,4.33e-06,4.07e-06,4.19e-06,1722850740058.0
1790964000000,POL/USD,0.10773,0.10787,0.10398,0.10484,9183426.8
1790964000000,S/USD,0.03898,0.03905,0.03688,0.03758,7896633.2
1790964000000,SEI/USD,0.07037,0.07051,0.06674,0.06792,19651731.8
1790964000000,SHIB/USD,5.79e-06,5.81e-06,5.55e-06,5.58e-06,169180206889.0
1790964000000,SOL/USD,119.68,119.87,117.11,118.14,241877.554
1790964000000,STO/USD,0.0422,0.0423,0.0406,0.041,2469484.8
1790964000000,SUI/USD,1.1631,1.1662,1.1032,1.1212,10239114.8
1790964000000,TAO/USD,304.4,305.3,282.0,288.0,39440.8784
1790964000000,TRUMP/USD,2.073,2.08,1.978,1.999,1988944.201
1790964000000,TRX/USD,0.3364,0.3365,0.3351,0.3353,5353898.9
1790964000000,TUT/USD,0.02463,0.02475,0.02396,0.02435,9934235.0
1790964000000,UNI/USD,8.958,8.986,8.58,8.693,701838.67
1790964000000,VIRTUAL/USD,0.7927,0.7953,0.7381,0.748,2383250.6
1790964000000,WIF/USD,0.25,0.2506,0.2349,0.2373,2120917.42
1790964000000,WLD/USD,0.5617,0.5655,0.535,0.5415,10207129.6
1790964000000,XLM/USD,0.219,0.2193,0.2105,0.2126,13002000.0
1790964000000,XRP/USD,1.4978,1.5007,1.4458,1.4643,36850249.4
1790964000000,ZEC/USD,1365.21,1370.0,1271.09,1304.6,21594.58
1790964000000,ZEN/USD,7.072,7.093,6.612,6.723,130132.64
1790967600000,1000CHEEMS/USD,0.000519,0.000521,0.000515,0.000519,55838319.0
1790967600000,AAVE/USD,180.45,181.25,178.25,180.76,7813.117
1790967600000,ADA/USD,0.2394,0.2405,0.2376,0.2396,13280830.4
1790967600000,APT/USD,0.781,0.7853,0.7732,0.7807,665247.93
1790967600000,ARB/USD,0.1943,0.1949,0.1884,0.1912,8188997.3
1790967600000,AVAX/USD,10.593,10.689,10.511,10.595,537773.94
1790967600000,BNB/USD,764.13,766.59,763.11,766.28,6779.664
1790967600000,BONK/USD,3.56e-06,3.59e-06,3.53e-06,3.56e-06,121692302481.0
1790967600000,BTC/USD,84262.01,84354.57,83975.58,84315.28,1115.36515
1790967600000,CAKE/USD,2.48,2.491,2.472,2.49,74132.32
1790967600000,CFX/USD,0.05158,0.05199,0.05113,0.05189,1619914.0
1790967600000,CRV/USD,0.3637,0.3651,0.3578,0.3628,817797.9
1790967600000,DOGE/USD,0.09109,0.09168,0.09064,0.09149,61097502.0
1790967600000,DOT/USD,1.15,1.155,1.14,1.149,720995.8
1790967600000,EIGEN/USD,0.2423,0.2434,0.2356,0.2394,2586588.91
1790967600000,ENA/USD,0.2357,0.2378,0.2347,0.2354,4803346.08
1790967600000,ETH/USD,2664.98,2671.73,2657.2,2668.04,10835.1118
1790967600000,FET/USD,0.2183,0.2195,0.2162,0.2172,6598790.4
1790967600000,FIL/USD,0.9982,1.0068,0.9918,0.9996,583741.43
1790967600000,FLOKI/USD,2.657e-05,2.682e-05,2.646e-05,2.676e-05,5651823875.0
1790967600000,HBAR/USD,0.09948,0.09993,0.0982,0.0996,12047821.0
1790967600000,ICP/USD,3.198,3.234,3.176,3.234,163793.46
1790967600000,LINK/USD,13.664,13.723,13.528,13.589,209032.37
1790967600000,LISTA/USD,0.0835,0.084,0.0829,0.0835,907120.3
1790967600000,LTC/USD,68.46,68.97,67.89,68.67,21407.463
1790967600000,NEAR/USD,4.641,4.658,4.601,4.614,1441228.7
1790967600000,ONDO/USD,0.4789,0.4811,0.472,0.4807,4067954.4
1790967600000,PAXG/USD,4152.99,4156.62,4148.58,4154.68,105.9736
1790967600000,PENDLE/USD,2.367,2.382,2.323,2.335,260726.9
1790967600000,PENGU/USD,0.008776,0.00892,0.008733,0.008853,203373502.0
1790967600000,PEPE/USD,4.18e-06,4.21e-06,4.13e-06,4.17e-06,845697600902.0
1790967600000,POL/USD,0.10484,0.10586,0.10431,0.10573,2554980.9
1790967600000,S/USD,0.03759,0.03777,0.03721,0.03758,3291183.5
1790967600000,SEI/USD,0.06792,0.0686,0.06747,0.06843,3907455.6
1790967600000,SHIB/USD,5.58e-06,5.6e-06,5.52e-06,5.59e-06,63247489368.0
1790967600000,SOL/USD,118.14,118.51,117.45,118.0,142771.573
1790967600000,STO/USD,0.041,0.0411,0.0405,0.0407,604831.0
1790967600000,SUI/USD,1.1212,1.1283,1.1113,1.1213,4099839.2
1790967600000,TAO/USD,288.0,289.1,284.0,286.3,18318.6097
1790967600000,TRUMP/USD,1.998,2.017,1.978,2.016,929935.773
1790967600000,TRX/USD,0.3353,0.3353,0.3349,0.3349,1530751.5
1790967600000,TUT/USD,0.02438,0.02473,0.0242,0.02449,2655906.0
1790967600000,UNI/USD,8.692,8.739,8.602,8.718,216961.76
1790967600000,VIRTUAL/USD,0.7476,0.7524,0.7398,0.7489,717589.6
1790967600000,WIF/USD,0.2372,0.2392,0.234,0.2388,503640.77
1790967600000,WLD/USD,0.5415,0.5441,0.532,0.5411,5801630.0
1790967600000,XLM/USD,0.2126,0.2133,0.2111,0.2121,4824778.0
1790967600000,XRP/USD,1.4643,1.4736,1.4626,1.47,11462390.9
1790967600000,ZEC/USD,1304.61,1307.52,1278.48,1279.96,6576.387
1790967600000,ZEN/USD,6.723,6.756,6.653,6.682,39072.15
1790971200000,1000CHEEMS/USD,0.000519,0.000519,0.000515,0.000515,29875065.0
1790971200000,AAVE/USD,180.76,182.48,179.51,180.33,10116.763
1790971200000,ADA/USD,0.2395,0.2411,0.2389,0.239,10754448.4
1790971200000,APT/USD,0.7808,0.7853,0.7705,0.7709,466037.83
1790971200000,ARB/USD,0.1913,0.1937,0.1912,0.1921,4975740.2
1790971200000,AVAX/USD,10.595,10.646,10.542,10.544,418206.32
1790971200000,BNB/USD,766.28,767.0,763.73,764.1,3830.763
1790971200000,BONK/USD,3.56e-06,3.6e-06,3.55e-06,3.56e-06,78051867820.0
1790971200000,BTC/USD,84315.27,84531.99,84232.01,84459.04,602.58932
1790971200000,CAKE/USD,2.492,2.495,2.464,2.469,56111.32
1790971200000,CFX/USD,0.0519,0.05205,0.05157,0.05172,1157632.0
1790971200000,CRV/USD,0.3629,0.3644,0.3579,0.3584,367258.9
1790971200000,DOGE/USD,0.09149,0.09183,0.09119,0.09129,51475751.0
1790971200000,DOT/USD,1.149,1.156,1.143,1.143,487460.84
1790971200000,EIGEN/USD,0.2395,0.2408,0.2383,0.2384,680614.52
1790971200000,ENA/USD,0.2355,0.2372,0.2323,0.2323,5454105.53
1790971200000,ETH/USD,2668.04,2671.35,2659.02,2661.74,5700.7391
1790971200000,FET/USD,0.2173,0.2184,0.2155,0.2158,3724784.3
1790971200000,FIL/USD,0.9996,1.0078,0.9994,0.9998,404796.94
1790971200000,FLOKI/USD,2.676e-05,2.685e-05,2.663e-05,2.669e-05,3877627434.0
1790971200000,HBAR/USD,0.09959,0.10007,0.0992,0.0994,7996395.0
1790971200000,ICP/USD,3.235,3.245,3.211,3.215,89220.68
1790971200000,LINK/USD,13.588,13.675,13.554,13.555,187851.49
1790971200000,LISTA/USD,0.0837,0.0839,0.0829,0.0829,259840.0
1790971200000,LTC/USD,68.67,69.21,68.58,68.61,15685.143
1790971200000,NEAR/USD,4.614,4.675,4.59,4.629,1568664.9
1790971200000,ONDO/USD,0.4808,0.488,0.4808,0.4845,2101227.2
1790971200000,PAXG/USD,4154.81,4155.42,4144.36,4149.26,72.5968
1790971200000,PENDLE/USD,2.336,2.341,2.309,2.309,67072.3
1790971200000,PENGU/USD,0.008854,0.008897,0.008717,0.008736,170560313.0
1790971200000,PEPE/USD,4.18e-06,4.19e-06,4.14e-06,4.15e-06,338972785913.0
1790971200000,POL/USD,0.10573,0.10605,0.10492,0.10521,1474420.1
1790971200000,S/USD,0.03759,0.03771,0.03731,0.03736,1527755.6
1790971200000,SEI/USD,0.06842,0.06879,0.06804,0.06807,2652849.5
1790971200000,SHIB/USD,5.59e-06,5.63e-06,5.57e-06,5.58e-06,52966805476.0
1790971200000,SOL/USD,118.0,118.29,117.7,117.77,67403.233
1790971200000,STO/USD,0.0407,0.041,0.0406,0.0407,792196.0
1790971200000,SUI/USD,1.1214,1.1285,1.1186,1.1195,3013973.9
1790971200000,TAO/USD,286.3,288.2,285.3,285.7,7341.5982
1790971200000,TRUMP/USD,2.016,2.042,2.01,2.03,583595.617
1790971200000,TRX/USD,0.335,0.3351,0.3345,0.3345,2570980.7
1790971200000,TUT/USD,0.0245,0.02476,0.02444,0.0247,1842315.0
1790971200000,UNI/USD,8.718,8.777,8.697,8.711,137644.33
1790971200000,VIRTUAL/USD,0.7489,0.7546,0.7455,0.7464,589791.1
1790971200000,WIF/USD,0.2389,0.2402,0.2374,0.2377,434979.17
1790971200000,WLD/USD,0.5411,0.5487,0.5368,0.544,5406009.8
1790971200000,XLM/USD,0.2121,0.2126,0.2102,0.2116,5093912.0
1790971200000,XRP/USD,1.47,1.478,1.47,1.4723,6939067.3
1790971200000,ZEC/USD,1279.99,1292.9,1277.22,1278.31,6644.986
1790971200000,ZEN/USD,6.684,6.727,6.63,6.637,47402.44
1790974800000,1000CHEEMS/USD,0.000516,0.000518,0.000514,0.000517,24775204.0
1790974800000,AAVE/USD,180.3,181.84,179.44,181.49,4926.924
1790974800000,ADA/USD,0.2389,0.2412,0.2389,0.2411,4396635.1
1790974800000,APT/USD,0.771,0.781,0.7709,0.78,442001.65
1790974800000,ARB/USD,0.192,0.1938,0.192,0.1936,1894669.0
1790974800000,AVAX/USD,10.542,10.689,10.54,10.681,217110.33
1790974800000,BNB/USD,764.1,766.57,764.0,766.25,2151.024
1790974800000,BONK/USD,3.55e-06,3.6e-06,3.54e-06,3.57e-06,54643583272.0
1790974800000,BTC/USD,84459.04,84544.46,84422.01,84531.69,339.92666
1790974800000,CAKE/USD,2.467,2.482,2.466,2.481,48081.82
1790974800000,CFX/USD,0.05163,0.0523,0.05163,0.0523,1352084.0
1790974800000,CRV/USD,0.3583,0.3597,0.3545,0.3581,585927.8
1790974800000,DOGE/USD,0.09129,0.09216,0.09127,0.09214,23377386.0
1790974800000,DOT/USD,1.142,1.151,1.141,1.147,361670.25
1790974800000,EIGEN/USD,0.2383,0.2409,0.2373,0.2407,531306.49
1790974800000,ENA/USD,0.2322,0.2335,0.2318,0.2323,3179765.87
1790974800000,ETH/USD,2661.73,2666.29,2657.2,2665.45,5675.2139
1790974800000,FET/USD,0.2157,0.2182,0.2155,0.2178,2706675.2
1790974800000,FIL/USD,0.9997,1.0172,0.9992,1.0169,264991.39
1790974800000,FLOKI/USD,2.666e-05,2.694e-05,2.665e-05,2.694e-05,2369621417.0
1790974800000,HBAR/USD,0.09939,0.10079,0.09937,0.10076,4457691.0
1790974800000,ICP/USD,3.217,3.267,3.209,3.264,79740.39
1790974800000,LINK/USD,13.554,13.686,13.548,13.676,96262.85
1790974800000,LISTA/USD,0.0828,0.0833,0.0814,0.083,338727.7
1790974800000,LTC/USD,68.61,69.78,68.6,69.74,29825.038
1790974800000,NEAR/USD,4.628,4.683,4.628,4.662,786390.5
1790974800000,ONDO/USD,0.4844,0.4919,0.4843,0.4918,1522447.4
1790974800000,PAXG/USD,4149.74,4153.32,4145.99,4147.91,87.4329
1790974800000,PENDLE/USD,2.308,2.346,2.307,2.342,149905.4
1790974800000,PENGU/USD,0.008735,0.008833,0.00873,0.008824,77974844.0
1790974800000,PEPE/USD,4.15e-06,4.21e-06,4.15e-06,4.21e-06,151062565761.0
1790974800000,POL/USD,0.10521,0.10613,0.10519,0.10608,974274.5
1790974800000,S/USD,0.03735,0.03767,0.03731,0.03765,1597516.5
1790974800000,SEI/USD,0.06806,0.06897,0.06804,0.06892,3012117.7
1790974800000,SHIB/USD,5.59e-06,5.66e-06,5.58e-06,5.65e-06,19879140885.0
1790974800000,SOL/USD,117.77,118.25,117.7,118.22,55510.182
1790974800000,STO/USD,0.0407,0.0411,0.0406,0.0411,283705.6
1790974800000,SUI/USD,1.1195,1.1275,1.1177,1.1269,2294359.1
1790974800000,TAO/USD,285.6,288.3,285.5,287.7,5586.7745
1790974800000,TRUMP/USD,2.03,2.054,2.029,2.054,314010.761
1790974800000,TRX/USD,0.3345,0.3346,0.3342,0.3344,2001458.9
1790974800000,TUT/USD,0.0247,0.02506,0.02468,0.02505,2152161.0
1790974800000,UNI/USD,8.712,8.801,8.707,8.801,150745.97
1790974800000,VIRTUAL/USD,0.7462,0.7546,0.7458,0.7544,447292.0
1790974800000,WIF/USD,0.2377,0.2431,0.2377,0.243,169903.69
1790974800000,WLD/USD,0.5441,0.5499,0.5272,0.5416,5906574.0
1790974800000,XLM/USD,0.2115,0.2135,0.2115,0.2134,1632112.0
1790974800000,XRP/USD,1.4723,1.4771,1.4712,1.4765,3659836.1
1790974800000,ZEC/USD,1278.31,1292.94,1277.2,1289.44,4847.967
1790974800000,ZEN/USD,6.633,6.74,6.615,6.74,18000.94
1790978400000,1000CHEEMS/USD,0.000518,0.000519,0.000515,0.000519,11763437.0
1790978400000,AAVE/USD,181.5,181.85,178.77,179.46,7787.729
1790978400000,ADA/USD,0.2412,0.2423,0.2402,0.2421,4960299.1
1790978400000,APT/USD,0.78,0.7848,0.7734,0.782,345570.41
1790978400000,ARB/USD,0.1936,0.1943,0.192,0.1936,1615378.2
1790978400000,AVAX/USD,10.682,10.744,10.612,10.722,212504.15
1790978400000,BNB/USD,766.25,767.26,764.89,766.75,2446.419
1790978400000,BONK/USD,3.57e-06,3.58e-06,3.54e-06,3.57e-06,44187995677.0
1790978400000,BTC/USD,84531.68,84567.22,84460.0,84560.0,664.66409
1790978400000,CAKE/USD,2.482,2.483,2.47,2.478,38782.76
1790978400000,CFX/USD,0.05231,0.05247,0.0521,0.05247,1143075.0
1790978400000,CRV/USD,0.3582,0.3601,0.3575,0.3591,428376.2
1790978400000,DOGE/USD,0.09214,0.09253,0.09183,0.09244,26194945.0
1790978400000,DOT/USD,1.148,1.149,1.138,1.145,356247.35
1790978400000,EIGEN/USD,0.2407,0.2422,0.238,0.2417,367603.29
1790978400000,ENA/USD,0.2323,0.2327,0.2279,0.2308,6582104.29
1790978400000,ETH/USD,2665.45,2668.64,2661.25,2668.01,4887.2063
1790978400000,FET/USD,0.2179,0.2182,0.2146,0.217,2905319.0
1790978400000,FIL/USD,1.0169,1.0277,1.0089,1.0263,295745.8
1790978400000,FLOKI/USD,2.693e-05,2.697e-05,2.68e-05,2.692e-05,964272115.0
1790978400000,HBAR/USD,0.10076,0.10177,0.10048,0.10165,4583847.0
1790978400000,ICP/USD,3.265,3.265,3.237,3.258,68651.23
1790978400000,LINK/USD,13.676,13.75,13.644,13.737,99984.88
1790978400000,LISTA/USD,0.0832,0.0834,0.0827,0.0834,92493.0
1790978400000,LTC/USD,69.74,69.94,69.3,69.42,10329.417
1790978400000,NEAR/USD,4.663,4.666,4.632,4.659,683034.9
1790978400000,ONDO/USD,0.4919,0.4931,0.488,0.4913,751505.1
1790978400000,PAXG/USD,4147.91,4155.79,4147.91,4152.22,99.2221
1790978400000,PENDLE/USD,2.343,2.351,2.328,2.346,18711.2
1790978400000,PENGU/USD,0.008824,0.008894,0.008789,0.00886,134256155.0
1790978400000,PEPE/USD,4.2e-06,4.24e-06,4.19e-06,4.23e-06,193667991929.0
1790978400000,POL/USD,0.10609,0.10643,0.10563,0.10637,724651.1
1790978400000,S/USD,0.03768,0.03778,0.03728,0.03769,2523504.7
1790978400000,SEI/USD,0.06891,0.0691,0.06842,0.06881,1925763.3
1790978400000,SHIB/USD,5.65e-06,5.7e-06,5.63e-06,5.68e-06,21488958286.0
1790978400000,SOL/USD,118.22,118.59,118.01,118.52,55201.108
1790978400000,STO/USD,0.041,0.0413,0.0408,0.0413,288114.3
1790978400000,SUI/USD,1.1269,1.1279,1.119,1.1266,1514645.4
1790978400000,TAO/USD,287.8,289.4,286.4,288.7,4417.9757
1790978400000,TRUMP/USD,2.054,2.078,2.053,2.076,342230.829
1790978400000,TRX/USD,0.3344,0.3346,0.3342,0.3346,1541531.3
1790978400000,TUT/USD,0.02506,0.02525,0.02491,0.02517,2312024.0
1790978400000,UNI/USD,8.8,8.886,8.751,8.866,99960.07
1790978400000,VIRTUAL/USD,0.7548,0.7572,0.7496,0.7533,297740.7
1790978400000,WIF/USD,0.243,0.2471,0.2416,0.247,349350.71
1790978400000,WLD/USD,0.5416,0.543,0.5351,0.5393,2364346.8
1790978400000,XLM/USD,0.2135,0.2143,0.2128,0.2141,1252998.0
1790978400000,XRP/USD,1.4766,1.4807,1.4732,1.4805,3854006.9
1790978400000,ZEC/USD,1289.48,1292.29,1279.05,1291.5,3074.382
1790978400000,ZEN/USD,6.743,6.75,6.661,6.722,25373.49
1790982000000,1000CHEEMS/USD,0.000518,0.000523,0.000518,0.000522,9697449.0
1790982000000,AAVE/USD,179.47,180.59,179.02,179.59,6559.117
1790982000000,ADA/USD,0.2421,0.2447,0.2419,0.2444,5454820.5
1790982000000,APT/USD,0.7821,0.7955,0.7815,0.7937,416877.81
1790982000000,ARB/USD,0.1937,0.1961,0.1934,0.1959,1893839.7
1790982000000,AVAX/USD,10.723,10.822,10.672,10.8,107431.71
1790982000000,BNB/USD,766.75,768.68,766.24,768.25,1404.867
1790982000000,BONK/USD,3.58e-06,3.65e-06,3.57e-06,3.63e-06,47867216246.0
1790982000000,BTC/USD,84559.99,84590.01,84488.0,84518.01,425.46843
1790982000000,CAKE/USD,2.478,2.494,2.478,2.494,18322.08
1790982000000,CFX/USD,0.05244,0.05318,0.05244,0.05307,418565.0
1790982000000,CRV/USD,0.3592,0.37,0.3591,0.3696,889054.1
1790982000000,DOGE/USD,0.09244,0.09306,0.09232,0.09293,20518444.0
1790982000000,DOT/USD,1.145,1.158,1.141,1.155,275066.86
1790982000000,EIGEN/USD,0.2416,0.2467,0.2408,0.246,234973.1
1790982000000,ENA/USD,0.2309,0.2325,0.2307,0.2324,3741548.76
1790982000000,ETH/USD,2668.0,2670.13,2665.81,2668.59,3807.2762
1790982000000,FET/USD,0.217,0.2194,0.216,0.2191,3003641.1
1790982000000,FIL/USD,1.0263,1.0358,1.0206,1.0335,348996.78
1790982000000,FLOKI/USD,2.692e-05,2.725e-05,2.687e-05,2.723e-05,2091119239.0
1790982000000,HBAR/USD,0.10165,0.10262,0.10145,0.1024,3000750.0
1790982000000,ICP/USD,3.258,3.289,3.242,3.285,128559.75
1790982000000,LINK/USD,13.737,13.813,13.719,13.794,90930.84
1790982000000,LISTA/USD,0.0834,0.0847,0.0834,0.0846,66473.4
1790982000000,LTC/USD,69.42,69.94,69.06,69.89,8468.334
1790982000000,NEAR/USD,4.659,4.711,4.658,4.692,595277.6
1790982000000,ONDO/USD,0.4913,0.4952,0.4905,0.4927,1127652.3
1790982000000,PAXG/USD,4152.22,4152.59,4151.88,4152.58,12.98
1790982000000,PENDLE/USD,2.346,2.355,2.34,2.351,19370.5
1790982000000,PENGU/USD,0.008861,0.008951,0.00884,0.008927,55683967.0
1790982000000,PEPE/USD,4.23e-06,4.26e-06,4.21e-06,4.25e-06,180335648294.0
1790982000000,POL/USD,0.10634,0.10736,0.10625,0.10724,1450394.9
1790982000000,S/USD,0.03768,0.03805,0.0376,0.03798,705966.8
1790982000000,SEI/USD,0.06882,0.06935,0.06874,0.06927,1601742.4
1790982000000,SHIB/USD,5.69e-06,5.74e-06,5.68e-06,5.72e-06,22525116174.0
1790982000000,SOL/USD,118.52,118.76,118.31,118.65,46425.844
1790982000000,STO/USD,0.0414,0.0421,0.0414,0.0421,325422.4
1790982000000,SUI/USD,1.1267,1.1495,1.1236,1.1461,2140458.8
1790982000000,TAO/USD,288.7,293.0,288.1,292.0,3062.9349
1790982000000,TRUMP/USD,2.076,2.123,2.072,2.115,874842.876
1790982000000,TRX/USD,0.3346,0.3348,0.3345,0.3347,1925270.6
1790982000000,TUT/USD,0.02517,0.02533,0.02509,0.02528,1797609.0
1790982000000,UNI/USD,8.868,8.973,8.859,8.953,141707.7
1790982000000,VIRTUAL/USD,0.7533,0.7633,0.7518,0.7604,243718.4
1790982000000,WIF/USD,0.247,0.2499,0.247,0.2492,175489.66
1790982000000,WLD/USD,0.5393,0.5599,0.5379,0.5566,3625289.4
1790982000000,XLM/USD,0.2142,0.2157,0.2139,0.2155,1057612.0
1790982000000,XRP/USD,1.4805,1.487,1.4797,1.4847,2546146.4
1790982000000,ZEC/USD,1291.69,1305.44,1289.44,1301.48,3096.182
1790982000000,ZEN/USD,6.724,6.831,6.718,6.816,14494.49
1790985600000,1000CHEEMS/USD,0.000522,0.000525,0.000522,0.000524,7903706.0
1790985600000,AAVE/USD,179.6,180.46,178.51,179.53,7970.8
1790985600000,ADA/USD,0.2445,0.247,0.2441,0.2466,6549122.8
1790985600000,APT/USD,0.7938,0.8055,0.7935,0.8025,512935.14
1790985600000,ARB/USD,0.196,0.1982,0.1955,0.198,1785916.3
1790985600000,AVAX/USD,10.8,10.925,10.764,10.907,226830.37
1790985600000,BNB/USD,768.25,769.41,767.81,769.33,3311.485
1790985600000,BONK/USD,3.63e-06,3.67e-06,3.63e-06,3.66e-06,26164819457.0
1790985600000,BTC/USD,84518.0,84686.28,84456.02,84660.11,312.84604
1790985600000,CAKE/USD,2.492,2.504,2.489,2.502,31837.08
1790985600000,CFX/USD,0.05307,0.0533,0.05298,0.05302,521013.0
1790985600000,CRV/USD,0.3698,0.374,0.3693,0.3727,538402.3
1790985600000,DOGE/USD,0.09294,0.09356,0.09281,0.09331,31073900.0
1790985600000,DOT/USD,1.154,1.173,1.151,1.163,557800.64
1790985600000,EIGEN/USD,0.2461,0.2499,0.2455,0.2488,461364.41
1790985600000,ENA/USD,0.2325,0.2359,0.2321,0.234,4424481.75
1790985600000,ETH/USD,2668.59,2678.76,2665.67,2676.75,6619.4555
1790985600000,FET/USD,0.2191,0.221,0.2183,0.2202,2362326.2
1790985600000,FIL/USD,1.0335,1.0467,1.0323,1.0416,442283.39
1790985600000,FLOKI/USD,2.721e-05,2.734e-05,2.718e-05,2.73e-05,1122932876.0
1790985600000,HBAR/USD,0.10241,0.10283,0.1022,0.1024,3481583.0
1790985600000,ICP/USD,3.285,3.337,3.281,3.311,195348.55
1790985600000,LINK/USD,13.794,13.903,13.782,13.893,131525.54
1790985600000,LISTA/USD,0.0846,0.0852,0.0845,0.0849,54729.4
1790985600000,LTC/USD,69.9,71.36,69.85,71.16,28967.227
1790985600000,NEAR/USD,4.692,4.737,4.683,4.71,760533.0
1790985600000,ONDO/USD,0.4928,0.4965,0.4915,0.4955,1234772.3
1790985600000,PAXG/USD,4152.58,4152.58,4152.21,4152.22,5.2091
1790985600000,PENDLE/USD,2.352,2.365,2.344,2.364,15422.0
1790985600000,PENGU/USD,0.008928,0.009078,0.008909,0.009054,162318231.0
1790985600000,PEPE/USD,4.25e-06,4.29e-06,4.24e-06,4.26e-06,127822602237.0
1790985600000,POL/USD,0.10726,0.10776,0.10684,0.10766,1922779.5
1790985600000,S/USD,0.03799,0.03827,0.03794,0.03811,771421.0
1790985600000,SEI/USD,0.06927,0.0704,0.06918,0.07022,3905535.7
1790985600000,SHIB/USD,5.73e-06,5.74e-06,5.7e-06,5.72e-06,34572797835.0
1790985600000,SOL/USD,118.65,119.26,118.52,119.03,54827.081
1790985600000,STO/USD,0.042,0.0423,0.042,0.042,675035.9
1790985600000,SUI/USD,1.1462,1.1905,1.1445,1.1868,6947613.2
1790985600000,TAO/USD,292.1,295.0,291.0,293.6,5116.7094
1790985600000,TRUMP/USD,2.115,2.13,2.103,2.107,593716.4
1790985600000,TRX/USD,0.3346,0.3347,0.3344,0.3345,1321633.8
1790985600000,TUT/USD,0.02528,0.02528,0.02492,0.02494,4458920.0
1790985600000,UNI/USD,8.954,9.085,8.935,9.07,263983.18
1790985600000,VIRTUAL/USD,0.7605,0.7699,0.7588,0.7699,291162.8
1790985600000,WIF/USD,0.2492,0.2503,0.2473,0.2477,372931.01
1790985600000,WLD/USD,0.5567,0.5671,0.5563,0.5619,7252999.0
1790985600000,XLM/USD,0.2155,0.2163,0.2147,0.2156,1674557.0
1790985600000,XRP/USD,1.4848,1.4915,1.4829,1.4891,2681483.2
1790985600000,ZEC/USD,1301.65,1330.27,1300.0,1321.03,5226.693
1790985600000,ZEN/USD,6.816,6.867,6.796,6.861,17436.76
1790989200000,1000CHEEMS/USD,0.000523,0.000524,0.000521,0.000523,15813439.0
1790989200000,AAVE/USD,179.51,181.97,179.02,181.82,7337.439
1790989200000,ADA/USD,0.2466,0.2485,0.2459,0.2474,4803377.2
1790989200000,APT/USD,0.8025,0.8063,0.7982,0.8016,267452.5
1790989200000,ARB/USD,0.1979,0.198,0.1963,0.1971,1624003.9
1790989200000,AVAX/USD,10.907,10.973,10.877,10.934,175671.73
1790989200000,BNB/USD,769.33,769.94,768.41,769.09,2280.685
1790989200000,BONK/USD,3.66e-06,3.7e-06,3.65e-06,3.66e-06,23302735356.0
1790989200000,BTC/USD,84660.11,84720.58,84608.19,84640.0,238.75301
1790989200000,CAKE/USD,2.502,2.505,2.489,2.491,55355.48
1790989200000,CFX/USD,0.05304,0.05331,0.05292,0.05294,254391.0
1790989200000,CRV/USD,0.3728,0.374,0.3704,0.372,316519.0
1790989200000,DOGE/USD,0.0933,0.09364,0.09311,0.09316,14620297.0
1790989200000,DOT/USD,1.163,1.176,1.159,1.164,371042.38
1790989200000,EIGEN/USD,0.2488,0.25,0.2465,0.2468,270757.7
1790989200000,ENA/USD,0.2341,0.2355,0.2333,0.2346,2351874.77
1790989200000,ETH/USD,2676.82,2684.61,2674.65,2679.76,4588.2893
1790989200000,FET/USD,0.2203,0.2222,0.219,0.2192,2146397.0
1790989200000,FIL/USD,1.0417,1.0456,1.0372,1.041,300481.64
1790989200000,FLOKI/USD,2.73e-05,2.743e-05,2.72e-05,2.723e-05,1778979809.0
1790989200000,HBAR/USD,0.10241,0.10242,0.1012,0.10122,4123517.0
1790989200000,ICP/USD,3.311,3.327,3.291,3.324,92166.32
1790989200000,LINK/USD,13.892,13.964,13.858,13.937,129385.18
1790989200000,LISTA/USD,0.0848,0.0855,0.0847,0.0847,56848.7
1790989200000,LTC/USD,71.16,71.16,70.21,70.25,17979.295
1790989200000,NEAR/USD,4.71,4.74,4.683,4.696,632254.7
1790989200000,ONDO/USD,0.4955,0.4981,0.492,0.4922,964416.9
1790989200000,PAXG/USD,4152.21,4152.22,4146.8,4150.46,24.8873
1790989200000,PENDLE/USD,2.361,2.385,2.358,2.37,129859.5
1790989200000,PENGU/USD,0.009054,0.009111,0.008971,0.00898,74808884.0
1790989200000,PEPE/USD,4.26e-06,4.29e-06,4.25e-06,4.25e-06,98727100435.0
1790989200000,POL/USD,0.10766,0.10819,0.10749,0.10789,1423762.4
1790989200000,S/USD,0.03809,0.03841,0.03801,0.03805,685504.0
1790989200000,SEI/USD,0.07024,0.07076,0.06999,0.07062,3484993.2
1790989200000,SHIB/USD,5.72e-06,5.75e-06,5.7e-06,5.71e-06,12136954855.0
1790989200000,SOL/USD,119.03,119.71,118.84,119.1,59434.205
1790989200000,STO/USD,0.042,0.0421,0.0418,0.0418,220462.0
1790989200000,SUI/USD,1.1868,1.1981,1.1711,1.1727,6625720.0
1790989200000,TAO/USD,293.5,295.8,292.6,294.9,3361.7726
1790989200000,TRUMP/USD,2.106,2.116,2.092,2.094,368843.726
1790989200000,TRX/USD,0.3346,0.335,0.3345,0.3346,1569142.5
1790989200000,TUT/USD,0.02496,0.02509,0.02479,0.02484,1522672.0
1790989200000,UNI/USD,9.071,9.149,9.024,9.133,283689.01
1790989200000,VIRTUAL/USD,0.7698,0.7782,0.7669,0.7687,368005.2
1790989200000,WIF/USD,0.2476,0.2496,0.2463,0.2464,200875.96
1790989200000,WLD/USD,0.562,0.5734,0.5589,0.5643,4276816.9
1790989200000,XLM/USD,0.2156,0.217,0.215,0.2163,1345820.0
1790989200000,XRP/USD,1.489,1.4935,1.4867,1.4897,2659287.9
1790989200000,ZEC/USD,1320.95,1327.32,1317.85,1320.58,2352.913
1790989200000,ZEN/USD,6.86,6.893,6.82,6.832,10272.23
1790992800000,1000CHEEMS/USD,0.000522,0.000524,0.00052,0.000524,16412828.0
1790992800000,AAVE/USD,181.83,182.77,180.1,180.25,6313.166
1790992800000,ADA/USD,0.2474,0.2487,0.2468,0.2468,4302237.4
1790992800000,APT/USD,0.8012,0.8038,0.7904,0.7913,598253.83
1790992800000,ARB/USD,0.1971,0.1997,0.1969,0.1979,1677533.1
1790992800000,AVAX/USD,10.934,10.956,10.846,10.864,205095.64
1790992800000,BNB/USD,769.09,769.12,767.81,768.34,1843.401
1790992800000,BONK/USD,3.66e-06,3.68e-06,3.63e-06,3.64e-06,17525150483.0
1790992800000,BTC/USD,84640.01,84701.38,84600.0,84600.0,223.23756
1790992800000,CAKE/USD,2.491,2.498,2.49,2.493,13316.88
1790992800000,CFX/USD,0.05297,0.0532,0.05292,0.05304,118687.0
1790992800000,CRV/USD,0.3722,0.3752,0.3692,0.3735,343721.9
1790992800000,DOGE/USD,0.09317,0.09339,0.09299,0.09304,9264544.0
1790992800000,DOT/USD,1.165,1.175,1.162,1.163,247530.04
1790992800000,EIGEN/USD,0.2468,0.2494,0.2468,0.2472,382573.41
1790992800000,ENA/USD,0.2346,0.2363,0.2332,0.2332,2623880.15
1790992800000,ETH/USD,2679.76,2683.2,2676.2,2677.14,2822.6114
1790992800000,FET/USD,0.2192,0.2217,0.2182,0.2183,2444540.7
1790992800000,FIL/USD,1.0409,1.058,1.0388,1.0517,676116.66
1790992800000,FLOKI/USD,2.724e-05,2.739e-05,2.724e-05,2.727e-05,427100049.0
1790992800000,HBAR/USD,0.10121,0.10206,0.10102,0.10106,2877271.0
1790992800000,ICP/USD,3.322,3.385,3.322,3.353,176022.48
1790992800000,LINK/USD,13.939,13.963,13.894,13.922,54108.36
1790992800000,LISTA/USD,0.0848,0.0851,0.0847,0.0849,42648.3
1790992800000,LTC/USD,70.26,70.37,69.84,69.86,10115.219
1790992800000,NEAR/USD,4.696,4.735,4.675,4.682,739943.4
1790992800000,ONDO/USD,0.4923,0.4947,0.489,0.489,866847.9
1790992800000,PAXG/USD,4150.46,4153.41,4150.3,4150.46,12.4182
1790992800000,PENDLE/USD,2.37,2.376,2.358,2.358,23597.9
1790992800000,PENGU/USD,0.008979,0.009044,0.008937,0.008939,32700201.0
1790992800000,PEPE/USD,4.26e-06,4.28e-06,4.25e-06,4.27e-06,77372784611.0
1790992800000,POL/USD,0.10789,0.10825,0.10749,0.10767,1233907.5
1790992800000,S/USD,0.03805,0.03834,0.03804,0.03819,480296.1
1790992800000,SEI/USD,0.07062,0.07118,0.07033,0.0709,3178710.6
1790992800000,SHIB/USD,5.71e-06,5.73e-06,5.7e-06,5.7e-06,11916917679.0
1790992800000,SOL/USD,119.1,119.29,118.86,118.9,29909.978
1790992800000,STO/USD,0.0418,0.042,0.0416,0.0419,328254.2
1790992800000,SUI/USD,1.1727,1.1823,1.1638,1.1643,2534176.9
1790992800000,TAO/USD,295.0,296.4,293.0,293.0,2128.8514
1790992800000,TRUMP/USD,2.094,2.104,2.082,2.084,196909.488
1790992800000,TRX/USD,0.3347,0.3347,0.3344,0.3344,1312648.9
1790992800000,TUT/USD,0.02484,0.0249,0.02458,0.02462,3490187.0
1790992800000,UNI/USD,9.133,9.196,9.045,9.091,320075.22
1790992800000,VIRTUAL/USD,0.7685,0.7727,0.7658,0.7662,155312.0
1790992800000,WIF/USD,0.2464,0.2466,0.2441,0.2445,322336.7
1790992800000,WLD/USD,0.5644,0.5773,0.564,0.5668,5858568.1
1790992800000,XLM/USD,0.2162,0.2167,0.2154,0.2155,3869152.0
1790992800000,XRP/USD,1.4897,1.4912,1.4853,1.4856,1361140.8
1790992800000,ZEC/USD,1320.75,1328.0,1319.29,1320.53,1967.611
1790992800000,ZEN/USD,6.833,6.888,6.822,6.847,15979.39
1790996400000,1000CHEEMS/USD,0.000524,0.000527,0.000523,0.000525,21600611.0
1790996400000,AAVE/USD,180.23,181.73,179.49,179.5,8974.55
1790996400000,ADA/USD,0.2469,0.2481,0.2465,0.2477,3510387.6
1790996400000,APT/USD,0.7912,0.799,0.791,0.7966,231418.8
1790996400000,ARB/USD,0.1978,0.1984,0.1971,0.1977,1612881.3
1790996400000,AVAX/USD,10.864,10.953,10.862,10.92,124537.92
1790996400000,BNB/USD,768.34,769.2,767.5,768.36,1374.837
1790996400000,BONK/USD,3.64e-06,3.68e-06,3.64e-06,3.65e-06,25161377537.0
1790996400000,BTC/USD,84600.01,84699.56,84522.63,84699.56,210.83043
1790996400000,CAKE/USD,2.492,2.5,2.484,2.492,22196.63
1790996400000,CFX/USD,0.05302,0.05367,0.05302,0.0535,1068852.0
1790996400000,CRV/USD,0.3735,0.3743,0.371,0.3727,164638.9
1790996400000,DOGE/USD,0.09303,0.09335,0.09291,0.09331,9519826.0
1790996400000,DOT/USD,1.162,1.165,1.149,1.158,1206942.57
1790996400000,EIGEN/USD,0.2474,0.2521,0.2472,0.2518,645283.06
1790996400000,ENA/USD,0.2333,0.2341,0.23,0.2327,13251406.68
1790996400000,ETH/USD,2677.15,2682.04,2676.12,2682.04,2263.3866
1790996400000,FET/USD,0.2184,0.2199,0.2179,0.2189,2691413.5
1790996400000,FIL/USD,1.0516,1.0677,1.0472,1.0625,739113.68
1790996400000,FLOKI/USD,2.727e-05,2.739e-05,2.724e-05,2.738e-05,654240637.0
1790996400000,HBAR/USD,0.10104,0.10146,0.10066,0.10102,3860873.0
1790996400000,ICP/USD,3.353,3.361,3.335,3.345,100660.06
1790996400000,LINK/USD,13.922,13.972,13.912,13.943,51491.53
1790996400000,LISTA/USD,0.0849,0.0856,0.0847,0.0854,17182.9
1790996400000,LTC/USD,69.85,69.98,69.04,69.07,10965.211
1790996400000,NEAR/USD,4.681,4.711,4.672,4.695,354947.9
1790996400000,ONDO/USD,0.489,0.4901,0.4855,0.4885,1563864.6
1790996400000,PAXG/USD,4150.46,4151.16,4150.45,4150.92,15.5114
1790996400000,PENDLE/USD,2.357,2.369,2.357,2.364,8470.1
1790996400000,PENGU/USD,0.00894,0.008989,0.008932,0.008982,36320656.0
1790996400000,PEPE/USD,4.27e-06,4.29e-06,4.25e-06,4.27e-06,105410441469.0
1790996400000,POL/USD,0.10766,0.10823,0.10745,0.10794,1246229.5
1790996400000,S/USD,0.03817,0.03834,0.03817,0.03822,713454.1
1790996400000,SEI/USD,0.07088,0.07172,0.07086,0.07149,3257755.6
1790996400000,SHIB/USD,5.7e-06,5.75e-06,5.7e-06,5.74e-06,16862757507.0
1790996400000,SOL/USD,118.9,119.4,118.82,119.4,23795.578
1790996400000,STO/USD,0.0419,0.0419,0.0417,0.0418,148289.4
1790996400000,SUI/USD,1.1642,1.1685,1.158,1.1629,2228601.7
1790996400000,TAO/USD,293.0,296.0,291.7,292.2,11423.0607
1790996400000,TRUMP/USD,2.084,2.107,2.084,2.099,334424.884
1790996400000,TRX/USD,0.3344,0.3345,0.3343,0.3344,1203636.3
1790996400000,TUT/USD,0.02459,0.02462,0.02448,0.02453,1455038.0
1790996400000,UNI/USD,9.092,9.214,9.08,9.18,407644.84
1790996400000,VIRTUAL/USD,0.7659,0.7703,0.7643,0.7671,306916.5
1790996400000,WIF/USD,0.2445,0.2462,0.2445,0.2453,184578.5
1790996400000,WLD/USD,0.5668,0.5688,0.5619,0.566,3169903.7
1790996400000,XLM/USD,0.2155,0.2162,0.2155,0.216,900237.0
1790996400000,XRP/USD,1.4855,1.4903,1.485,1.4895,1453611.8
1790996400000,ZEC/USD,1320.43,1326.12,1320.43,1323.37,890.967
1790996400000,ZEN/USD,6.848,6.88,6.833,6.861,12459.88
1791000000000,1000CHEEMS/USD,0.000526,0.000528,0.000524,0.000527,22272046.0
1791000000000,AAVE/USD,179.53,179.55,176.33,177.45,10584.98
1791000000000,ADA/USD,0.2477,0.2479,0.2449,0.2455,3238045.7
1791000000000,APT/USD,0.7966,0.7967,0.7865,0.792,215400.54
1791000000000,ARB/USD,0.1977,0.1977,0.1953,0.1963,1937740.1
1791000000000,AVAX/USD,10.92,10.935,10.844,10.88,90929.99
1791000000000,BNB/USD,768.36,768.61,765.18,767.02,5676.456
1791000000000,BONK/USD,3.65e-06,3.66e-06,3.61e-06,3.63e-06,39171222208.0
1791000000000,BTC/USD,84699.56,84725.04,84525.0,84577.23,152.17541
1791000000000,CAKE/USD,2.492,2.492,2.477,2.484,39180.31
1791000000000,CFX/USD,0.0535,0.05356,0.05295,0.0531,601533.0
1791000000000,CRV/USD,0.3728,0.3728,0.3671,0.3706,252429.1
1791000000000,DOGE/USD,0.09331,0.09332,0.09279,0.09295,14956270.0
1791000000000,DOT/USD,1.158,1.159,1.144,1.147,259692.24
1791000000000,EIGEN/USD,0.2519,0.2519,0.248,0.2489,328653.77
1791000000000,ENA/USD,0.2327,0.2327,0.231,0.2314,4574832.73
1791000000000,ETH/USD,2682.04,2682.81,2672.34,2676.01,2993.4771
1791000000000,FET/USD,0.2189,0.2189,0.216,0.2166,2583350.3
1791000000000,FIL/USD,1.0625,1.0632,1.0489,1.0547,340408.76
1791000000000,FLOKI/USD,2.738e-05,2.738e-05,2.722e-05,2.725e-05,3008864486.0
1791000000000,HBAR/USD,0.10102,0.10155,0.10072,0.10125,2514397.0
1791000000000,ICP/USD,3.344,3.345,3.297,3.31,72323.96
1791000000000,LINK/USD,13.943,13.952,13.872,13.94,47342.12
1791000000000,LISTA/USD,0.0853,0.0854,0.0846,0.0851,11212.3
1791000000000,LTC/USD,69.06,69.13,68.45,68.84,13498.533
1791000000000,NEAR/USD,4.695,4.696,4.621,4.638,841433.1
1791000000000,ONDO/USD,0.4886,0.4888,0.4811,0.4833,5718762.1
1791000000000,PAXG/USD,4150.92,4150.92,4148.34,4149.17,9.4988
1791000000000,PENDLE/USD,2.363,2.365,2.335,2.349,20371.8
1791000000000,PENGU/USD,0.008982,0.008985,0.008885,0.008902,31851761.0
1791000000000,PEPE/USD,4.27e-06,4.27e-06,4.23e-06,4.24e-06,157540052018.0
1791000000000,POL/USD,0.10793,0.108,0.10703,0.10726,1187112.6
1791000000000,S/USD,0.03822,0.03822,0.03782,0.03804,1129561.6
1791000000000,SEI/USD,0.07149,0.0716,0.07021,0.07056,2168169.8
1791000000000,SHIB/USD,5.73e-06,5.74e-06,5.69e-06,5.7e-06,12736146348.0
1791000000000,SOL/USD,119.39,119.53,118.94,119.18,26675.01
1791000000000,STO/USD,0.0418,0.0419,0.0414,0.0415,705501.6
1791000000000,SUI/USD,1.1629,1.1644,1.1444,1.1538,2808859.4
1791000000000,TAO/USD,292.1,292.6,289.9,290.9,5327.8593
1791000000000,TRUMP/USD,2.1,2.1,2.084,2.089,151520.91
1791000000000,TRX/USD,0.3343,0.3346,0.3342,0.3345,1745764.4
1791000000000,TUT/USD,0.02455,0.02477,0.02432,0.02467,5949461.0
1791000000000,UNI/USD,9.18,9.22,9.06,9.149,316436.12
1791000000000,VIRTUAL/USD,0.767,0.7677,0.758,0.7612,172561.9
1791000000000,WIF/USD,0.2454,0.2464,0.2443,0.2455,87923.13
1791000000000,WLD/USD,0.566,0.5733,0.5592,0.5673,3758564.5
1791000000000,XLM/USD,0.216,0.216,0.2141,0.2146,1202724.0
1791000000000,XRP/USD,1.4895,1.4904,1.4821,1.4857,1279474.4
1791000000000,ZEC/USD,1323.37,1324.35,1312.32,1315.87,1535.297
1791000000000,ZEN/USD,6.861,6.862,6.776,6.806,10422.22
1791003600000,1000CHEEMS/USD,0.000527,0.000528,0.000526,0.000527,9081856.0
1791003600000,AAVE/USD,177.41,180.11,177.12,179.07,4286.894
1791003600000,ADA/USD,0.2455,0.2471,0.2449,0.2462,1940447.6
1791003600000,APT/USD,0.7918,0.8012,0.7898,0.7983,297098.35
1791003600000,ARB/USD,0.1962,0.1989,0.1957,0.1976,2002140.0
1791003600000,AVAX/USD,10.879,10.961,10.876,10.888,88668.44
1791003600000,BNB/USD,767.03,767.52,766.54,767.05,1473.698
1791003600000,BONK/USD,3.62e-06,3.65e-06,3.62e-06,3.63e-06,12850553644.0
1791003600000,BTC/USD,84577.23,84654.01,84553.14,84652.09,147.94097
1791003600000,CAKE/USD,2.484,2.49,2.479,2.48,26922.33
1791003600000,CFX/USD,0.05308,0.05349,0.05299,0.05319,674952.0
1791003600000,CRV/USD,0.3705,0.3768,0.3699,0.3754,665075.7
1791003600000,DOGE/USD,0.09295,0.09324,0.09288,0.093,8373869.0
1791003600000,DOT/USD,1.147,1.155,1.145,1.153,228172.08
1791003600000,EIGEN/USD,0.2488,0.2524,0.2484,0.2486,177929.14
1791003600000,ENA/USD,0.2313,0.2337,0.231,0.2327,2286473.47
1791003600000,ETH/USD,2676.02,2678.52,2674.01,2677.74,3159.1057
1791003600000,FET/USD,0.2166,0.2189,0.2161,0.2173,2563468.4
1791003600000,FIL/USD,1.0547,1.0611,1.0509,1.051,256614.22
1791003600000,FLOKI/USD,2.725e-05,2.736e-05,2.722e-05,2.732e-05,1273723679.0
1791003600000,HBAR/USD,0.10125,0.10165,0.10107,0.10122,1447299.0
1791003600000,ICP/USD,3.312,3.324,3.296,3.298,47455.32
1791003600000,LINK/USD,13.939,14.046,13.925,14.024,47718.59
1791003600000,LISTA/USD,0.0851,0.0852,0.0846,0.0846,18384.7
1791003600000,LTC/USD,68.83,69.23,68.74,69.14,9423.835
1791003600000,NEAR/USD,4.638,4.731,4.633,4.707,582611.0
1791003600000,ONDO/USD,0.4832,0.4865,0.4816,0.483,1758584.0
1791003600000,PAXG/USD,4149.18,4150.58,4146.14,4149.27,106.8262
1791003600000,PENDLE/USD,2.349,2.352,2.343,2.343,5283.1
1791003600000,PENGU/USD,0.008901,0.008994,0.008882,0.008963,29743036.0
1791003600000,PEPE/USD,4.24e-06,4.27e-06,4.23e-06,4.24e-06,57207428075.0
1791003600000,POL/USD,0.10726,0.10791,0.10713,0.10766,1215900.2
1791003600000,S/USD,0.03802,0.0383,0.03799,0.03825,553561.1
1791003600000,SEI/USD,0.07054,0.07069,0.07023,0.07032,1216933.6
1791003600000,SHIB/USD,5.7e-06,5.72e-06,5.69e-06,5.7e-06,9688867570.0
1791003600000,SOL/USD,119.19,119.71,119.08,119.63,32306.908
1791003600000,STO/USD,0.0415,0.0417,0.0415,0.0416,300214.0
1791003600000,SUI/USD,1.1538,1.1611,1.1512,1.1544,1011920.1
1791003600000,TAO/USD,290.8,292.6,290.2,290.9,1933.4933
1791003600000,TRUMP/USD,2.089,2.098,2.076,2.079,137208.232
1791003600000,TRX/USD,0.3345,0.3351,0.3344,0.3348,2273449.3
1791003600000,TUT/USD,0.02467,0.02469,0.02439,0.02457,1287923.0
1791003600000,UNI/USD,9.147,9.288,9.125,9.161,446613.64
1791003600000,VIRTUAL/USD,0.761,0.7708,0.7589,0.7644,96848.9
1791003600000,WIF/USD,0.2455,0.2468,0.2451,0.2451,69536.9
1791003600000,WLD/USD,0.5672,0.5775,0.5642,0.5669,2533943.6
1791003600000,XLM/USD,0.2145,0.2156,0.2143,0.2153,932728.0
1791003600000,XRP/USD,1.4858,1.4894,1.4843,1.4859,1435522.3
1791003600000,ZEC/USD,1316.04,1324.67,1314.69,1319.64,873.482
1791003600000,ZEN/USD,6.803,6.832,6.778,6.802,11091.68
1791007200000,1000CHEEMS/USD,0.000527,0.00053,0.000523,0.000525,26304375.0
1791007200000,AAVE/USD,179.07,180.28,178.73,180.22,2230.986
1791007200000,ADA/USD,0.2462,0.2469,0.2453,0.2455,2621168.3
1791007200000,APT/USD,0.7981,0.8009,0.7926,0.7962,355256.3
1791007200000,ARB/USD,0.1977,0.1984,0.1972,0.1977,1676378.4
1791007200000,AVAX/USD,10.889,10.921,10.87,10.89,70083.56
1791007200000,BNB/USD,767.05,767.35,765.62,766.15,2357.451
1791007200000,BONK/USD,3.63e-06,3.65e-06,3.62e-06,3.64e-06,7714723361.0
1791007200000,BTC/USD,84652.09,84674.01,84550.0,84586.0,272.31113
1791007200000,CAKE/USD,2.48,2.482,2.47,2.473,82509.72
1791007200000,CFX/USD,0.0532,0.05342,0.05308,0.05331,893611.0
1791007200000,CRV/USD,0.3756,0.3774,0.3732,0.3762,1017042.6
1791007200000,DOGE/USD,0.093,0.09313,0.09284,0.09297,9984248.0
1791007200000,DOT/USD,1.153,1.156,1.15,1.153,171802.43
1791007200000,EIGEN/USD,0.2489,0.2504,0.2469,0.2492,327578.09
1791007200000,ENA/USD,0.2327,0.2339,0.232,0.2334,1603922.33
1791007200000,ETH/USD,2677.74,2682.63,2675.8,2680.09,3009.6705
1791007200000,FET/USD,0.2173,0.2192,0.2168,0.2192,2523602.6
1791007200000,FIL/USD,1.0514,1.0542,1.0482,1.051,197703.64
1791007200000,FLOKI/USD,2.732e-05,2.736e-05,2.723e-05,2.73e-05,1137245075.0
1791007200000,HBAR/USD,0.10122,0.10134,0.10087,0.10102,2726648.0
1791007200000,ICP/USD,3.299,3.329,3.297,3.314,67723.25
1791007200000,LINK/USD,14.025,14.135,14.013,14.073,109692.26
1791007200000,LISTA/USD,0.0847,0.0847,0.0843,0.0843,33607.2
1791007200000,LTC/USD,69.15,69.5,69.12,69.49,7179.639
1791007200000,NEAR/USD,4.708,4.731,4.693,4.718,387955.7
1791007200000,ONDO/USD,0.4831,0.4843,0.4799,0.4807,1835533.1
1791007200000,PAXG/USD,4149.28,4149.43,4149.01,4149.35,18.0328
1791007200000,PENDLE/USD,2.342,2.347,2.34,2.343,21408.1
1791007200000,PENGU/USD,0.008964,0.009015,0.008942,0.008992,21855698.0
1791007200000,PEPE/USD,4.25e-06,4.27e-06,4.24e-06,4.26e-06,118921487796.0
1791007200000,POL/USD,0.1077,0.10817,0.10735,0.10796,952877.2
1791007200000,S/USD,0.03822,0.03822,0.03798,0.03806,553117.0
1791007200000,SEI/USD,0.07031,0.07045,0.07016,0.07026,1978367.0
1791007200000,SHIB/USD,5.7e-06,5.71e-06,5.67e-06,5.7e-06,19301485998.0
1791007200000,SOL/USD,119.64,119.84,119.4,119.45,38188.294
1791007200000,STO/USD,0.0416,0.0416,0.0413,0.0414,127704.3
1791007200000,SUI/USD,1.1544,1.1584,1.1518,1.1553,1184804.1
1791007200000,TAO/USD,290.9,291.3,289.5,290.4,1831.1658
1791007200000,TRUMP/USD,2.08,2.083,2.065,2.068,333180.385
1791007200000,TRX/USD,0.3348,0.3359,0.3348,0.3352,5548339.9
1791007200000,TUT/USD,0.02457,0.02458,0.02432,0.02436,1033206.0
1791007200000,UNI/USD,9.161,9.181,9.087,9.176,196764.8
1791007200000,VIRTUAL/USD,0.7646,0.7682,0.7617,0.7643,127040.4
1791007200000,WIF/USD,0.2452,0.2471,0.2452,0.2466,272287.03
1791007200000,WLD/USD,0.567,0.5713,0.5613,0.5621,2309901.9
1791007200000,XLM/USD,0.2153,0.2157,0.2146,0.2148,2470944.0
1791007200000,XRP/USD,1.4859,1.4883,1.4837,1.486,2851221.5
1791007200000,ZEC/USD,1319.77,1321.47,1314.02,1317.41,1916.002
1791007200000,ZEN/USD,6.804,6.818,6.782,6.796,8618.63
1791010800000,1000CHEEMS/USD,0.000525,0.000525,0.000521,0.000521,10509990.0
1791010800000,AAVE/USD,180.22,180.53,179.16,179.92,2860.435
1791010800000,ADA/USD,0.2455,0.2455,0.2436,0.2439,2238272.0
1791010800000,APT/USD,0.7959,0.7959,0.7881,0.7886,156526.72
1791010800000,ARB/USD,0.1976,0.1977,0.196,0.1964,932384.0
1791010800000,AVAX/USD,10.89,10.901,10.841,10.877,88601.84
1791010800000,BNB/USD,766.17,766.36,765.01,765.35,2676.391
1791010800000,BONK/USD,3.64e-06,3.64e-06,3.6e-06,3.61e-06,18374915314.0
1791010800000,BTC/USD,84586.01,84648.01,84560.0,84560.0,376.02149
1791010800000,CAKE/USD,2.474,2.474,2.461,2.463,39932.19
1791010800000,CFX/USD,0.05331,0.05347,0.05314,0.05332,1495300.0
1791010800000,CRV/USD,0.3762,0.3778,0.3738,0.3758,447228.1
1791010800000,DOGE/USD,0.09296,0.09297,0.09257,0.09267,7708448.0
1791010800000,DOT/USD,1.153,1.155,1.145,1.147,193904.36
1791010800000,EIGEN/USD,0.249,0.249,0.2452,0.2459,207944.74
1791010800000,ENA/USD,0.2334,0.2335,0.2314,0.2322,1967570.44
1791010800000,ETH/USD,2680.1,2683.46,2677.94,2681.51,4779.7412
1791010800000,FET/USD,0.2191,0.2192,0.2167,0.217,2530206.0
1791010800000,FIL/USD,1.0509,1.0527,1.0426,1.0426,270245.02
1791010800000,FLOKI/USD,2.731e-05,2.731e-05,2.7e-05,2.704e-05,1600422154.0
1791010800000,HBAR/USD,0.10103,0.10103,0.10021,0.10022,3640824.0
1791010800000,ICP/USD,3.315,3.33,3.291,3.298,27676.63
1791010800000,LINK/USD,14.073,14.073,13.947,13.969,109861.72
1791010800000,LISTA/USD,0.0844,0.0844,0.0836,0.0836,19165.2
1791010800000,LTC/USD,69.49,69.49,69.11,69.14,12040.376
1791010800000,NEAR/USD,4.719,4.719,4.671,4.681,418347.4
1791010800000,ONDO/USD,0.4807,0.4813,0.4793,0.4801,1447462.9
1791010800000,PAXG/USD,4149.35,4149.35,4144.4,4146.39,75.9524
1791010800000,PENDLE/USD,2.344,2.344,2.333,2.335,16279.1
1791010800000,PENGU/USD,0.008992,0.008992,0.00891,0.008929,22598698.0
1791010800000,PEPE/USD,4.26e-06,4.26e-06,4.22e-06,4.24e-06,145454850428.0
1791010800000,POL/USD,0.10795,0.10829,0.1077,0.10786,1193765.0
1791010800000,S/USD,0.03806,0.03808,0.03786,0.03789,591195.6
1791010800000,SEI/USD,0.07025,0.07029,0.06977,0.06983,1698113.6
1791010800000,SHIB/USD,5.7e-06,5.7e-06,5.65e-06,5.68e-06,21058899347.0
1791010800000,SOL/USD,119.46,119.57,119.17,119.34,27122.77
1791010800000,STO/USD,0.0413,0.0414,0.0408,0.041,449138.6
1791010800000,SUI/USD,1.1552,1.161,1.1498,1.1552,1091577.1
1791010800000,TAO/USD,290.5,290.5,288.4,289.2,2037.784
1791010800000,TRUMP/USD,2.068,2.069,2.051,2.06,272794.165
1791010800000,TRX/USD,0.3352,0.3355,0.3351,0.3353,1695432.1
1791010800000,TUT/USD,0.02434,0.02434,0.02414,0.02419,2399427.0
1791010800000,UNI/USD,9.175,9.175,9.107,9.131,172162.84
1791010800000,VIRTUAL/USD,0.764,0.764,0.7586,0.7594,157517.1
1791010800000,WIF/USD,0.2466,0.2466,0.2439,0.2443,68777.13
1791010800000,WLD/USD,0.562,0.5637,0.5499,0.5538,4409900.4
1791010800000,XLM/USD,0.2148,0.2148,0.2135,0.2138,1588109.0
1791010800000,XRP/USD,1.486,1.486,1.4795,1.4824,1765411.8
1791010800000,ZEC/USD,1317.42,1317.54,1309.33,1313.4,1890.023
1791010800000,ZEN/USD,6.795,6.8,6.756,6.774,8861.28
1791014400000,1000CHEEMS/USD,0.000522,0.000522,0.00052,0.000521,15973408.0
1791014400000,AAVE/USD,179.93,181.43,179.55,180.81,4632.205
1791014400000,ADA/USD,0.2439,0.2445,0.2431,0.2431,3551313.8
1791014400000,APT/USD,0.7885,0.7904,0.7794,0.7848,765695.28
1791014400000,ARB/USD,0.1965,0.1984,0.196,0.1976,1486417.3
1791014400000,AVAX/USD,10.877,10.945,10.858,10.905,54236.8
1791014400000,BNB/USD,765.36,766.49,764.83,766.32,2249.781
1791014400000,BONK/USD,3.61e-06,3.63e-06,3.6e-06,3.62e-06,30160670593.0
1791014400000,BTC/USD,84560.0,84644.47,84557.36,84616.01,244.08048
1791014400000,CAKE/USD,2.463,2.471,2.46,2.466,69686.2
1791014400000,CFX/USD,0.05332,0.05346,0.05318,0.05342,930019.0
1791014400000,CRV/USD,0.3759,0.3784,0.3753,0.3768,252670.4
1791014400000,DOGE/USD,0.09268,0.09277,0.09243,0.09252,20855502.0
1791014400000,DOT/USD,1.148,1.152,1.144,1.147,249481.02
1791014400000,EIGEN/USD,0.2461,0.2476,0.2454,0.2462,290600.89
1791014400000,ENA/USD,0.2322,0.2328,0.2299,0.2315,11170287.72
1791014400000,ETH/USD,2681.51,2684.05,2678.1,2683.01,4283.8413
1791014400000,FET/USD,0.217,0.2191,0.2164,0.2174,2209274.7
1791014400000,FIL/USD,1.0424,1.0578,1.0402,1.0482,379408.54
1791014400000,FLOKI/USD,2.705e-05,2.705e-05,2.691e-05,2.698e-05,1045829472.0
1791014400000,HBAR/USD,0.10021,0.10066,0.10015,0.10042,2997326.0
1791014400000,ICP/USD,3.3,3.33,3.282,3.325,61372.89
1791014400000,LINK/USD,13.97,14.038,13.95,13.95,55893.73
1791014400000,LISTA/USD,0.0835,0.0836,0.083,0.0832,52412.4
1791014400000,LTC/USD,69.15,69.5,69.12,69.42,11478.13
1791014400000,NEAR/USD,4.682,4.7,4.669,4.671,304811.7
1791014400000,ONDO/USD,0.48,0.4826,0.4796,0.4808,1242575.3
1791014400000,PAXG/USD,4146.39,4146.56,4145.13,4145.78,11.9563
1791014400000,PENDLE/USD,2.334,2.346,2.327,2.338,18519.7
1791014400000,PENGU/USD,0.008929,0.008967,0.008898,0.008947,22658521.0
1791014400000,PEPE/USD,4.24e-06,4.25e-06,4.22e-06,4.24e-06,91520225123.0
1791014400000,POL/USD,0.10787,0.10814,0.10745,0.10767,1271498.7
1791014400000,S/USD,0.0379,0.03815,0.0378,0.03802,713638.6
1791014400000,SEI/USD,0.06985,0.07041,0.06974,0.07012,1263502.0
1791014400000,SHIB/USD,5.68e-06,5.68e-06,5.65e-06,5.65e-06,22571856155.0
1791014400000,SOL/USD,119.34,119.44,119.05,119.24,25405.162
1791014400000,STO/USD,0.0409,0.041,0.0407,0.0409,191091.2
1791014400000,SUI/USD,1.155,1.1606,1.1522,1.1538,1073537.5
1791014400000,TAO/USD,289.1,290.0,287.9,288.0,2965.6864
1791014400000,TRUMP/USD,2.059,2.063,2.048,2.052,225071.438
1791014400000,TRX/USD,0.3353,0.3355,0.3351,0.3355,1391822.4
1791014400000,TUT/USD,0.02418,0.02418,0.02362,0.02385,9437624.0
1791014400000,UNI/USD,9.13,9.317,9.098,9.246,1004233.93
1791014400000,VIRTUAL/USD,0.7595,0.7641,0.7574,0.7614,139602.8
1791014400000,WIF/USD,0.2443,0.2446,0.243,0.2438,223237.36
1791014400000,WLD/USD,0.5538,0.5686,0.5538,0.5617,4354031.5
1791014400000,XLM/USD,0.2139,0.2146,0.2136,0.2138,1220507.0
1791014400000,XRP/USD,1.4824,1.4851,1.4805,1.4817,2568950.7
1791014400000,ZEC/USD,1313.22,1319.14,1311.3,1317.02,2268.164
1791014400000,ZEN/USD,6.774,6.829,6.751,6.796,9486.37
1791018000000,1000CHEEMS/USD,0.000521,0.000521,0.000519,0.000521,12324586.0
1791018000000,AAVE/USD,180.8,181.51,180.18,180.96,2596.84
1791018000000,ADA/USD,0.2431,0.2445,0.2428,0.2442,4013698.8
1791018000000,APT/USD,0.7849,0.797,0.7845,0.7957,316579.34
1791018000000,ARB/USD,0.1974,0.2028,0.1974,0.2023,2978010.8
1791018000000,AVAX/USD,10.905,10.977,10.876,10.952,80845.58
1791018000000,BNB/USD,766.32,768.12,766.32,767.61,3469.085
1791018000000,BONK/USD,3.62e-06,3.63e-06,3.6e-06,3.61e-06,18216881161.0
1791018000000,BTC/USD,84616.02,84665.88,84579.99,84600.01,171.70699
1791018000000,CAKE/USD,2.466,2.484,2.466,2.483,70050.29
1791018000000,CFX/USD,0.05343,0.05379,0.0534,0.0536,500993.0
1791018000000,CRV/USD,0.3768,0.38,0.3756,0.3784,298977.6
1791018000000,DOGE/USD,0.09252,0.09288,0.09252,0.09276,12610172.0
1791018000000,DOT/USD,1.148,1.164,1.147,1.163,285053.92
1791018000000,EIGEN/USD,0.2461,0.2501,0.2461,0.2499,346937.02
1791018000000,ENA/USD,0.2315,0.235,0.2314,0.2342,3144001.43
1791018000000,ETH/USD,2683.01,2686.88,2680.28,2680.73,3254.7533
1791018000000,FET/USD,0.2174,0.2222,0.2172,0.2221,4143321.6
1791018000000,FIL/USD,1.0482,1.0646,1.048,1.0621,274725.47
1791018000000,FLOKI/USD,2.696e-05,2.713e-05,2.696e-05,2.709e-05,793106895.0
1791018000000,HBAR/USD,0.10042,0.10096,0.10042,0.1008,3284812.0
1791018000000,ICP/USD,3.328,3.342,3.316,3.333,46735.33
1791018000000,LINK/USD,13.95,14.0,13.92,13.932,43494.14
1791018000000,LISTA/USD,0.0832,0.0832,0.0828,0.083,85769.5
1791018000000,LTC/USD,69.41,69.65,68.55,68.59,38440.259
1791018000000,NEAR/USD,4.67,4.684,4.646,4.672,482390.2
1791018000000,ONDO/USD,0.4808,0.4854,0.4808,0.4852,1070645.5
1791018000000,PAXG/USD,4145.78,4146.41,4144.98,4145.24,12.0879
1791018000000,PENDLE/USD,2.339,2.365,2.339,2.363,23690.8
1791018000000,PENGU/USD,0.008949,0.009111,0.008945,0.009087,39762838.0
1791018000000,PEPE/USD,4.23e-06,4.27e-06,4.23e-06,4.25e-06,82301644102.0
1791018000000,POL/USD,0.10766,0.10804,0.10741,0.10787,558242.9
1791018000000,S/USD,0.03797,0.03807,0.03789,0.03799,411663.0
1791018000000,SEI/USD,0.07012,0.07127,0.07012,0.0711,1989246.2
1791018000000,SHIB/USD,5.66e-06,5.68e-06,5.65e-06,5.66e-06,9837838124.0
1791018000000,SOL/USD,119.25,119.49,119.2,119.34,29727.926
1791018000000,STO/USD,0.0409,0.0411,0.0409,0.041,259888.3
1791018000000,SUI/USD,1.1539,1.1915,1.1539,1.1828,4677266.5
1791018000000,TAO/USD,288.0,290.5,288.0,290.1,1272.3854
1791018000000,TRUMP/USD,2.053,2.068,2.053,2.067,194466.733
1791018000000,TRX/USD,0.3354,0.3361,0.3354,0.336,3563485.9
1791018000000,TUT/USD,0.02385,0.0242,0.02379,0.02405,7399186.0
1791018000000,UNI/USD,9.246,9.316,9.211,9.27,232086.62
1791018000000,VIRTUAL/USD,0.7614,0.7716,0.761,0.7705,133634.1
1791018000000,WIF/USD,0.2439,0.2455,0.2434,0.2454,124861.69
1791018000000,WLD/USD,0.5617,0.576,0.5613,0.5751,4344846.5
1791018000000,XLM/USD,0.2139,0.2144,0.2136,0.2138,901118.0
1791018000000,XRP/USD,1.4818,1.4861,1.4818,1.4832,1003973.4
1791018000000,ZEC/USD,1316.96,1320.76,1313.23,1317.98,1276.088
1791018000000,ZEN/USD,6.799,6.829,6.784,6.821,6777.12
1791021600000,1000CHEEMS/USD,0.000521,0.000522,0.000519,0.000521,10275139.0
1791021600000,AAVE/USD,180.96,182.2,180.92,181.56,4272.502
1791021600000,ADA/USD,0.2442,0.2458,0.244,0.2455,3761343.5
1791021600000,APT/USD,0.7956,0.8085,0.7946,0.8057,462870.97
1791021600000,ARB/USD,0.2023,0.2033,0.201,0.2011,3546898.1
1791021600000,AVAX/USD,10.954,11.039,10.942,11.006,92672.56
1791021600000,BNB/USD,767.6,769.2,767.5,768.78,2228.655
1791021600000,BONK/USD,3.61e-06,3.69e-06,3.61e-06,3.68e-06,39689720160.0
1791021600000,BTC/USD,84600.0,84649.25,84570.67,84636.13,340.60544
1791021600000,CAKE/USD,2.483,2.496,2.483,2.495,18029.03
1791021600000,CFX/USD,0.05362,0.05411,0.05362,0.05402,419321.0
1791021600000,CRV/USD,0.3784,0.3815,0.3772,0.3782,593465.4
1791021600000,DOGE/USD,0.09276,0.09296,0.09276,0.0929,11627163.0
1791021600000,DOT/USD,1.162,1.188,1.161,1.181,656994.56
1791021600000,EIGEN/USD,0.2495,0.2541,0.2495,0.2532,545760.81
1791021600000,ENA/USD,0.2342,0.2363,0.233,0.2343,3927378.26
1791021600000,ETH/USD,2680.72,2685.28,2679.83,2683.46,3455.8441
1791021600000,FET/USD,0.2221,0.2267,0.2215,0.2262,6885408.6
1791021600000,FIL/USD,1.0621,1.0681,1.0576,1.0609,320327.09
1791021600000,FLOKI/USD,2.709e-05,2.716e-05,2.702e-05,2.716e-05,1066949871.0
1791021600000,HBAR/USD,0.10079,0.10211,0.10072,0.10177,4596558.0
1791021600000,ICP/USD,3.331,3.343,3.313,3.323,45612.32
1791021600000,LINK/USD,13.932,13.964,13.913,13.929,29177.32
1791021600000,LISTA/USD,0.0829,0.0836,0.0829,0.0834,113734.7
1791021600000,LTC/USD,68.59,69.37,68.55,69.32,26598.553
1791021600000,NEAR/USD,4.673,4.723,4.672,4.695,588669.8
1791021600000,ONDO/USD,0.4853,0.489,0.4846,0.4877,1642760.1
1791021600000,PAXG/USD,4145.23,4147.28,4143.47,4147.16,94.3806
1791021600000,PENDLE/USD,2.362,2.37,2.359,2.368,17068.9
1791021600000,PENGU/USD,0.009086,0.009122,0.009048,0.009074,45352888.0
1791021600000,PEPE/USD,4.26e-06,4.29e-06,4.25e-06,4.29e-06,128561728201.0
1791021600000,POL/USD,0.10786,0.10831,0.10772,0.10772,961077.7
1791021600000,S/USD,0.03798,0.03821,0.03797,0.03814,659832.8
1791021600000,SEI/USD,0.07109,0.07174,0.07092,0.07148,2700537.0
1791021600000,SHIB/USD,5.67e-06,5.69e-06,5.67e-06,5.69e-06,7311632920.0
1791021600000,SOL/USD,119.34,119.65,119.26,119.5,23454.598
1791021600000,STO/USD,0.0411,0.0412,0.041,0.0412,178328.5
1791021600000,SUI/USD,1.1827,1.189,1.1733,1.1825,4282002.9
1791021600000,TAO/USD,290.1,291.9,290.0,291.5,2224.9969
1791021600000,TRUMP/USD,2.066,2.078,2.066,2.07,112652.381
1791021600000,TRX/USD,0.3361,0.337,0.3361,0.337,6073187.0
1791021600000,TUT/USD,0.02405,0.02427,0.02398,0.02423,4022140.0
1791021600000,UNI/USD,9.27,9.324,9.2,9.241,248581.94
1791021600000,VIRTUAL/USD,0.7703,0.7873,0.77,0.7848,719173.8
1791021600000,WIF/USD,0.2454,0.2509,0.2454,0.2503,372905.06
1791021600000,WLD/USD,0.5751,0.6082,0.5741,0.5986,24929904.3
1791021600000,XLM/USD,0.2137,0.2145,0.2134,0.2141,957246.0
1791021600000,XRP/USD,1.4832,1.4849,1.4829,1.4841,917784.9
1791021600000,ZEC/USD,1317.97,1321.69,1314.03,1315.71,1752.572
1791021600000,ZEN/USD,6.821,6.87,6.821,6.842,12191.68
1791025200000,1000CHEEMS/USD,0.00052,0.000523,0.000519,0.000522,18442210.0
1791025200000,AAVE/USD,181.53,183.49,180.08,182.49,7009.378
1791025200000,ADA/USD,0.2456,0.2463,0.2448,0.2451,2101732.4
1791025200000,APT/USD,0.8056,0.8134,0.8007,0.807,270598.96
1791025200000,ARB/USD,0.2011,0.2036,0.2001,0.202,3638867.7
1791025200000,AVAX/USD,11.005,11.187,10.975,11.132,449157.37
1791025200000,BNB/USD,768.78,770.26,768.73,770.25,2086.557
1791025200000,BONK/USD,3.67e-06,3.7e-06,3.65e-06,3.68e-06,27920494482.0
1791025200000,BTC/USD,84636.13,84696.01,84616.03,84672.01,188.03827
1791025200000,CAKE/USD,2.496,2.502,2.49,2.493,71913.84
1791025200000,CFX/USD,0.05404,0.05448,0.05391,0.05418,1013442.0
1791025200000,CRV/USD,0.3781,0.379,0.3756,0.3778,237309.2
1791025200000,DOGE/USD,0.09289,0.09293,0.09266,0.09278,7355472.0
1791025200000,DOT/USD,1.181,1.201,1.174,1.197,623202.93
1791025200000,EIGEN/USD,0.2531,0.2542,0.2522,0.2531,322684.26
1791025200000,ENA/USD,0.2343,0.2352,0.2327,0.2331,2662579.26
1791025200000,ETH/USD,2683.47,2686.43,2681.71,2684.55,2694.9712
1791025200000,FET/USD,0.2261,0.2277,0.2242,0.2266,3014241.6
1791025200000,FIL/USD,1.0608,1.072,1.0574,1.0678,358658.03
1791025200000,FLOKI/USD,2.714e-05,2.726e-05,2.71e-05,2.72e-05,1019551500.0
1791025200000,HBAR/USD,0.10176,0.10181,0.10124,0.1016,2508342.0
1791025200000,ICP/USD,3.322,3.329,3.295,3.297,69731.1
1791025200000,LINK/USD,13.929,13.957,13.904,13.92,38282.59
1791025200000,LISTA/USD,0.0835,0.0836,0.083,0.0834,67775.7
1791025200000,LTC/USD,69.31,69.68,69.15,69.65,51332.573
1791025200000,NEAR/USD,4.695,4.712,4.668,4.67,363898.2
1791025200000,ONDO/USD,0.4876,0.4902,0.4857,0.4882,1070219.0
1791025200000,PAXG/USD,4147.17,4148.92,4147.16,4148.05,12.8438
1791025200000,PENDLE/USD,2.368,2.382,2.361,2.37,19303.6
1791025200000,PENGU/USD,0.009073,0.009078,0.009009,0.009073,30389347.0
1791025200000,PEPE/USD,4.29e-06,4.3e-06,4.27e-06,4.28e-06,101244209293.0
1791025200000,POL/USD,0.10772,0.10829,0.10768,0.10819,963256.1
1791025200000,S/USD,0.03813,0.03837,0.0381,0.0382,672682.5
1791025200000,SEI/USD,0.07145,0.07164,0.07107,0.0715,3434701.6
1791025200000,SHIB/USD,5.68e-06,5.7e-06,5.67e-06,5.69e-06,9722758326.0
1791025200000,SOL/USD,119.49,119.5,119.24,119.31,26600.968
1791025200000,STO/USD,0.0412,0.0412,0.041,0.041,140888.6
1791025200000,SUI/USD,1.1824,1.1901,1.1764,1.1862,3428121.7
1791025200000,TAO/USD,291.4,292.2,289.9,291.0,2410.267
1791025200000,TRUMP/USD,2.069,2.074,2.061,2.063,158511.288
1791025200000,TRX/USD,0.337,0.3374,0.3365,0.3365,3916383.3
1791025200000,TUT/USD,0.02423,0.02449,0.02412,0.02425,1990589.0
1791025200000,UNI/USD,9.241,9.251,9.154,9.196,135776.6
1791025200000,VIRTUAL/USD,0.7847,0.7892,0.7802,0.7865,342147.6
1791025200000,WIF/USD,0.2502,0.2507,0.248,0.248,305802.75
1791025200000,WLD/USD,0.5987,0.611,0.5928,0.6033,9065106.1
1791025200000,XLM/USD,0.214,0.2151,0.2138,0.2147,1108939.0
1791025200000,XRP/USD,1.4841,1.4886,1.4822,1.4863,1933891.0
1791025200000,ZEC/USD,1315.7,1318.82,1305.15,1308.46,2323.261
1791025200000,ZEN/USD,6.837,6.895,6.824,6.864,13850.46
1791028800000,1000CHEEMS/USD,0.000521,0.000522,0.000519,0.000519,13035521.0
1791028800000,AAVE/USD,182.47,182.52,179.21,180.89,7090.134
1791028800000,ADA/USD,0.2451,0.246,0.244,0.2448,3426056.0
1791028800000,APT/USD,0.8069,0.8074,0.7943,0.797,329062.05
1791028800000,ARB/USD,0.2019,0.2028,0.2004,0.2015,2312710.9
1791028800000,AVAX/USD,11.131,11.157,11.067,11.075,196215.75
1791028800000,BNB/USD,770.26,772.0,769.49,771.65,2763.933
1791028800000,BONK/USD,3.68e-06,3.69e-06,3.64e-06,3.66e-06,17610058012.0
1791028800000,BTC/USD,84672.01,84926.47,84672.0,84888.02,386.40345
1791028800000,CAKE/USD,2.493,2.498,2.487,2.489,47233.07
1791028800000,CFX/USD,0.05416,0.05423,0.05382,0.05403,1442636.0
1791028800000,CRV/USD,0.3778,0.3778,0.3722,0.3737,260768.7
1791028800000,DOGE/USD,0.09278,0.09302,0.09257,0.09274,13755066.0
1791028800000,DOT/USD,1.197,1.206,1.181,1.187,509410.51
1791028800000,EIGEN/USD,0.2533,0.2536,0.2507,0.2512,425136.69
1791028800000,ENA/USD,0.2332,0.2337,0.2316,0.2324,2145871.77
1791028800000,ETH/USD,2684.54,2687.5,2680.49,2682.67,3084.5239
1791028800000,FET/USD,0.2266,0.227,0.2236,0.2251,3728630.7
1791028800000,FIL/USD,1.0678,1.0725,1.053,1.0536,447146.08
1791028800000,FLOKI/USD,2.72e-05,2.724e-05,2.705e-05,2.711e-05,896297457.0
1791028800000,HBAR/USD,0.10161,0.10187,0.10119,0.10138,3055902.0
1791028800000,ICP/USD,3.298,3.308,3.265,3.279,74004.28
1791028800000,LINK/USD,13.919,13.938,13.833,13.857,59744.54
1791028800000,LISTA/USD,0.0833,0.0833,0.0826,0.0829,75032.5
1791028800000,LTC/USD,69.66,69.93,69.41,69.51,14209.257
1791028800000,NEAR/USD,4.67,4.678,4.636,4.664,626662.8
1791028800000,ONDO/USD,0.4883,0.4891,0.4847,0.4857,1120837.4
1791028800000,PAXG/USD,4148.05,4148.29,4146.4,4147.2,18.058
1791028800000,PENDLE/USD,2.372,2.373,2.348,2.352,32891.2
1791028800000,PENGU/USD,0.009072,0.009138,0.009,0.009063,40721753.0
1791028800000,PEPE/USD,4.28e-06,4.3e-06,4.25e-06,4.25e-06,145750131952.0
1791028800000,POL/USD,0.10821,0.10847,0.10751,0.10791,917764.9
1791028800000,S/USD,0.0382,0.03828,0.03798,0.03812,474052.9
1791028800000,SEI/USD,0.0715,0.07168,0.071,0.07108,1725304.2
1791028800000,SHIB/USD,5.69e-06,5.69e-06,5.66e-06,5.68e-06,19525763358.0
1791028800000,SOL/USD,119.32,119.75,119.25,119.48,41628.774
1791028800000,STO/USD,0.0411,0.0412,0.0408,0.041,303459.2
1791028800000,SUI/USD,1.1862,1.1948,1.1781,1.1846,3405807.8
1791028800000,TAO/USD,291.0,291.4,288.8,289.3,2477.7313
1791028800000,TRUMP/USD,2.063,2.065,2.048,2.057,279712.454
1791028800000,TRX/USD,0.3366,0.3367,0.3359,0.336,3536925.6
1791028800000,TUT/USD,0.02424,0.02424,0.02403,0.02408,2950285.0
1791028800000,UNI/USD,9.196,9.21,9.1,9.144,178911.16
1791028800000,VIRTUAL/USD,0.7866,0.7887,0.779,0.7832,367794.2
1791028800000,WIF/USD,0.2481,0.2484,0.2458,0.246,203023.98
1791028800000,WLD/USD,0.6034,0.6118,0.5983,0.6082,9842397.8
1791028800000,XLM/USD,0.2148,0.2152,0.2144,0.2146,978712.0
1791028800000,XRP/USD,1.4863,1.489,1.4825,1.4855,1805534.3
1791028800000,ZEC/USD,1308.46,1314.76,1301.93,1307.25,3353.611
1791028800000,ZEN/USD,6.863,6.879,6.831,6.852,15159.42
1791032400000,1000CHEEMS/USD,0.000519,0.000524,0.000519,0.000523,11136911.0
1791032400000,AAVE/USD,180.89,181.74,180.34,180.9,5854.498
1791032400000,ADA/USD,0.2448,0.2456,0.2442,0.2453,2287107.5
1791032400000,APT/USD,0.7972,0.8065,0.7965,0.8057,354264.79
1791032400000,ARB/USD,0.2015,0.2026,0.2012,0.2025,953113.7
1791032400000,AVAX/USD,11.075,11.15,11.023,11.147,215678.86
1791032400000,BNB/USD,771.65,774.54,771.33,774.5,2935.258
1791032400000,BONK/USD,3.65e-06,3.71e-06,3.65e-06,3.68e-06,28956061395.0
1791032400000,BTC/USD,84888.02,84962.2,84770.35,84870.04,249.99909
1791032400000,CAKE/USD,2.49,2.496,2.487,2.495,39805.45
1791032400000,CFX/USD,0.05401,0.05429,0.05366,0.0542,1434906.0
1791032400000,CRV/USD,0.3738,0.379,0.3736,0.3788,360444.3
1791032400000,DOGE/USD,0.09274,0.09292,0.09252,0.09292,8825118.0
1791032400000,DOT/USD,1.187,1.211,1.186,1.206,427436.05
1791032400000,EIGEN/USD,0.2511,0.2551,0.2506,0.2543,397445.62
1791032400000,ENA/USD,0.2324,0.2329,0.2316,0.2321,1482120.41
1791032400000,ETH/USD,2682.67,2682.78,2677.41,2681.99,2754.1799
1791032400000,FET/USD,0.2251,0.2263,0.2226,0.226,4321080.6
1791032400000,FIL/USD,1.0537,1.0641,1.0521,1.0626,198642.62
1791032400000,FLOKI/USD,2.71e-05,2.722e-05,2.709e-05,2.722e-05,605904631.0
1791032400000,HBAR/USD,0.10138,0.10182,0.10105,0.1018,2518424.0
1791032400000,ICP/USD,3.279,3.294,3.272,3.293,42694.65
1791032400000,LINK/USD,13.858,13.891,13.853,13.88,49901.52
1791032400000,LISTA/USD,0.0831,0.0836,0.0828,0.0834,72463.8
1791032400000,LTC/USD,69.52,69.82,69.26,69.81,11003.494
1791032400000,NEAR/USD,4.663,4.678,4.628,4.641,358477.5
1791032400000,ONDO/USD,0.4858,0.4892,0.4855,0.4889,983930.8
1791032400000,PAXG/USD,4147.2,4148.47,4145.58,4145.83,56.5558
1791032400000,PENDLE/USD,2.352,2.361,2.347,2.356,26071.5
1791032400000,PENGU/USD,0.009062,0.009127,0.00903,0.00912,35055929.0
1791032400000,PEPE/USD,4.25e-06,4.28e-06,4.25e-06,4.27e-06,65968857691.0
1791032400000,POL/USD,0.1079,0.10866,0.10788,0.10858,1851564.2
1791032400000,S/USD,0.03811,0.03831,0.03809,0.03823,491795.2
1791032400000,SEI/USD,0.07109,0.07165,0.07106,0.07141,2044487.0
1791032400000,SHIB/USD,5.68e-06,5.7e-06,5.67e-06,5.7e-06,16083258832.0
1791032400000,SOL/USD,119.48,119.6,119.33,119.43,33081.741
1791032400000,STO/USD,0.041,0.0412,0.041,0.0411,136621.7
1791032400000,SUI/USD,1.1845,1.1852,1.1744,1.1811,1997349.8
1791032400000,TAO/USD,289.4,290.6,288.7,290.4,2539.787
1791032400000,TRUMP/USD,2.058,2.071,2.054,2.069,176661.874
1791032400000,TRX/USD,0.3359,0.336,0.3356,0.336,2938843.8
1791032400000,TUT/USD,0.02408,0.02413,0.02391,0.02402,2236969.0
1791032400000,UNI/USD,9.145,9.162,9.105,9.149,107544.3
1791032400000,VIRTUAL/USD,0.7834,0.7875,0.7801,0.7851,308282.2
1791032400000,WIF/USD,0.246,0.2495,0.246,0.2489,180138.15
1791032400000,WLD/USD,0.6082,0.6161,0.5994,0.6093,8733654.0
1791032400000,XLM/USD,0.2146,0.2156,0.2144,0.2156,647016.0
1791032400000,XRP/USD,1.4855,1.4871,1.4828,1.4867,3599657.2
1791032400000,ZEC/USD,1307.26,1310.37,1296.81,1304.05,4493.86
1791032400000,ZEN/USD,6.85,6.895,6.819,6.888,10129.62
1791036000000,1000CHEEMS/USD,0.000522,0.000528,0.000521,0.000528,8248491.0
1791036000000,AAVE/USD,180.89,180.9,179.55,180.34,6452.439
1791036000000,ADA/USD,0.2453,0.2467,0.2444,0.2458,2557728.7
1791036000000,APT/USD,0.8058,0.8221,0.8052,0.8167,592015.88
1791036000000,ARB/USD,0.2025,0.2043,0.2019,0.2029,3638184.6
1791036000000,AVAX/USD,11.146,11.218,11.098,11.155,247636.29
1791036000000,BNB/USD,774.5,778.73,774.04,778.52,5988.797
1791036000000,BONK/USD,3.68e-06,3.78e-06,3.66e-06,3.76e-06,48428828068.0
1791036000000,BTC/USD,84870.03,84870.04,84745.44,84856.01,225.56868
1791036000000,CAKE/USD,2.495,2.512,2.493,2.512,42563.31
1791036000000,CFX/USD,0.05423,0.05434,0.05404,0.05423,1218594.0
1791036000000,CRV/USD,0.3789,0.3837,0.3776,0.38,946404.6
1791036000000,DOGE/USD,0.09292,0.0935,0.09268,0.09335,27168107.0
1791036000000,DOT/USD,1.207,1.223,1.202,1.217,614362.12
1791036000000,EIGEN/USD,0.2544,0.2582,0.253,0.2566,679400.98
1791036000000,ENA/USD,0.232,0.236,0.2314,0.2347,4990973.5
1791036000000,ETH/USD,2681.99,2684.66,2678.83,2683.56,2465.5365
1791036000000,FET/USD,0.2261,0.2311,0.2242,0.2301,4425888.1
1791036000000,FIL/USD,1.0628,1.0839,1.0597,1.0797,552882.5
1791036000000,FLOKI/USD,2.721e-05,2.75e-05,2.716e-05,2.74e-05,1303901269.0
1791036000000,HBAR/USD,0.1018,0.1027,0.1014,0.10251,7229696.0
1791036000000,ICP/USD,3.293,3.308,3.28,3.302,26826.69
1791036000000,LINK/USD,13.879,13.937,13.839,13.917,45492.89
1791036000000,LISTA/USD,0.0834,0.084,0.083,0.0838,41192.4
1791036000000,LTC/USD,69.81,69.98,69.37,69.79,18779.322
1791036000000,NEAR/USD,4.641,4.683,4.617,4.67,633664.5
1791036000000,ONDO/USD,0.489,0.4973,0.4862,0.4963,2160350.6
1791036000000,PAXG/USD,4145.84,4146.4,4144.4,4146.39,38.8337
1791036000000,PENDLE/USD,2.355,2.382,2.349,2.377,20079.3
1791036000000,PENGU/USD,0.00912,0.009304,0.009085,0.009292,73527664.0
1791036000000,PEPE/USD,4.28e-06,4.3e-06,4.25e-06,4.28e-06,92919290885.0
1791036000000,POL/USD,0.1086,0.10918,0.10807,0.10886,2190199.3
1791036000000,S/USD,0.03824,0.03848,0.0379,0.03834,1514296.7
1791036000000,SEI/USD,0.07139,0.07191,0.07121,0.07168,2583958.3
1791036000000,SHIB/USD,5.7e-06,5.75e-06,5.68e-06,5.73e-06,15257550676.0
1791036000000,SOL/USD,119.44,119.86,119.16,119.78,45067.646
1791036000000,STO/USD,0.041,0.0412,0.0409,0.041,189698.4
1791036000000,SUI/USD,1.1811,1.1868,1.1748,1.1847,2231612.2
1791036000000,TAO/USD,290.3,294.5,289.0,293.7,3337.1517
1791036000000,TRUMP/USD,2.069,2.077,2.054,2.069,230615.339
1791036000000,TRX/USD,0.3359,0.3369,0.3359,0.3369,5285573.1
1791036000000,TUT/USD,0.02403,0.02408,0.02395,0.02403,2903327.0
1791036000000,UNI/USD,9.149,9.165,9.107,9.138,184353.69
1791036000000,VIRTUAL/USD,0.7852,0.8031,0.7805,0.8023,466452.0
1791036000000,WIF/USD,0.2488,0.2528,0.2477,0.2525,440211.52
1791036000000,WLD/USD,0.6094,0.6192,0.6059,0.6095,8203158.0
1791036000000,XLM/USD,0.2156,0.216,0.2147,0.2154,1398150.0
1791036000000,XRP/USD,1.4867,1.4916,1.483,1.4901,2541169.8
1791036000000,ZEC/USD,1303.9,1308.56,1288.6,1307.45,7172.055
1791036000000,ZEN/USD,6.889,6.934,6.866,6.918,11290.77
1791039600000,1000CHEEMS/USD,0.000527,0.000531,0.000526,0.00053,17691934.0
1791039600000,AAVE/USD,180.31,181.01,178.4,178.9,16386.914
1791039600000,ADA/USD,0.2458,0.2458,0.2445,0.2449,2571585.6
1791039600000,APT/USD,0.8167,0.8167,0.8075,0.8118,350258.63
1791039600000,ARB/USD,0.203,0.203,0.2017,0.2021,1055301.2
1791039600000,AVAX/USD,11.155,11.166,11.066,11.087,119210.16
1791039600000,BNB/USD,778.53,779.25,775.96,778.66,5797.987
1791039600000,BONK/USD,3.77e-06,3.79e-06,3.73e-06,3.77e-06,56142742333.0
1791039600000,BTC/USD,84856.01,84879.05,84761.24,84867.28,366.2032
1791039600000,CAKE/USD,2.511,2.511,2.498,2.505,28651.16
1791039600000,CFX/USD,0.05418,0.05434,0.05395,0.05413,593696.0
1791039600000,CRV/USD,0.38,0.3819,0.3772,0.3797,396344.6
1791039600000,DOGE/USD,0.09335,0.09335,0.09301,0.09312,14951796.0
1791039600000,DOT/USD,1.218,1.219,1.204,1.207,478346.14
1791039600000,EIGEN/USD,0.2565,0.259,0.2558,0.2588,441789.36
1791039600000,ENA/USD,0.2347,0.2348,0.2328,0.2335,1959357.49
1791039600000,ETH/USD,2683.56,2683.56,2679.04,2681.69,4209.8861
1791039600000,FET/USD,0.2301,0.2311,0.2285,0.229,6363700.7
1791039600000,FIL/USD,1.0797,1.0801,1.0706,1.0766,425058.74
1791039600000,FLOKI/USD,2.739e-05,2.742e-05,2.729e-05,2.739e-05,1517313676.0
1791039600000,HBAR/USD,0.10249,0.10251,0.10185,0.102,5219419.0
1791039600000,ICP/USD,3.301,3.301,3.28,3.28,55144.73
1791039600000,LINK/USD,13.916,13.916,13.812,13.83,55012.67
1791039600000,LISTA/USD,0.0838,0.0841,0.0832,0.084,52764.6
1791039600000,LTC/USD,69.79,69.99,69.41,69.6,13512.071
1791039600000,NEAR/USD,4.669,4.669,4.619,4.646,420455.9
1791039600000,ONDO/USD,0.4963,0.4963,0.4912,0.4935,1527613.7
1791039600000,PAXG/USD,4146.4,4146.71,4144.32,4146.71,38.8569
1791039600000,PENDLE/USD,2.376,2.376,2.364,2.375,21796.8
1791039600000,PENGU/USD,0.009291,0.009291,0.009175,0.009243,54689188.0
1791039600000,PEPE/USD,4.28e-06,4.29e-06,4.26e-06,4.28e-06,104474747283.0
1791039600000,POL/USD,0.10883,0.10923,0.10816,0.10872,927505.3
1791039600000,S/USD,0.03835,0.0385,0.03826,0.03832,692797.8
1791039600000,SEI/USD,0.07168,0.07168,0.07093,0.07094,1749474.6
1791039600000,SHIB/USD,5.73e-06,5.74e-06,5.7e-06,5.72e-06,15903293304.0
1791039600000,SOL/USD,119.78,119.79,119.46,119.71,46164.118
1791039600000,STO/USD,0.0409,0.0409,0.0408,0.0409,133831.2
1791039600000,SUI/USD,1.1847,1.1853,1.1756,1.177,2298353.5
1791039600000,TAO/USD,293.7,293.8,290.8,292.3,1978.5586
1791039600000,TRUMP/USD,2.068,2.069,2.048,2.055,246334.991
1791039600000,TRX/USD,0.3368,0.337,0.3366,0.3368,1462039.4
1791039600000,TUT/USD,0.02401,0.02402,0.02375,0.02377,2867288.0
1791039600000,UNI/USD,9.137,9.137,9.0,9.01,395451.22
1791039600000,VIRTUAL/USD,0.8023,0.8067,0.7961,0.803,486833.3
1791039600000,WIF/USD,0.2524,0.2549,0.2518,0.2541,427134.71
1791039600000,WLD/USD,0.6094,0.61,0.5961,0.5976,10037630.4
1791039600000,XLM/USD,0.2153,0.2155,0.2132,0.2141,1827128.0
1791039600000,XRP/USD,1.49,1.4926,1.4874,1.49,2126018.2
1791039600000,ZEC/USD,1307.4,1307.4,1293.97,1302.99,2356.247
1791039600000,ZEN/USD,6.914,6.914,6.861,6.892,7852.09
1791043200000,1000CHEEMS/USD,0.00053,0.000534,0.000529,0.000534,16800300.0
1791043200000,AAVE/USD,178.9,179.91,177.85,178.82,8743.035
1791043200000,ADA/USD,0.2449,0.2455,0.2444,0.2448,2192294.9
1791043200000,APT/USD,0.8116,0.8126,0.8059,0.807,265974.83
1791043200000,ARB/USD,0.2021,0.2021,0.2002,0.2009,2093382.7
1791043200000,AVAX/USD,11.087,11.09,11.045,11.063,62158.25
1791043200000,BNB/USD,778.66,781.0,776.47,780.0,5549.322
1791043200000,BONK/USD,3.77e-06,3.85e-06,3.74e-06,3.84e-06,49325809261.0
1791043200000,BTC/USD,84867.27,84880.01,84782.01,84868.03,215.1409
1791043200000,CAKE/USD,2.506,2.521,2.499,2.514,66677.21
1791043200000,CFX/USD,0.05413,0.05433,0.05408,0.05418,319314.0
1791043200000,CRV/USD,0.3797,0.3811,0.379,0.3796,90654.5
1791043200000,DOGE/USD,0.09312,0.09328,0.09289,0.09309,9870299.0
1791043200000,DOT/USD,1.207,1.208,1.191,1.196,382886.21
1791043200000,EIGEN/USD,0.2588,0.2634,0.2588,0.262,1320886.5
1791043200000,ENA/USD,0.2335,0.2345,0.2326,0.2345,1545707.59
1791043200000,ETH/USD,2681.69,2682.87,2678.79,2681.68,3907.3777
1791043200000,FET/USD,0.229,0.2312,0.2258,0.2265,6107948.4
1791043200000,FIL/USD,1.0766,1.0813,1.0664,1.0669,318102.57
1791043200000,FLOKI/USD,2.737e-05,2.752e-05,2.734e-05,2.75e-05,1951353484.0
1791043200000,HBAR/USD,0.102,0.10203,0.10133,0.10171,3608832.0
1791043200000,ICP/USD,3.28,3.308,3.276,3.307,52561.52
1791043200000,LINK/USD,13.83,13.894,13.787,13.879,59495.0
1791043200000,LISTA/USD,0.0841,0.0851,0.0841,0.0847,216700.3
1791043200000,LTC/USD,69.6,69.75,69.1,69.16,15271.521
1791043200000,NEAR/USD,4.645,4.659,4.604,4.653,610401.2
1791043200000,ONDO/USD,0.4934,0.4938,0.4905,0.4906,735368.7
1791043200000,PAXG/USD,4146.72,4147.89,4146.7,4147.24,16.5193
1791043200000,PENDLE/USD,2.375,2.392,2.367,2.368,42742.5
1791043200000,PENGU/USD,0.009242,0.009265,0.009182,0.009184,28185708.0
1791043200000,PEPE/USD,4.28e-06,4.34e-06,4.26e-06,4.3e-06,342959368204.0
1791043200000,POL/USD,0.10873,0.10915,0.10858,0.10877,923110.8
1791043200000,S/USD,0.03833,0.03833,0.03814,0.03814,508017.8
1791043200000,SEI/USD,0.07095,0.07102,0.07053,0.07056,1308017.9
1791043200000,SHIB/USD,5.73e-06,5.74e-06,5.71e-06,5.73e-06,21073325328.0
1791043200000,SOL/USD,119.71,119.84,119.54,119.71,45298.84
1791043200000,STO/USD,0.0409,0.041,0.0408,0.0408,123272.3
1791043200000,SUI/USD,1.177,1.1776,1.1674,1.1715,1636720.0
1791043200000,TAO/USD,292.3,292.6,290.2,291.3,2053.0197
1791043200000,TRUMP/USD,2.056,2.056,2.039,2.047,306231.28
1791043200000,TRX/USD,0.3368,0.3375,0.3367,0.3371,3515503.1
1791043200000,TUT/USD,0.02378,0.02432,0.02377,0.02424,8907230.0
1791043200000,UNI/USD,9.01,9.024,8.965,8.981,199611.52
1791043200000,VIRTUAL/USD,0.8032,0.8032,0.7935,0.794,214294.9
1791043200000,WIF/USD,0.2541,0.2554,0.2521,0.2544,281540.1
1791043200000,WLD/USD,0.5976,0.604,0.5933,0.5963,5629156.0
1791043200000,XLM/USD,0.2142,0.2142,0.2129,0.2134,1362396.0
1791043200000,XRP/USD,1.49,1.4915,1.4861,1.4903,1478726.8
1791043200000,ZEC/USD,1302.95,1304.71,1290.0,1295.8,3264.328
1791043200000,ZEN/USD,6.893,6.898,6.864,6.871,5938.63
1791046800000,1000CHEEMS/USD,0.000533,0.000546,0.000533,0.000545,45537818.0
1791046800000,AAVE/USD,178.83,180.21,177.9,179.15,7403.112
1791046800000,ADA/USD,0.2448,0.2469,0.2448,0.2459,2829128.1
1791046800000,APT/USD,0.807,0.8134,0.8058,0.8086,459898.01
1791046800000,ARB/USD,0.2008,0.202,0.2007,0.2011,1000255.9
1791046800000,AVAX/USD,11.062,11.172,11.057,11.129,115675.13
1791046800000,BNB/USD,780.0,791.44,779.95,788.08,27544.094
1791046800000,BONK/USD,3.84e-06,3.88e-06,3.8e-06,3.81e-06,39632233986.0
1791046800000,BTC/USD,84868.02,85012.01,84840.0,85012.0,331.84245
1791046800000,CAKE/USD,2.513,2.556,2.511,2.534,148596.46
1791046800000,CFX/USD,0.05419,0.05451,0.05418,0.0545,381633.0
1791046800000,CRV/USD,0.3796,0.3814,0.3789,0.3798,162295.8
1791046800000,DOGE/USD,0.09309,0.09343,0.09308,0.09326,13190217.0
1791046800000,DOT/USD,1.196,1.203,1.193,1.197,185542.24
1791046800000,EIGEN/USD,0.2619,0.2657,0.261,0.2623,1645121.63
1791046800000,ENA/USD,0.2344,0.2372,0.2344,0.2368,6440278.38
1791046800000,ETH/USD,2681.67,2689.89,2681.62,2689.01,5796.8577
1791046800000,FET/USD,0.2264,0.2288,0.2264,0.2271,2021988.2
1791046800000,FIL/USD,1.0673,1.0711,1.0617,1.0635,309004.25
1791046800000,FLOKI/USD,2.749e-05,2.781e-05,2.746e-05,2.768e-05,2327456480.0
1791046800000,HBAR/USD,0.10171,0.10299,0.10171,0.10216,6832946.0
1791046800000,ICP/USD,3.307,3.312,3.289,3.299,42602.81
1791046800000,LINK/USD,13.88,13.929,13.877,13.91,51306.04
1791046800000,LISTA/USD,0.0846,0.0863,0.0846,0.0861,135886.1
1791046800000,LTC/USD,69.16,69.41,68.73,68.93,20605.465
1791046800000,NEAR/USD,4.652,4.73,4.652,4.688,1050937.7
1791046800000,ONDO/USD,0.4906,0.4961,0.4903,0.4931,883982.4
1791046800000,PAXG/USD,4147.25,4148.37,4145.37,4147.67,101.3716
1791046800000,PENDLE/USD,2.368,2.387,2.358,2.372,55237.0
1791046800000,PENGU/USD,0.009183,0.009252,0.009152,0.009201,29599871.0
1791046800000,PEPE/USD,4.3e-06,4.32e-06,4.29e-06,4.3e-06,136379044054.0
1791046800000,POL/USD,0.10877,0.10977,0.10864,0.10933,1249372.8
1791046800000,S/USD,0.03815,0.03837,0.03815,0.03822,306271.9
1791046800000,SEI/USD,0.07055,0.07083,0.07032,0.07054,1555259.5
1791046800000,SHIB/USD,5.73e-06,5.76e-06,5.72e-06,5.75e-06,14201920814.0
1791046800000,SOL/USD,119.72,120.09,119.66,119.98,53008.554
1791046800000,STO/USD,0.0408,0.0414,0.0408,0.0411,421609.7
1791046800000,SUI/USD,1.1715,1.1796,1.1712,1.1757,1082316.9
1791046800000,TAO/USD,291.2,296.0,291.1,295.2,5001.1318
1791046800000,TRUMP/USD,2.047,2.063,2.046,2.055,221736.917
1791046800000,TRX/USD,0.3371,0.3371,0.336,0.3361,2869872.3
1791046800000,TUT/USD,0.02425,0.02463,0.02425,0.02454,2857981.0
1791046800000,UNI/USD,8.981,9.045,8.978,9.023,134621.96
1791046800000,VIRTUAL/USD,0.7939,0.7991,0.7915,0.7939,156378.5
1791046800000,WIF/USD,0.2544,0.2577,0.254,0.2551,419890.95
1791046800000,WLD/USD,0.5962,0.6023,0.5909,0.5969,4081929.5
1791046800000,XLM/USD,0.2135,0.2146,0.2133,0.2143,1372795.0
1791046800000,XRP/USD,1.4904,1.496,1.4886,1.4936,3515844.8
1791046800000,ZEC/USD,1295.73,1313.67,1294.62,1305.24,3420.68
1791046800000,ZEN/USD,6.867,6.975,6.867,6.928,13584.09
1791050400000,1000CHEEMS/USD,0.000546,0.000554,0.000544,0.000549,41923972.0
1791050400000,AAVE/USD,179.13,179.51,178.49,178.95,1986.261
1791050400000,ADA/USD,0.246,0.2462,0.2448,0.2453,2672132.6
1791050400000,APT/USD,0.8084,0.8093,0.7991,0.7997,322929.6
1791050400000,ARB/USD,0.201,0.2011,0.1995,0.1996,2151376.4
1791050400000,AVAX/USD,11.129,11.145,11.079,11.124,52987.82
1791050400000,BNB/USD,788.08,790.12,787.47,789.53,4168.903
1791050400000,BONK/USD,3.81e-06,3.84e-06,3.79e-06,3.82e-06,36307608443.0
1791050400000,BTC/USD,85012.01,85037.63,84920.0,84949.99,214.78266
1791050400000,CAKE/USD,2.534,2.534,2.522,2.528,33405.32
1791050400000,CFX/USD,0.05449,0.05449,0.05424,0.05427,290075.0
1791050400000,CRV/USD,0.3797,0.3799,0.3768,0.3782,181519.0
1791050400000,DOGE/USD,0.09326,0.09334,0.09303,0.09319,7871102.0
1791050400000,DOT/USD,1.198,1.201,1.194,1.196,132483.01
1791050400000,EIGEN/USD,0.2622,0.2641,0.259,0.2598,557976.33
1791050400000,ENA/USD,0.2368,0.2385,0.2354,0.2373,6360833.82
1791050400000,ETH/USD,2689.01,2690.0,2683.72,2685.14,2637.3503
1791050400000,FET/USD,0.227,0.2271,0.2245,0.2257,3502448.5
1791050400000,FIL/USD,1.0634,1.064,1.0547,1.056,210987.28
1791050400000,FLOKI/USD,2.767e-05,2.768e-05,2.745e-05,2.754e-05,2129593508.0
1791050400000,HBAR/USD,0.10216,0.10243,0.1017,0.10214,2518808.0
1791050400000,ICP/USD,3.298,3.305,3.283,3.29,30129.48
1791050400000,LINK/USD,13.91,13.927,13.877,13.911,42213.37
1791050400000,LISTA/USD,0.0862,0.0864,0.0858,0.0858,35374.5
1791050400000,LTC/USD,68.93,69.36,68.87,68.99,16568.978
1791050400000,NEAR/USD,4.687,4.717,4.64,4.714,711871.0
1791050400000,ONDO/USD,0.493,0.4938,0.4891,0.4911,707485.0
1791050400000,PAXG/USD,4147.67,4147.69,4146.92,4146.93,15.0206
1791050400000,PENDLE/USD,2.372,2.373,2.357,2.368,13921.0
1791050400000,PENGU/USD,0.0092,0.009215,0.009145,0.009204,21046369.0
1791050400000,PEPE/USD,4.31e-06,4.32e-06,4.29e-06,4.32e-06,83544139231.0
1791050400000,POL/USD,0.10932,0.10971,0.10914,0.1093,1422678.2
1791050400000,S/USD,0.03826,0.03831,0.03815,0.03829,329420.2
1791050400000,SEI/USD,0.0705,0.07062,0.07022,0.0704,971632.7
1791050400000,SHIB/USD,5.74e-06,5.75e-06,5.73e-06,5.75e-06,9524399506.0
1791050400000,SOL/USD,119.99,120.04,119.74,119.97,39519.883
1791050400000,STO/USD,0.041,0.041,0.0408,0.0408,186486.5
1791050400000,SUI/USD,1.1756,1.1759,1.1694,1.1736,639913.7
1791050400000,TAO/USD,295.1,296.6,293.4,295.9,3148.8996
1791050400000,TRUMP/USD,2.054,2.056,2.045,2.051,197454.683
1791050400000,TRX/USD,0.3361,0.3361,0.3359,0.336,1487436.7
1791050400000,TUT/USD,0.02453,0.02467,0.02435,0.02466,3032665.0
1791050400000,UNI/USD,9.022,9.029,8.944,8.972,88671.64
1791050400000,VIRTUAL/USD,0.7939,0.7949,0.7878,0.7904,217192.7
1791050400000,WIF/USD,0.255,0.256,0.2532,0.2539,234179.6
1791050400000,WLD/USD,0.5968,0.5991,0.5884,0.5897,1980532.0
1791050400000,XLM/USD,0.2143,0.2157,0.2139,0.215,3819141.0
1791050400000,XRP/USD,1.4937,1.4948,1.4885,1.4901,2087875.3
1791050400000,ZEC/USD,1305.15,1310.36,1291.84,1300.51,3347.44
1791050400000,ZEN/USD,6.926,6.934,6.886,6.899,4890.17
1791054000000,1000CHEEMS/USD,0.000549,0.000553,0.000547,0.000553,26445823.0
1791054000000,AAVE/USD,178.94,180.02,178.42,179.85,3243.095
1791054000000,ADA/USD,0.2454,0.2457,0.2446,0.2454,2267944.4
1791054000000,APT/USD,0.7997,0.8043,0.7974,0.8028,176651.55
1791054000000,ARB/USD,0.1996,0.2008,0.1992,0.2005,1399178.4
1791054000000,AVAX/USD,11.123,11.15,11.089,11.138,57842.55
1791054000000,BNB/USD,789.54,792.82,787.53,789.71,5713.435
1791054000000,BONK/USD,3.82e-06,3.82e-06,3.79e-06,3.81e-06,20877828083.0
1791054000000,BTC/USD,84950.0,84950.0,84700.0,84842.5,235.32267
1791054000000,CAKE/USD,2.528,2.538,2.518,2.527,55662.57
1791054000000,CFX/USD,0.05422,0.05425,0.0541,0.05416,180862.0
1791054000000,CRV/USD,0.3782,0.3847,0.378,0.3843,596083.4
1791054000000,DOGE/USD,0.09318,0.09322,0.09303,0.09315,6250519.0
1791054000000,DOT/USD,1.195,1.196,1.188,1.19,143389.64
1791054000000,EIGEN/USD,0.2597,0.2616,0.259,0.26,367081.82
1791054000000,ENA/USD,0.2374,0.2384,0.2365,0.2383,3621979.57
1791054000000,ETH/USD,2685.15,2685.97,2680.9,2685.47,2725.6562
1791054000000,FET/USD,0.2256,0.227,0.2244,0.2259,2691834.7
1791054000000,FIL/USD,1.0559,1.0586,1.0529,1.058,194143.12
1791054000000,FLOKI/USD,2.753e-05,2.758e-05,2.742e-05,2.743e-05,2073691281.0
1791054000000,HBAR/USD,0.10213,0.10255,0.10192,0.10244,2180770.0
1791054000000,ICP/USD,3.289,3.325,3.283,3.317,35514.82
1791054000000,LINK/USD,13.911,13.985,13.887,13.979,42797.76
1791054000000,LISTA/USD,0.0858,0.086,0.0854,0.086,14729.4
1791054000000,LTC/USD,68.98,69.01,68.77,68.83,8614.277
1791054000000,NEAR/USD,4.714,4.752,4.695,4.726,860384.8
1791054000000,ONDO/USD,0.4911,0.4931,0.4897,0.4919,644711.0
1791054000000,PAXG/USD,4146.93,4148.05,4146.3,4146.72,36.291
1791054000000,PENDLE/USD,2.368,2.381,2.363,2.379,37121.0
1791054000000,PENGU/USD,0.009203,0.009219,0.00916,0.009186,25501372.0
1791054000000,PEPE/USD,4.32e-06,4.32e-06,4.3e-06,4.31e-06,116666620064.0
1791054000000,POL/USD,0.1093,0.10982,0.10898,0.10969,899160.8
1791054000000,S/USD,0.03829,0.03841,0.03821,0.03838,472297.9
1791054000000,SEI/USD,0.0704,0.07094,0.07028,0.07089,1658922.9
1791054000000,SHIB/USD,5.74e-06,5.76e-06,5.73e-06,5.76e-06,9015440608.0
1791054000000,SOL/USD,119.97,119.97,119.62,119.78,31195.056
1791054000000,STO/USD,0.0408,0.0408,0.0407,0.0408,116554.7
1791054000000,SUI/USD,1.1735,1.1757,1.1698,1.1745,891883.3
1791054000000,TAO/USD,296.0,296.1,293.1,295.2,3280.3948
1791054000000,TRUMP/USD,2.051,2.051,2.044,2.047,165319.05
1791054000000,TRX/USD,0.336,0.336,0.3358,0.3358,898673.5
1791054000000,TUT/USD,0.02466,0.02518,0.02462,0.0249,5538322.0
1791054000000,UNI/USD,8.972,9.015,8.949,9.009,80564.15
1791054000000,VIRTUAL/USD,0.7902,0.7942,0.7872,0.793,126329.4
1791054000000,WIF/USD,0.2538,0.2552,0.2533,0.2539,229927.92
1791054000000,WLD/USD,0.5897,0.5926,0.5881,0.5902,2676307.0
1791054000000,XLM/USD,0.2151,0.2163,0.2146,0.2153,2032653.0
1791054000000,XRP/USD,1.49,1.4903,1.487,1.4885,1474367.1
1791054000000,ZEC/USD,1300.58,1320.99,1297.92,1320.31,4132.528
1791054000000,ZEN/USD,6.898,6.913,6.872,6.912,7108.48
1791057600000,1000CHEEMS/USD,0.000552,0.000563,0.000551,0.000554,64004414.0
1791057600000,AAVE/USD,179.86,181.46,179.7,180.77,3612.29
1791057600000,ADA/USD,0.2455,0.2462,0.2451,0.2454,1924567.9
1791057600000,APT/USD,0.8026,0.8082,0.8026,0.8053,163895.41
1791057600000,ARB/USD,0.2006,0.2017,0.2006,0.201,1652988.6
1791057600000,AVAX/USD,11.139,11.166,11.1,11.101,56280.69
1791057600000,BNB/USD,789.71,790.53,786.33,786.4,2227.362
1791057600000,BONK/USD,3.81e-06,3.83e-06,3.79e-06,3.81e-06,19067564844.0
1791057600000,BTC/USD,84842.5,84915.65,84714.0,84749.75,195.35495
1791057600000,CAKE/USD,2.528,2.531,2.518,2.518,22664.97
1791057600000,CFX/USD,0.05423,0.0544,0.05423,0.05435,98981.0
1791057600000,CRV/USD,0.3845,0.3853,0.381,0.3845,526243.4
1791057600000,DOGE/USD,0.09314,0.09335,0.09311,0.09316,11610543.0
1791057600000,DOT/USD,1.19,1.195,1.19,1.191,118186.31
1791057600000,EIGEN/USD,0.26,0.2625,0.2599,0.2614,389591.21
1791057600000,ENA/USD,0.2384,0.2392,0.2376,0.2383,2248393.12
1791057600000,ETH/USD,2685.47,2689.06,2685.46,2686.74,2487.8759
1791057600000,FET/USD,0.2258,0.2272,0.2254,0.2259,2366392.5
1791057600000,FIL/USD,1.0579,1.0654,1.0579,1.0638,149502.99
1791057600000,FLOKI/USD,2.741e-05,2.749e-05,2.74e-05,2.741e-05,336232912.0
1791057600000,HBAR/USD,0.10244,0.10273,0.1024,0.10246,2856937.0
1791057600000,ICP/USD,3.317,3.337,3.317,3.337,34413.81
1791057600000,LINK/USD,13.979,14.096,13.979,14.062,72432.26
1791057600000,LISTA/USD,0.086,0.0866,0.0859,0.0864,33139.4
1791057600000,LTC/USD,68.83,69.24,68.82,69.04,8410.6
1791057600000,NEAR/USD,4.726,4.819,4.724,4.741,1088517.1
1791057600000,ONDO/USD,0.4919,0.4958,0.4919,0.4944,935288.1
1791057600000,PAXG/USD,4146.72,4148.02,4146.71,4147.65,33.9318
1791057600000,PENDLE/USD,2.381,2.399,2.375,2.384,38197.3
1791057600000,PENGU/USD,0.009186,0.009289,0.009186,0.009243,27480751.0
1791057600000,PEPE/USD,4.3e-06,4.33e-06,4.3e-06,4.32e-06,117011284672.0
1791057600000,POL/USD,0.1097,0.11036,0.1097,0.11028,765146.8
1791057600000,S/USD,0.03841,0.039,0.03841,0.03897,1957635.9
1791057600000,SEI/USD,0.07089,0.07114,0.07087,0.071,1240460.2
1791057600000,SHIB/USD,5.76e-06,5.77e-06,5.74e-06,5.75e-06,9379099208.0
1791057600000,SOL/USD,119.79,120.07,119.71,119.81,38888.305
1791057600000,STO/USD,0.0409,0.0411,0.0409,0.0409,55692.2
1791057600000,SUI/USD,1.1745,1.1823,1.1742,1.1788,1080948.9
1791057600000,TAO/USD,295.3,299.2,295.3,298.1,2794.835
1791057600000,TRUMP/USD,2.047,2.053,2.046,2.047,192931.812
1791057600000,TRX/USD,0.3359,0.3359,0.3357,0.3357,971242.3
1791057600000,TUT/USD,0.0249,0.02507,0.02478,0.02505,4044308.0
1791057600000,UNI/USD,9.01,9.078,9.01,9.052,67140.3
1791057600000,VIRTUAL/USD,0.793,0.7972,0.7914,0.7945,251304.9
1791057600000,WIF/USD,0.254,0.2551,0.2531,0.2541,129633.72
1791057600000,WLD/USD,0.5901,0.5966,0.5881,0.5957,3387198.9
1791057600000,XLM/USD,0.2153,0.2169,0.2153,0.2163,2456834.0
1791057600000,XRP/USD,1.4884,1.492,1.4884,1.4902,1298777.6
1791057600000,ZEC/USD,1320.47,1334.79,1318.71,1323.64,3894.307
1791057600000,ZEN/USD,6.911,6.946,6.911,6.915,7318.73
1791061200000,1000CHEEMS/USD,0.000554,0.000557,0.000547,0.000547,24888157.0
1791061200000,AAVE/USD,180.81,181.12,180.42,180.65,1338.22
1791061200000,ADA/USD,0.2454,0.2457,0.2446,0.2449,1050973.1
1791061200000,APT/USD,0.8053,0.8067,0.8005,0.8026,90709.5
1791061200000,ARB/USD,0.2011,0.2017,0.2006,0.2008,1023463.3
1791061200000,AVAX/USD,11.102,11.115,11.079,11.083,37541.91
1791061200000,BNB/USD,786.4,787.35,784.92,785.09,1738.627
1791061200000,BONK/USD,3.81e-06,3.82e-06,3.79e-06,3.8e-06,13155108173.0
1791061200000,BTC/USD,84749.76,84773.89,84558.0,84715.15,288.71382
1791061200000,CAKE/USD,2.519,2.524,2.513,2.515,23847.03
1791061200000,CFX/USD,0.05432,0.05455,0.05428,0.05429,276672.0
1791061200000,CRV/USD,0.3845,0.3849,0.3814,0.3823,223760.5
1791061200000,DOGE/USD,0.09317,0.0932,0.09283,0.09294,11902763.0
1791061200000,DOT/USD,1.192,1.193,1.184,1.184,140128.18
1791061200000,EIGEN/USD,0.2616,0.2622,0.2595,0.2596,217338.85
1791061200000,ENA/USD,0.2383,0.2393,0.2366,0.2391,2884587.8
1791061200000,ETH/USD,2686.74,2688.06,2683.14,2685.18,2055.9708
1791061200000,FET/USD,0.2258,0.2263,0.2246,0.2259,1630377.3
1791061200000,FIL/USD,1.0636,1.0645,1.0608,1.0638,101235.86
1791061200000,FLOKI/USD,2.742e-05,2.744e-05,2.729e-05,2.731e-05,1196616064.0
1791061200000,HBAR/USD,0.10247,0.10263,0.10189,0.10205,1778554.0
1791061200000,ICP/USD,3.335,3.356,3.323,3.342,53472.09
1791061200000,LINK/USD,14.061,14.069,14.002,14.062,41251.4
1791061200000,LISTA/USD,0.0864,0.0865,0.0858,0.0862,58159.6
1791061200000,LTC/USD,69.04,69.26,68.83,69.24,11592.462
1791061200000,NEAR/USD,4.74,4.771,4.732,4.753,378573.2
1791061200000,ONDO/USD,0.4945,0.4953,0.4923,0.4931,636797.2
1791061200000,PAXG/USD,4147.65,4148.17,4146.73,4147.96,43.7946
1791061200000,PENDLE/USD,2.385,2.389,2.377,2.389,16757.6
1791061200000,PENGU/USD,0.009245,0.009255,0.009197,0.009237,17195629.0
1791061200000,PEPE/USD,4.32e-06,4.33e-06,4.3e-06,4.31e-06,54866602073.0
1791061200000,POL/USD,0.11024,0.11044,0.10965,0.10973,654113.0
1791061200000,S/USD,0.03899,0.03962,0.0389,0.03959,2667386.1
1791061200000,SEI/USD,0.071,0.07126,0.07086,0.07125,943176.5
1791061200000,SHIB/USD,5.75e-06,5.76e-06,5.72e-06,5.74e-06,12104832634.0
1791061200000,SOL/USD,119.82,119.92,119.52,119.63,38994.552
1791061200000,STO/USD,0.0409,0.0409,0.0408,0.0409,149357.1
1791061200000,SUI/USD,1.1788,1.182,1.1743,1.1752,816830.0
1791061200000,TAO/USD,298.1,300.5,296.5,300.4,3657.8677
1791061200000,TRUMP/USD,2.047,2.05,2.041,2.045,176842.641
1791061200000,TRX/USD,0.3358,0.3358,0.3353,0.3353,2626900.9
1791061200000,TUT/USD,0.02504,0.02515,0.02488,0.02505,2145359.0
1791061200000,UNI/USD,9.053,9.072,8.983,9.01,65120.17
1791061200000,VIRTUAL/USD,0.7948,0.7957,0.7911,0.7944,68103.4
1791061200000,WIF/USD,0.2541,0.2544,0.252,0.2523,153247.68
1791061200000,WLD/USD,0.5957,0.5993,0.5931,0.5989,2061622.9
1791061200000,XLM/USD,0.2163,0.2164,0.2154,0.216,980577.0
1791061200000,XRP/USD,1.4903,1.4914,1.4862,1.4868,1918195.3
1791061200000,ZEC/USD,1323.74,1328.5,1312.0,1315.99,1953.852
1791061200000,ZEN/USD,6.914,6.925,6.882,6.906,7645.01
1791064800000,1000CHEEMS/USD,0.000548,0.00055,0.000545,0.000549,12951221.0
1791064800000,AAVE/USD,180.68,181.1,180.19,180.5,1012.763
1791064800000,ADA/USD,0.2449,0.2454,0.2444,0.2445,2362120.3
1791064800000,APT/USD,0.8026,0.8039,0.8001,0.8013,160871.43
1791064800000,ARB/USD,0.2008,0.2008,0.2001,0.2002,655092.8
1791064800000,AVAX/USD,11.083,11.12,11.063,11.096,51324.89
1791064800000,BNB/USD,785.1,789.93,784.92,789.24,1955.18
1791064800000,BONK/USD,3.8e-06,3.81e-06,3.77e-06,3.79e-06,11234274195.0
1791064800000,BTC/USD,84715.15,84805.0,84693.73,84776.01,382.2788
1791064800000,CAKE/USD,2.515,2.529,2.513,2.524,18028.79
1791064800000,CFX/USD,0.05429,0.05437,0.05413,0.05433,419412.0
1791064800000,CRV/USD,0.3823,0.3838,0.3789,0.379,118854.6
1791064800000,DOGE/USD,0.09294,0.09307,0.09273,0.09293,9961821.0
1791064800000,DOT/USD,1.184,1.185,1.181,1.181,232519.66
1791064800000,EIGEN/USD,0.2596,0.2603,0.258,0.2594,234969.47
1791064800000,ENA/USD,0.2391,0.2396,0.2379,0.2383,3420492.09
1791064800000,ETH/USD,2685.18,2689.52,2684.06,2686.58,1813.6695
1791064800000,FET/USD,0.2259,0.2263,0.2253,0.2256,1350864.2
1791064800000,FIL/USD,1.0639,1.0663,1.0613,1.0644,101733.36
1791064800000,FLOKI/USD,2.731e-05,2.74e-05,2.727e-05,2.74e-05,1055640158.0
1791064800000,HBAR/USD,0.10205,0.10208,0.10164,0.10171,2125591.0
1791064800000,ICP/USD,3.343,3.37,3.342,3.361,35622.93
1791064800000,LINK/USD,14.062,14.197,14.057,14.114,69897.75
1791064800000,LISTA/USD,0.0863,0.0864,0.0859,0.086,42613.2
1791064800000,LTC/USD,69.25,70.28,69.22,70.17,20080.524
1791064800000,NEAR/USD,4.752,4.807,4.736,4.759,504372.8
1791064800000,ONDO/USD,0.4931,0.4952,0.4926,0.494,658111.9
1791064800000,PAXG/USD,4147.96,4147.97,4146.81,4147.46,5.6549
1791064800000,PENDLE/USD,2.39,2.402,2.387,2.401,38585.0
1791064800000,PENGU/USD,0.009236,0.009259,0.009206,0.009224,10759605.0
1791064800000,PEPE/USD,4.31e-06,4.33e-06,4.31e-06,4.32e-06,110356809166.0
1791064800000,POL/USD,0.10974,0.11008,0.10948,0.10974,718463.4
1791064800000,S/USD,0.03959,0.04082,0.0395,0.04081,4889190.2
1791064800000,SEI/USD,0.07125,0.07178,0.07118,0.07155,2213203.5
1791064800000,SHIB/USD,5.74e-06,5.75e-06,5.73e-06,5.74e-06,8892770622.0
1791064800000,SOL/USD,119.63,119.91,119.49,119.72,46877.053
1791064800000,STO/USD,0.041,0.041,0.0409,0.041,137293.9
1791064800000,SUI/USD,1.1751,1.1888,1.1741,1.1842,1737897.0
1791064800000,TAO/USD,300.4,305.2,300.2,303.6,7595.0751
1791064800000,TRUMP/USD,2.046,2.05,2.041,2.045,210674.652
1791064800000,TRX/USD,0.3354,0.3356,0.3353,0.3355,1411289.6
1791064800000,TUT/USD,0.02505,0.02505,0.02478,0.02497,1054212.0
1791064800000,UNI/USD,9.01,9.062,9.002,9.043,57453.8
1791064800000,VIRTUAL/USD,0.7944,0.7955,0.7921,0.7925,178988.6
1791064800000,WIF/USD,0.2523,0.2523,0.2511,0.2513,75857.4
1791064800000,WLD/USD,0.5988,0.603,0.5981,0.6,3532627.7
1791064800000,XLM/USD,0.216,0.2161,0.2155,0.2158,1254098.0
1791064800000,XRP/USD,1.4869,1.4895,1.4842,1.4865,2057237.4
1791064800000,ZEC/USD,1315.99,1316.29,1297.01,1297.89,4413.165
1791064800000,ZEN/USD,6.9,6.922,6.884,6.894,8667.04
1791068400000,1000CHEEMS/USD,0.000548,0.000551,0.000548,0.000549,10387817.0
1791068400000,AAVE/USD,180.5,181.75,180.21,181.57,1840.088
1791068400000,ADA/USD,0.2445,0.2446,0.2437,0.2438,1975325.2
1791068400000,APT/USD,0.8015,0.8055,0.8,0.8036,117453.74
1791068400000,ARB/USD,0.2002,0.2016,0.1997,0.2014,1071171.8
1791068400000,AVAX/USD,11.097,11.137,11.075,11.125,39330.37
1791068400000,BNB/USD,789.24,789.57,786.64,786.88,1997.313
1791068400000,BONK/USD,3.78e-06,3.8e-06,3.77e-06,3.8e-06,30521094820.0
1791068400000,BTC/USD,84776.02,84818.39,84708.16,84753.56,919.47834
1791068400000,CAKE/USD,2.525,2.529,2.522,2.527,13527.61
1791068400000,CFX/USD,0.05434,0.05455,0.0542,0.05439,279953.0
1791068400000,CRV/USD,0.379,0.3821,0.3787,0.3808,368626.3
1791068400000,DOGE/USD,0.09294,0.09295,0.09275,0.09282,6793918.0
1791068400000,DOT/USD,1.182,1.189,1.178,1.185,149268.12
1791068400000,EIGEN/USD,0.2594,0.2631,0.2586,0.2605,649627.66
1791068400000,ENA/USD,0.2384,0.2398,0.2377,0.2392,2306084.1
1791068400000,ETH/USD,2686.59,2688.27,2685.09,2687.23,1296.7803
1791068400000,FET/USD,0.2256,0.2273,0.225,0.2259,1812892.7
1791068400000,FIL/USD,1.0644,1.0688,1.063,1.0668,88260.81
1791068400000,FLOKI/USD,2.74e-05,2.751e-05,2.734e-05,2.749e-05,714871548.0
1791068400000,HBAR/USD,0.10172,0.10208,0.10153,0.10197,2687766.0
1791068400000,ICP/USD,3.362,3.388,3.351,3.361,109617.72
1791068400000,LINK/USD,14.115,14.133,14.043,14.116,58619.84
1791068400000,LISTA/USD,0.086,0.0863,0.0858,0.0858,30176.4
1791068400000,LTC/USD,70.16,70.39,69.92,70.29,20115.145
1791068400000,NEAR/USD,4.759,4.874,4.75,4.833,1642564.4
1791068400000,ONDO/USD,0.494,0.5037,0.4932,0.5016,1367161.4
1791068400000,PAXG/USD,4147.45,4148.2,4145.59,4148.2,172.6977
1791068400000,PENDLE/USD,2.4,2.412,2.392,2.41,42317.1
1791068400000,PENGU/USD,0.009223,0.009261,0.009195,0.009255,15372308.0
1791068400000,PEPE/USD,4.31e-06,4.32e-06,4.29e-06,4.31e-06,63051809202.0
1791068400000,POL/USD,0.10975,0.1104,0.10975,0.1102,1321201.5
1791068400000,S/USD,0.04081,0.04351,0.04077,0.04339,21984057.4
1791068400000,SEI/USD,0.07155,0.07177,0.07135,0.07168,1788188.0
1791068400000,SHIB/USD,5.74e-06,5.75e-06,5.73e-06,5.75e-06,12563388560.0
1791068400000,SOL/USD,119.72,119.8,119.59,119.62,23226.615
1791068400000,STO/USD,0.041,0.041,0.0408,0.041,98371.8
1791068400000,SUI/USD,1.1842,1.1917,1.1811,1.184,1757085.9
1791068400000,TAO/USD,303.6,308.1,303.0,307.1,8552.1461
1791068400000,TRUMP/USD,2.045,2.047,2.037,2.047,239934.619
1791068400000,TRX/USD,0.3355,0.3356,0.3353,0.3354,852022.4
1791068400000,TUT/USD,0.025,0.025,0.02483,0.02483,394983.0
1791068400000,UNI/USD,9.043,9.067,9.025,9.052,63965.21
1791068400000,VIRTUAL/USD,0.7928,0.8,0.7928,0.7976,187897.6
1791068400000,WIF/USD,0.2513,0.2521,0.2507,0.2513,121904.59
1791068400000,WLD/USD,0.6,0.6024,0.5962,0.598,1522970.0
1791068400000,XLM/USD,0.2158,0.2162,0.2152,0.2161,884295.0
1791068400000,XRP/USD,1.4866,1.4877,1.4849,1.4864,1235020.7
1791068400000,ZEC/USD,1298.03,1307.49,1283.17,1305.16,6490.958
1791068400000,ZEN/USD,6.893,6.971,6.88,6.967,8040.97
1791072000000,1000CHEEMS/USD,0.00055,0.00055,0.000545,0.000548,14762850.0
1791072000000,AAVE/USD,181.57,182.77,181.32,182.51,3345.102
1791072000000,ADA/USD,0.2438,0.2448,0.2435,0.2436,2444852.7
1791072000000,APT/USD,0.8036,0.8036,0.7955,0.7964,213387.79
1791072000000,ARB/USD,0.2013,0.2051,0.2009,0.2031,6689111.6
1791072000000,AVAX/USD,11.125,11.141,11.081,11.085,79275.66
1791072000000,BNB/USD,786.88,787.67,784.05,785.32,3281.861
1791072000000,BONK/USD,3.79e-06,3.83e-06,3.79e-06,3.81e-06,20682586506.0
1791072000000,BTC/USD,84753.57,84871.34,84753.56,84790.0,385.03292
1791072000000,CAKE/USD,2.526,2.527,2.513,2.515,32145.16
1791072000000,CFX/USD,0.05437,0.05437,0.05395,0.05397,322997.0
1791072000000,CRV/USD,0.3807,0.3817,0.3781,0.3781,311707.8
1791072000000,DOGE/USD,0.09282,0.09314,0.0928,0.09291,11310944.0
1791072000000,DOT/USD,1.185,1.188,1.18,1.184,170163.3
1791072000000,EIGEN/USD,0.2604,0.2619,0.259,0.2619,435732.79
1791072000000,ENA/USD,0.2391,0.2403,0.2386,0.2388,2662190.37
1791072000000,ETH/USD,2687.24,2694.0,2686.54,2693.49,3489.2175
1791072000000,FET/USD,0.2259,0.2269,0.2245,0.2248,3164043.9
1791072000000,FIL/USD,1.0669,1.0676,1.0587,1.0602,173817.86
1791072000000,FLOKI/USD,2.749e-05,2.75e-05,2.728e-05,2.73e-05,1236754278.0
1791072000000,HBAR/USD,0.10197,0.10206,0.10156,0.10173,1678010.0
1791072000000,ICP/USD,3.361,3.414,3.338,3.396,338228.0
1791072000000,LINK/USD,14.116,14.235,14.11,14.128,58565.84
1791072000000,LISTA/USD,0.0858,0.086,0.0851,0.0851,66445.6
1791072000000,LTC/USD,70.29,70.74,69.98,70.7,18362.807
1791072000000,NEAR/USD,4.833,4.908,4.796,4.857,1443469.5
1791072000000,ONDO/USD,0.5017,0.5031,0.4984,0.4995,986685.8
1791072000000,PAXG/USD,4148.2,4148.68,4147.31,4147.51,16.7047
1791072000000,PENDLE/USD,2.408,2.482,2.405,2.464,230935.5
1791072000000,PENGU/USD,0.009254,0.009263,0.009198,0.0092,9365309.0
1791072000000,PEPE/USD,4.31e-06,4.32e-06,4.3e-06,4.3e-06,110573083199.0
1791072000000,POL/USD,0.11018,0.11056,0.10967,0.1103,1076291.5
1791072000000,S/USD,0.04344,0.04409,0.04095,0.04121,20982209.8
1791072000000,SEI/USD,0.07168,0.07236,0.07167,0.07198,4401732.1
1791072000000,SHIB/USD,5.75e-06,5.75e-06,5.71e-06,5.72e-06,8872882445.0
1791072000000,SOL/USD,119.61,120.22,119.59,120.19,47920.518
1791072000000,STO/USD,0.0411,0.0411,0.0409,0.041,199128.7
1791072000000,SUI/USD,1.184,1.187,1.1785,1.1806,1061200.9
1791072000000,TAO/USD,307.1,308.4,304.6,305.7,4515.6669
1791072000000,TRUMP/USD,2.047,2.048,2.038,2.041,207379.073
1791072000000,TRX/USD,0.3354,0.336,0.3353,0.3357,2789827.2
1791072000000,TUT/USD,0.02482,0.02498,0.0247,0.02475,4014983.0
1791072000000,UNI/USD,9.051,9.126,9.025,9.076,119495.53
1791072000000,VIRTUAL/USD,0.7979,0.8029,0.7948,0.7977,241786.1
1791072000000,WIF/USD,0.2513,0.2537,0.2506,0.2522,180712.03
1791072000000,WLD/USD,0.598,0.5998,0.5938,0.5949,1863393.6
1791072000000,XLM/USD,0.216,0.2168,0.2156,0.2162,1687784.0
1791072000000,XRP/USD,1.4863,1.4912,1.4856,1.4883,1809394.6
1791072000000,ZEC/USD,1305.22,1321.49,1303.13,1317.82,4423.429
1791072000000,ZEN/USD,6.967,6.971,6.93,6.968,4022.47
1791075600000,1000CHEEMS/USD,0.000549,0.000549,0.000545,0.000548,10709445.0
1791075600000,AAVE/USD,182.52,183.19,182.08,182.56,3489.86
1791075600000,ADA/USD,0.2436,0.2443,0.2433,0.2437,3865718.5
1791075600000,APT/USD,0.7965,0.7994,0.795,0.7957,207896.68
1791075600000,ARB/USD,0.2031,0.2031,0.2008,0.2013,1319393.7
1791075600000,AVAX/USD,11.086,11.097,11.067,11.07,34911.65
1791075600000,BNB/USD,785.32,785.63,782.94,784.27,1943.091
1791075600000,BONK/USD,3.82e-06,3.88e-06,3.81e-06,3.84e-06,30837651593.0
1791075600000,BTC/USD,84790.0,84815.09,84719.99,84802.59,191.4151
1791075600000,CAKE/USD,2.516,2.518,2.508,2.513,19401.25
1791075600000,CFX/USD,0.05397,0.05423,0.05387,0.05413,791087.0
1791075600000,CRV/USD,0.3783,0.3796,0.3768,0.3775,346541.2
1791075600000,DOGE/USD,0.09291,0.09297,0.09267,0.0928,10855360.0
1791075600000,DOT/USD,1.184,1.187,1.177,1.178,227867.74
1791075600000,EIGEN/USD,0.2617,0.2646,0.2617,0.2619,971119.98
1791075600000,ENA/USD,0.2388,0.2416,0.2386,0.2391,4792245.1
1791075600000,ETH/USD,2693.5,2695.0,2689.79,2694.79,2281.0769
1791075600000,FET/USD,0.2249,0.225,0.2229,0.2238,1836472.5
1791075600000,FIL/USD,1.0604,1.0626,1.0566,1.0568,147259.72
1791075600000,FLOKI/USD,2.731e-05,2.735e-05,2.724e-05,2.725e-05,805572715.0
1791075600000,HBAR/USD,0.10173,0.10193,0.10145,0.10163,2815364.0
1791075600000,ICP/USD,3.395,3.403,3.35,3.352,90106.08
1791075600000,LINK/USD,14.129,14.165,14.072,14.08,31433.87
1791075600000,LISTA/USD,0.0851,0.0857,0.0848,0.0854,132551.2
1791075600000,LTC/USD,70.69,70.88,69.86,69.9,10627.76
1791075600000,NEAR/USD,4.858,4.895,4.814,4.853,624946.7
1791075600000,ONDO/USD,0.4995,0.5011,0.4975,0.4987,1412165.8
1791075600000,PAXG/USD,4147.51,4147.51,4144.92,4146.29,95.3029
1791075600000,PENDLE/USD,2.465,2.467,2.446,2.451,65442.1
1791075600000,PENGU/USD,0.009201,0.009209,0.00916,0.009177,15144136.0
1791075600000,PEPE/USD,4.31e-06,4.31e-06,4.28e-06,4.29e-06,127922265917.0
1791075600000,POL/USD,0.11025,0.11048,0.10975,0.1098,666649.9
1791075600000,S/USD,0.04121,0.04166,0.04092,0.04109,4297084.2
1791075600000,SEI/USD,0.07198,0.07227,0.07175,0.07205,1380376.0
1791075600000,SHIB/USD,5.72e-06,5.72e-06,5.69e-06,5.69e-06,6963473332.0
1791075600000,SOL/USD,120.19,120.39,119.95,120.15,43874.406
1791075600000,STO/USD,0.041,0.041,0.0409,0.0409,6293.0
1791075600000,SUI/USD,1.1805,1.1839,1.1766,1.1779,1602094.3
1791075600000,TAO/USD,305.8,309.0,304.3,307.8,3554.5371
1791075600000,TRUMP/USD,2.041,2.042,2.028,2.037,317026.698
1791075600000,TRX/USD,0.3357,0.3358,0.3356,0.3358,760694.3
1791075600000,TUT/USD,0.02475,0.0248,0.02433,0.02441,6327774.0
1791075600000,UNI/USD,9.078,9.084,9.025,9.035,80053.09
1791075600000,VIRTUAL/USD,0.7977,0.8012,0.7949,0.7952,90264.8
1791075600000,WIF/USD,0.2524,0.2525,0.2502,0.2503,94677.54
1791075600000,WLD/USD,0.5948,0.6003,0.5925,0.5932,1970319.9
1791075600000,XLM/USD,0.2161,0.2161,0.2154,0.2155,1143939.0
1791075600000,XRP/USD,1.4883,1.4903,1.487,1.4881,1200742.2
1791075600000,ZEC/USD,1317.82,1318.43,1306.03,1308.81,3485.053
1791075600000,ZEN/USD,6.969,6.973,6.919,6.921,6361.66
1791079200000,1000CHEEMS/USD,0.000547,0.000551,0.000547,0.000547,16627194.0
1791079200000,AAVE/USD,182.55,183.2,181.16,181.8,4691.185
1791079200000,ADA/USD,0.2437,0.2445,0.243,0.2432,4019314.6
1791079200000,APT/USD,0.7957,0.7975,0.7937,0.7949,127329.24
1791079200000,ARB/USD,0.2013,0.2022,0.2009,0.2011,716893.9
1791079200000,AVAX/USD,11.071,11.082,11.051,11.067,57755.0
1791079200000,BNB/USD,784.26,784.39,782.15,783.51,2225.486
1791079200000,BONK/USD,3.84e-06,3.86e-06,3.81e-06,3.82e-06,17998023507.0
1791079200000,BTC/USD,84802.6,84877.09,84781.05,84802.17,278.14026
1791079200000,CAKE/USD,2.512,2.518,2.507,2.508,13503.61
1791079200000,CFX/USD,0.05412,0.05429,0.05399,0.05408,224131.0
1791079200000,CRV/USD,0.3777,0.3786,0.376,0.3763,104486.5
1791079200000,DOGE/USD,0.0928,0.093,0.09268,0.09277,19003857.0
1791079200000,DOT/USD,1.178,1.186,1.177,1.18,260539.44
1791079200000,EIGEN/USD,0.262,0.2635,0.2608,0.2621,269922.11
1791079200000,ENA/USD,0.239,0.2402,0.2374,0.2376,5426651.39
1791079200000,ETH/USD,2694.8,2696.54,2692.01,2692.62,2523.627
1791079200000,FET/USD,0.2237,0.2251,0.2223,0.2227,2643203.5
1791079200000,FIL/USD,1.0568,1.0623,1.0568,1.06,163605.08
1791079200000,FLOKI/USD,2.723e-05,2.731e-05,2.719e-05,2.725e-05,845963885.0
1791079200000,HBAR/USD,0.10164,0.102,0.10112,0.10123,1857040.0
1791079200000,ICP/USD,3.351,3.354,3.306,3.318,136968.29
1791079200000,LINK/USD,14.081,14.103,14.006,14.049,35014.87
1791079200000,LISTA/USD,0.0855,0.0871,0.0854,0.0869,166064.4
1791079200000,LTC/USD,69.91,70.84,69.79,70.59,13873.352
1791079200000,NEAR/USD,4.853,4.879,4.796,4.815,509311.8
1791079200000,ONDO/USD,0.4988,0.5,0.4956,0.4971,778420.0
1791079200000,PAXG/USD,4146.29,4147.97,4146.28,4147.63,16.1247
1791079200000,PENDLE/USD,2.451,2.462,2.438,2.439,68709.8
1791079200000,PENGU/USD,0.009178,0.009224,0.009163,0.009184,14353018.0
1791079200000,PEPE/USD,4.29e-06,4.3e-06,4.27e-06,4.27e-06,88868825746.0
1791079200000,POL/USD,0.10978,0.10999,0.10924,0.10931,928039.0
1791079200000,S/USD,0.04107,0.04175,0.04067,0.04136,3347955.4
1791079200000,SEI/USD,0.07204,0.07228,0.07154,0.07167,1628376.0
1791079200000,SHIB/USD,5.7e-06,5.71e-06,5.68e-06,5.7e-06,6665046080.0
1791079200000,SOL/USD,120.15,120.41,120.02,120.4,45379.447
1791079200000,STO/USD,0.041,0.0411,0.0409,0.0409,335975.9
1791079200000,SUI/USD,1.1779,1.1862,1.1748,1.1803,1273315.0
1791079200000,TAO/USD,307.8,310.5,306.5,306.9,3910.935
1791079200000,TRUMP/USD,2.038,2.054,2.036,2.042,254338.512
1791079200000,TRX/USD,0.3357,0.3358,0.3354,0.3355,884940.4
1791079200000,TUT/USD,0.02441,0.02501,0.02441,0.02489,6626477.0
1791079200000,UNI/USD,9.036,9.096,9.006,9.063,100704.48
1791079200000,VIRTUAL/USD,0.795,0.8002,0.7928,0.793,193742.5
1791079200000,WIF/USD,0.2502,0.2511,0.2494,0.2501,212051.98
1791079200000,WLD/USD,0.5932,0.5974,0.5845,0.5927,3035305.0
1791079200000,XLM/USD,0.2155,0.2164,0.215,0.2152,1066880.0
1791079200000,XRP/USD,1.4882,1.4916,1.488,1.4893,1910641.0
1791079200000,ZEC/USD,1308.82,1310.63,1303.0,1308.17,2443.069
1791079200000,ZEN/USD,6.919,6.99,6.917,6.955,7485.68
1791082800000,1000CHEEMS/USD,0.000547,0.000551,0.000546,0.000549,12781823.0
1791082800000,AAVE/USD,181.8,182.92,180.8,182.43,3759.78
1791082800000,ADA/USD,0.2431,0.244,0.2425,0.2432,2941163.1
1791082800000,APT/USD,0.7946,0.7986,0.7935,0.7952,148611.88
1791082800000,ARB/USD,0.201,0.2025,0.2009,0.2016,490151.0
1791082800000,AVAX/USD,11.066,11.077,11.038,11.045,36355.78
1791082800000,BNB/USD,783.51,785.56,782.87,784.56,2157.011
1791082800000,BONK/USD,3.82e-06,3.83e-06,3.8e-06,3.81e-06,13149169697.0
1791082800000,BTC/USD,84802.17,84890.0,84796.41,84840.87,226.78471
1791082800000,CAKE/USD,2.507,2.511,2.498,2.503,71332.21
1791082800000,CFX/USD,0.05405,0.05447,0.05397,0.05411,583997.0
1791082800000,CRV/USD,0.3763,0.3771,0.3748,0.3751,269450.1
1791082800000,DOGE/USD,0.09276,0.09289,0.09252,0.09265,13979103.0
1791082800000,DOT/USD,1.18,1.182,1.174,1.177,163015.78
1791082800000,EIGEN/USD,0.2622,0.2664,0.2612,0.264,405803.72
1791082800000,ENA/USD,0.2376,0.2383,0.237,0.2374,2012512.92
1791082800000,ETH/USD,2692.62,2697.0,2691.75,2694.44,1848.4312
1791082800000,FET/USD,0.2226,0.2226,0.2209,0.2212,2536337.9
1791082800000,FIL/USD,1.0599,1.0625,1.0565,1.0573,146716.07
1791082800000,FLOKI/USD,2.724e-05,2.725e-05,2.715e-05,2.718e-05,602803297.0
1791082800000,HBAR/USD,0.10123,0.10125,0.10072,0.10079,2967101.0
1791082800000,ICP/USD,3.318,3.325,3.295,3.301,45124.54
1791082800000,LINK/USD,14.049,14.085,13.999,14.024,41500.3
1791082800000,LISTA/USD,0.0869,0.0885,0.0867,0.0881,281655.2
1791082800000,LTC/USD,70.59,70.7,70.31,70.42,5993.238
1791082800000,NEAR/USD,4.816,4.818,4.787,4.805,326488.9
1791082800000,ONDO/USD,0.4971,0.4979,0.4953,0.4957,453195.9
1791082800000,PAXG/USD,4147.63,4149.31,4147.63,4149.31,12.8562
1791082800000,PENDLE/USD,2.439,2.468,2.435,2.462,80699.8
1791082800000,PENGU/USD,0.009184,0.009184,0.009121,0.009136,19914350.0
1791082800000,PEPE/USD,4.28e-06,4.28e-06,4.26e-06,4.27e-06,116482516491.0
1791082800000,POL/USD,0.10933,0.1096,0.10875,0.1093,1557033.7
1791082800000,S/USD,0.04139,0.04157,0.04098,0.04122,1796354.2
1791082800000,SEI/USD,0.07167,0.07178,0.0713,0.07138,1696479.5
1791082800000,SHIB/USD,5.7e-06,5.71e-06,5.68e-06,5.7e-06,6681120997.0
1791082800000,SOL/USD,120.4,121.29,120.19,120.77,79112.727
1791082800000,STO/USD,0.0409,0.0411,0.0408,0.0409,288341.9
1791082800000,SUI/USD,1.1802,1.182,1.1751,1.1769,847244.8
1791082800000,TAO/USD,306.9,306.9,305.0,305.8,1197.4712
1791082800000,TRUMP/USD,2.043,2.043,2.033,2.035,307915.24
1791082800000,TRX/USD,0.3354,0.3356,0.3354,0.3355,1036318.4
1791082800000,TUT/USD,0.02489,0.02509,0.02486,0.02499,2269387.0
1791082800000,UNI/USD,9.063,9.069,9.016,9.037,56216.15
1791082800000,VIRTUAL/USD,0.793,0.7954,0.7895,0.7897,162728.0
1791082800000,WIF/USD,0.25,0.25,0.2484,0.2488,139918.76
1791082800000,WLD/USD,0.5926,0.5926,0.5875,0.5889,1533968.4
1791082800000,XLM/USD,0.2151,0.2155,0.2145,0.2146,645307.0
1791082800000,XRP/USD,1.4893,1.4917,1.4876,1.49,1354194.4
1791082800000,ZEC/USD,1308.16,1311.03,1304.5,1306.03,1174.187
1791082800000,ZEN/USD,6.954,6.979,6.935,6.94,6061.77
1791086400000,1000CHEEMS/USD,0.000549,0.000552,0.000549,0.000551,10172072.0
1791086400000,AAVE/USD,182.37,182.46,181.88,182.15,1768.811
1791086400000,ADA/USD,0.2432,0.2435,0.2422,0.2434,2694531.4
1791086400000,APT/USD,0.7949,0.8018,0.7945,0.8018,182300.02
1791086400000,ARB/USD,0.2017,0.2028,0.2014,0.2028,870583.1
1791086400000,AVAX/USD,11.045,11.066,11.034,11.066,20684.07
1791086400000,BNB/USD,784.56,785.35,783.47,784.76,1239.325
1791086400000,BONK/USD,3.8e-06,3.84e-06,3.8e-06,3.83e-06,13737251871.0
1791086400000,BTC/USD,84840.88,84844.01,84808.11,84811.94,75.91338
1791086400000,CAKE/USD,2.503,2.517,2.501,2.516,48174.44
1791086400000,CFX/USD,0.05406,0.05438,0.05406,0.05437,226642.0
1791086400000,CRV/USD,0.375,0.3765,0.3746,0.3758,199629.8
1791086400000,DOGE/USD,0.09266,0.09274,0.09263,0.09274,6524718.0
1791086400000,DOT/USD,1.177,1.186,1.173,1.186,183706.92
1791086400000,EIGEN/USD,0.2641,0.2655,0.2626,0.2636,335966.79
1791086400000,ENA/USD,0.2374,0.24,0.2368,0.2379,4947422.5
1791086400000,ETH/USD,2694.45,2696.13,2691.4,2692.4,821.477
1791086400000,FET/USD,0.2212,0.2238,0.2209,0.2234,2532775.7
1791086400000,FIL/USD,1.0573,1.0673,1.0567,1.0673,106679.81
1791086400000,FLOKI/USD,2.716e-05,2.722e-05,2.705e-05,2.721e-05,4963957851.0
1791086400000,HBAR/USD,0.10078,0.10141,0.10069,0.10136,2575483.0
1791086400000,ICP/USD,3.301,3.532,3.291,3.519,658497.46
1791086400000,LINK/USD,14.024,14.048,13.991,14.015,19267.28
1791086400000,LISTA/USD,0.088,0.0887,0.0877,0.0877,126103.9
1791086400000,LTC/USD,70.43,70.48,69.85,70.36,12444.339
1791086400000,NEAR/USD,4.805,4.813,4.78,4.813,235762.2
1791086400000,ONDO/USD,0.4958,0.4977,0.4945,0.4973,721431.5
1791086400000,PAXG/USD,4149.31,4149.31,4147.1,4147.67,26.3761
1791086400000,PENDLE/USD,2.463,2.488,2.456,2.48,65671.8
1791086400000,PENGU/USD,0.009136,0.009184,0.009128,0.009184,7969523.0
1791086400000,PEPE/USD,4.27e-06,4.29e-06,4.26e-06,4.29e-06,41002987783.0
1791086400000,POL/USD,0.10929,0.10991,0.10915,0.10985,336459.1
1791086400000,S/USD,0.0412,0.04239,0.04082,0.04167,5233304.8
1791086400000,SEI/USD,0.07138,0.07239,0.07132,0.07235,2960939.7
1791086400000,SHIB/USD,5.69e-06,5.71e-06,5.69e-06,5.71e-06,3336072945.0
1791086400000,SOL/USD,120.78,120.82,120.49,120.64,23825.81
1791086400000,STO/USD,0.0409,0.0411,0.0408,0.041,386454.6
1791086400000,SUI/USD,1.1768,1.1818,1.1736,1.1816,960725.8
1791086400000,TAO/USD,305.7,307.5,305.1,306.9,1409.2155
1791086400000,TRUMP/USD,2.034,2.045,2.031,2.043,203981.329
1791086400000,TRX/USD,0.3355,0.3356,0.3354,0.3354,851783.0
1791086400000,TUT/USD,0.02499,0.02499,0.02476,0.02491,748908.0
1791086400000,UNI/USD,9.036,9.042,9.015,9.027,32903.47
1791086400000,VIRTUAL/USD,0.7898,0.7945,0.7894,0.7938,36851.8
1791086400000,WIF/USD,0.2488,0.2505,0.2487,0.25,190263.06
1791086400000,WLD/USD,0.5888,0.5927,0.5864,0.5923,1952030.2
1791086400000,XLM/USD,0.2146,0.216,0.2145,0.2158,546925.0
1791086400000,XRP/USD,1.49,1.492,1.4889,1.4914,608194.5
1791086400000,ZEC/USD,1306.12,1321.0,1304.77,1316.24,1826.509
1791086400000,ZEN/USD,6.935,6.973,6.932,6.97,7410.24
1791090000000,1000CHEEMS/USD,0.000551,0.000551,0.000549,0.00055,7976774.0
1791090000000,AAVE/USD,182.14,182.74,181.5,181.5,2923.176
1791090000000,ADA/USD,0.2435,0.2446,0.2433,0.244,2697468.2
1791090000000,APT/USD,0.8017,0.8053,0.798,0.8009,168149.71
1791090000000,ARB/USD,0.2028,0.2028,0.2011,0.2017,783296.8
1791090000000,AVAX/USD,11.067,11.113,11.058,11.071,44328.13
1791090000000,BNB/USD,784.77,787.5,784.77,786.69,2054.656
1791090000000,BONK/USD,3.83e-06,3.88e-06,3.82e-06,3.84e-06,32640141517.0
1791090000000,BTC/USD,84811.94,84924.53,84811.61,84912.01,226.7738
1791090000000,CAKE/USD,2.516,2.521,2.515,2.518,45467.96
1791090000000,CFX/USD,0.05438,0.05462,0.05428,0.05449,241667.0
1791090000000,CRV/USD,0.3758,0.3776,0.375,0.3757,128330.6
1791090000000,DOGE/USD,0.09274,0.09294,0.09271,0.09281,8519635.0
1791090000000,DOT/USD,1.187,1.19,1.181,1.186,157433.24
1791090000000,EIGEN/USD,0.2637,0.2671,0.2636,0.2638,242159.97
1791090000000,ENA/USD,0.2379,0.2417,0.2379,0.2401,4583536.9
1791090000000,ETH/USD,2692.41,2697.9,2692.4,2694.74,2148.4432
1791090000000,FET/USD,0.2234,0.2239,0.2218,0.222,2461578.5
1791090000000,FIL/USD,1.0673,1.0701,1.0609,1.0611,112327.59
1791090000000,FLOKI/USD,2.723e-05,2.73e-05,2.718e-05,2.723e-05,676538670.0
1791090000000,HBAR/USD,0.10136,0.10166,0.10108,0.10153,1454578.0
1791090000000,ICP/USD,3.517,3.522,3.413,3.437,406710.04
1791090000000,LINK/USD,14.015,14.085,13.991,14.035,37513.36
1791090000000,LISTA/USD,0.0877,0.088,0.0875,0.0878,47581.3
1791090000000,LTC/USD,70.36,70.85,70.03,70.58,8437.099
1791090000000,NEAR/USD,4.813,4.883,4.8,4.835,547535.9
1791090000000,ONDO/USD,0.4974,0.4988,0.4956,0.4959,630809.2
1791090000000,PAXG/USD,4147.68,4147.7,4147.53,4147.69,5.1954
1791090000000,PENDLE/USD,2.479,2.488,2.471,2.482,91394.1
1791090000000,PENGU/USD,0.009185,0.009236,0.009161,0.00919,15281008.0
1791090000000,PEPE/USD,4.29e-06,4.29e-06,4.27e-06,4.28e-06,93620526069.0
1791090000000,POL/USD,0.10985,0.11,0.10946,0.10964,339973.4
1791090000000,S/USD,0.04167,0.04257,0.04152,0.04252,3266114.1
1791090000000,SEI/USD,0.07235,0.07288,0.07219,0.07233,3481248.9
1791090000000,SHIB/USD,5.71e-06,5.72e-06,5.7e-06,5.71e-06,10648591948.0
1791090000000,SOL/USD,120.64,121.04,120.63,120.81,28934.451
1791090000000,STO/USD,0.041,0.0411,0.041,0.0411,122054.6
1791090000000,SUI/USD,1.1816,1.19,1.18,1.1804,1440292.7
1791090000000,TAO/USD,306.9,308.0,305.9,306.1,2880.2234
1791090000000,TRUMP/USD,2.044,2.049,2.041,2.044,240392.653
1791090000000,TRX/USD,0.3354,0.3355,0.3354,0.3355,638987.8
1791090000000,TUT/USD,0.0249,0.02497,0.02457,0.02469,3609017.0
1791090000000,UNI/USD,9.027,9.07,9.013,9.021,56084.76
1791090000000,VIRTUAL/USD,0.7938,0.7955,0.7906,0.7924,242163.4
1791090000000,WIF/USD,0.25,0.2504,0.249,0.2491,105269.48
1791090000000,WLD/USD,0.5923,0.5946,0.5878,0.5888,1857562.8
1791090000000,XLM/USD,0.2159,0.2163,0.2154,0.2154,895299.0
1791090000000,XRP/USD,1.4914,1.4932,1.4905,1.4917,906493.7
1791090000000,ZEC/USD,1316.24,1344.0,1315.13,1327.63,6578.264
1791090000000,ZEN/USD,6.972,7.078,6.968,7.056,26515.44
1791093600000,1000CHEEMS/USD,0.00055,0.000552,0.000549,0.000551,7445463.0
1791093600000,AAVE/USD,181.51,183.18,181.31,182.71,2175.386
1791093600000,ADA/USD,0.2439,0.2453,0.2437,0.2446,3108760.6
1791093600000,APT/USD,0.8009,0.8023,0.7958,0.7959,234872.88
1791093600000,ARB/USD,0.2017,0.2021,0.2013,0.2015,765943.9
1791093600000,AVAX/USD,11.071,11.076,11.025,11.038,62396.76
1791093600000,BNB/USD,786.7,788.98,785.94,788.53,3771.152
1791093600000,BONK/USD,3.84e-06,3.87e-06,3.83e-06,3.85e-06,16274838201.0
1791093600000,BTC/USD,84912.01,85072.54,84877.18,85031.74,295.71975
1791093600000,CAKE/USD,2.518,2.529,2.515,2.526,21040.75
1791093600000,CFX/USD,0.05449,0.05449,0.0543,0.05434,496314.0
1791093600000,CRV/USD,0.3758,0.3766,0.3738,0.3746,241075.8
1791093600000,DOGE/USD,0.09282,0.09325,0.09275,0.09306,15935867.0
1791093600000,DOT/USD,1.187,1.193,1.184,1.186,211212.51
1791093600000,EIGEN/USD,0.2637,0.2641,0.2623,0.2623,248260.02
1791093600000,ENA/USD,0.2402,0.2405,0.2387,0.239,2659765.47
1791093600000,ETH/USD,2694.74,2697.42,2691.23,2696.19,3410.2238
1791093600000,FET/USD,0.2221,0.2235,0.2218,0.2229,2038164.8
1791093600000,FIL/USD,1.0612,1.0634,1.0585,1.0604,70329.34
1791093600000,FLOKI/USD,2.722e-05,2.732e-05,2.72e-05,2.729e-05,744577517.0
1791093600000,HBAR/USD,0.10153,0.10194,0.10127,0.10178,2660403.0
1791093600000,ICP/USD,3.438,3.438,3.372,3.401,153110.51
1791093600000,LINK/USD,14.034,14.05,14.002,14.033,21129.64
1791093600000,LISTA/USD,0.088,0.0884,0.0877,0.0877,65941.2
1791093600000,LTC/USD,70.58,70.71,70.21,70.42,10018.553
1791093600000,NEAR/USD,4.835,4.843,4.805,4.81,424824.4
1791093600000,ONDO/USD,0.4959,0.4969,0.4939,0.4946,667910.8
1791093600000,PAXG/USD,4147.7,4147.96,4147.01,4147.59,11.2008
1791093600000,PENDLE/USD,2.482,2.5,2.471,2.491,71328.9
1791093600000,PENGU/USD,0.009189,0.009269,0.009183,0.009232,37926989.0
1791093600000,PEPE/USD,4.29e-06,4.3e-06,4.27e-06,4.28e-06,127138388758.0
1791093600000,POL/USD,0.10963,0.10967,0.109,0.10923,695504.4
1791093600000,S/USD,0.0425,0.04265,0.04189,0.04192,3168261.0
1791093600000,SEI/USD,0.07234,0.07249,0.07174,0.07176,1450974.6
1791093600000,SHIB/USD,5.71e-06,5.72e-06,5.7e-06,5.7e-06,13045763685.0
1791093600000,SOL/USD,120.81,121.1,120.67,120.96,37533.707
1791093600000,STO/USD,0.0411,0.0411,0.0409,0.0411,124734.1
1791093600000,SUI/USD,1.1803,1.1852,1.1787,1.1799,1059720.2
1791093600000,TAO/USD,306.1,306.3,304.6,305.4,1631.3965
1791093600000,TRUMP/USD,2.044,2.053,2.042,2.051,145479.036
1791093600000,TRX/USD,0.3355,0.3355,0.3353,0.3354,948033.1
1791093600000,TUT/USD,0.02468,0.02481,0.02464,0.02469,709183.0
1791093600000,UNI/USD,9.022,9.06,8.993,9.03,108160.54
1791093600000,VIRTUAL/USD,0.7925,0.7938,0.7897,0.792,109720.5
1791093600000,WIF/USD,0.2491,0.2499,0.2484,0.2488,198165.85
1791093600000,WLD/USD,0.5888,0.5904,0.5848,0.5881,2735666.1
1791093600000,XLM/USD,0.2155,0.2158,0.2146,0.2155,2556180.0
1791093600000,XRP/USD,1.4918,1.4993,1.4912,1.4971,2403178.4
1791093600000,ZEC/USD,1327.63,1338.49,1325.58,1330.86,3698.009
1791093600000,ZEN/USD,7.056,7.06,7.01,7.028,5214.24
1791097200000,1000CHEEMS/USD,0.000551,0.000556,0.00055,0.000556,12842248.0
1791097200000,AAVE/USD,182.71,183.04,182.22,182.6,2566.549
1791097200000,ADA/USD,0.2447,0.246,0.2446,0.2459,4058591.7
1791097200000,APT/USD,0.7959,0.7967,0.7917,0.7963,304187.14
1791097200000,ARB/USD,0.2015,0.2023,0.2008,0.2022,1081740.6
1791097200000,AVAX/USD,11.038,11.053,10.979,11.05,110819.82
1791097200000,BNB/USD,788.53,788.61,786.93,787.87,2319.579
1791097200000,BONK/USD,3.86e-06,3.91e-06,3.84e-06,3.85e-06,59340145517.0
1791097200000,BTC/USD,85031.74,85112.65,84924.51,85106.0,244.47366
1791097200000,CAKE/USD,2.527,2.53,2.522,2.529,12398.49
1791097200000,CFX/USD,0.0544,0.05448,0.05429,0.05439,151759.0
1791097200000,CRV/USD,0.3744,0.3755,0.3727,0.3753,229232.9
1791097200000,DOGE/USD,0.09305,0.09349,0.09298,0.09347,10140394.0
1791097200000,DOT/USD,1.186,1.189,1.182,1.189,117894.48
1791097200000,EIGEN/USD,0.2624,0.2639,0.2613,0.2623,277230.65
1791097200000,ENA/USD,0.239,0.24,0.2373,0.24,6783251.24
1791097200000,ETH/USD,2696.2,2707.38,2692.0,2705.56,5073.9748
1791097200000,FET/USD,0.223,0.2248,0.2219,0.2246,3248562.0
1791097200000,FIL/USD,1.0603,1.0646,1.0588,1.0644,117826.93
1791097200000,FLOKI/USD,2.73e-05,2.744e-05,2.727e-05,2.741e-05,1156901292.0
1791097200000,HBAR/USD,0.10176,0.10253,0.1017,0.10251,3449323.0
1791097200000,ICP/USD,3.4,3.404,3.369,3.381,159150.67
1791097200000,LINK/USD,14.034,14.101,13.98,14.099,33093.04
1791097200000,LISTA/USD,0.0878,0.0883,0.0878,0.0881,44773.9
1791097200000,LTC/USD,70.42,70.62,70.38,70.59,7883.094
1791097200000,NEAR/USD,4.809,4.81,4.767,4.805,478762.7
1791097200000,ONDO/USD,0.4946,0.4966,0.4928,0.4966,799827.7
1791097200000,PAXG/USD,4147.6,4148.78,4147.0,4147.07,14.8247
1791097200000,PENDLE/USD,2.489,2.49,2.474,2.479,72698.1
1791097200000,PENGU/USD,0.009233,0.009291,0.009222,0.009289,23867772.0
1791097200000,PEPE/USD,4.29e-06,4.3e-06,4.27e-06,4.29e-06,114329191079.0
1791097200000,POL/USD,0.10922,0.1094,0.108,0.10906,3631884.6
1791097200000,S/USD,0.04192,0.04204,0.04124,0.04134,2067884.7
1791097200000,SEI/USD,0.07175,0.07188,0.07153,0.07179,1493529.0
1791097200000,SHIB/USD,5.71e-06,5.73e-06,5.7e-06,5.73e-06,8366731114.0
1791097200000,SOL/USD,120.97,121.32,120.92,121.14,49484.926
1791097200000,STO/USD,0.0411,0.0411,0.0409,0.041,171855.8
1791097200000,SUI/USD,1.1798,1.1815,1.1735,1.1815,1007206.6
1791097200000,TAO/USD,305.5,305.5,302.8,305.0,5829.8851
1791097200000,TRUMP/USD,2.051,2.052,2.042,2.048,169354.096
1791097200000,TRX/USD,0.3354,0.3355,0.335,0.3352,1793023.9
1791097200000,TUT/USD,0.0247,0.02475,0.02449,0.02457,2166970.0
1791097200000,UNI/USD,9.031,9.062,9.006,9.062,59828.96
1791097200000,VIRTUAL/USD,0.7922,0.796,0.79,0.7959,91396.4
1791097200000,WIF/USD,0.2488,0.2493,0.2475,0.2489,158270.06
1791097200000,WLD/USD,0.588,0.5921,0.5869,0.5914,2541361.5
1791097200000,XLM/USD,0.2156,0.2169,0.2152,0.2169,1076608.0
1791097200000,XRP/USD,1.497,1.5,1.4926,1.4992,2831048.7
1791097200000,ZEC/USD,1330.87,1337.76,1328.08,1336.2,4398.488
1791097200000,ZEN/USD,7.027,7.036,6.991,7.026,11246.92
1791100800000,1000CHEEMS/USD,0.000555,0.000564,0.000554,0.000564,21109381.0
1791100800000,AAVE/USD,182.59,182.69,181.82,181.97,1796.311
1791100800000,ADA/USD,0.2459,0.2462,0.2446,0.2449,2352666.8
1791100800000,APT/USD,0.7964,0.7981,0.7931,0.7939,255693.96
1791100800000,ARB/USD,0.2022,0.2023,0.2004,0.2005,1013653.6
1791100800000,AVAX/USD,11.051,11.072,11.003,11.012,70870.95
1791100800000,BNB/USD,787.86,790.0,787.28,789.68,3619.184
1791100800000,BONK/USD,3.85e-06,3.86e-06,3.83e-06,3.84e-06,23322335245.0
1791100800000,BTC/USD,85106.01,85195.84,85032.99,85106.48,321.07586
1791100800000,CAKE/USD,2.529,2.533,2.524,2.525,20521.05
1791100800000,CFX/USD,0.05441,0.05447,0.05414,0.05418,391131.0
1791100800000,CRV/USD,0.3754,0.3762,0.3741,0.3746,174124.0
1791100800000,DOGE/USD,0.09349,0.09355,0.09308,0.09315,12941134.0
1791100800000,DOT/USD,1.189,1.202,1.183,1.184,420409.88
1791100800000,EIGEN/USD,0.2623,0.2623,0.2592,0.26,226079.04
1791100800000,ENA/USD,0.24,0.2415,0.2373,0.2376,6785356.6
1791100800000,ETH/USD,2705.57,2707.99,2698.17,2700.38,4482.7996
1791100800000,FET/USD,0.2247,0.2266,0.2247,0.2253,3835929.0
1791100800000,FIL/USD,1.0646,1.0655,1.0577,1.0614,144236.99
1791100800000,FLOKI/USD,2.742e-05,2.744e-05,2.725e-05,2.728e-05,1313976010.0
1791100800000,HBAR/USD,0.10251,0.1027,0.10191,0.10206,2322099.0
1791100800000,ICP/USD,3.381,3.388,3.345,3.349,179955.79
1791100800000,LINK/USD,14.098,14.102,14.038,14.054,24069.21
1791100800000,LISTA/USD,0.0879,0.0885,0.0879,0.0881,97507.1
1791100800000,LTC/USD,70.59,70.61,70.3,70.41,8849.717
1791100800000,NEAR/USD,4.806,4.827,4.779,4.791,340882.2
1791100800000,ONDO/USD,0.4967,0.4977,0.4914,0.492,1547962.9
1791100800000,PAXG/USD,4147.08,4147.64,4146.2,4146.21,23.3006
1791100800000,PENDLE/USD,2.477,2.478,2.452,2.453,33445.9
1791100800000,PENGU/USD,0.009289,0.009294,0.009213,0.009223,33991660.0
1791100800000,PEPE/USD,4.3e-06,4.3e-06,4.27e-06,4.28e-06,139769877339.0
1791100800000,POL/USD,0.10906,0.10932,0.10885,0.10891,831734.6
1791100800000,S/USD,0.04131,0.04208,0.04124,0.04181,5111926.8
1791100800000,SEI/USD,0.07178,0.07204,0.07161,0.07198,1620746.8
1791100800000,SHIB/USD,5.72e-06,5.73e-06,5.7e-06,5.7e-06,13316094034.0
1791100800000,SOL/USD,121.15,121.26,120.83,120.95,46045.05
1791100800000,STO/USD,0.0409,0.0411,0.0409,0.0411,338823.8
1791100800000,SUI/USD,1.1815,1.1826,1.1743,1.1748,899949.8
1791100800000,TAO/USD,305.0,306.2,303.2,303.6,2903.8612
1791100800000,TRUMP/USD,2.048,2.051,2.025,2.028,609021.678
1791100800000,TRX/USD,0.3352,0.3353,0.335,0.335,1003169.3
1791100800000,TUT/USD,0.02457,0.0246,0.02442,0.02448,997136.0
1791100800000,UNI/USD,9.063,9.09,9.03,9.034,82456.65
1791100800000,VIRTUAL/USD,0.7962,0.799,0.7916,0.7919,206597.5
1791100800000,WIF/USD,0.2489,0.2496,0.2474,0.2477,67637.31
1791100800000,WLD/USD,0.5913,0.5924,0.5778,0.5799,3818175.3
1791100800000,XLM/USD,0.2169,0.2172,0.2162,0.2168,659098.0
1791100800000,XRP/USD,1.4993,1.5011,1.4952,1.4954,1963603.1
1791100800000,ZEC/USD,1336.09,1339.1,1322.16,1322.16,2410.059
1791100800000,ZEN/USD,7.023,7.054,6.983,6.992,9796.26
1791104400000,1000CHEEMS/USD,0.000563,0.000581,0.00056,0.000562,149736762.0
1791104400000,AAVE/USD,181.99,181.99,180.71,181.31,2665.52
1791104400000,ADA/USD,0.2449,0.2455,0.2442,0.2452,4695847.8
1791104400000,APT/USD,0.7938,0.7974,0.792,0.7939,304655.81
1791104400000,ARB/USD,0.2004,0.2019,0.2,0.2015,1389335.7
1791104400000,AVAX/USD,11.01,11.023,10.984,11.007,57134.82
1791104400000,BNB/USD,789.68,795.12,789.4,791.98,8411.608
1791104400000,BONK/USD,3.83e-06,3.84e-06,3.81e-06,3.81e-06,15149619454.0
1791104400000,BTC/USD,85106.48,85339.55,85058.34,85233.84,335.31305
1791104400000,CAKE/USD,2.525,2.537,2.519,2.522,32562.37
1791104400000,CFX/USD,0.05416,0.05427,0.05408,0.05416,415944.0
1791104400000,CRV/USD,0.3746,0.3757,0.3729,0.3732,100418.9
1791104400000,DOGE/USD,0.09316,0.09355,0.09304,0.09342,9072434.0
1791104400000,DOT/USD,1.184,1.195,1.183,1.195,206508.34
1791104400000,EIGEN/USD,0.2599,0.2604,0.2589,0.2593,315405.81
1791104400000,ENA/USD,0.2376,0.2399,0.2363,0.2385,3468863.8
1791104400000,ETH/USD,2700.37,2706.2,2697.87,2701.52,3316.5131
1791104400000,FET/USD,0.2253,0.2326,0.2251,0.2318,9307875.9
1791104400000,FIL/USD,1.0611,1.0637,1.058,1.0592,121095.24
1791104400000,FLOKI/USD,2.729e-05,2.742e-05,2.728e-05,2.734e-05,760182175.0
1791104400000,HBAR/USD,0.10203,0.10234,0.10163,0.10163,4272803.0
1791104400000,ICP/USD,3.349,3.367,3.338,3.34,41584.25
1791104400000,LINK/USD,14.053,14.14,14.033,14.114,44733.97
1791104400000,LISTA/USD,0.0883,0.0885,0.0877,0.0877,47637.7
1791104400000,LTC/USD,70.4,70.64,70.25,70.42,8031.462
1791104400000,NEAR/USD,4.79,4.835,4.741,4.821,564132.7
1791104400000,ONDO/USD,0.492,0.4942,0.4902,0.4923,666445.5
1791104400000,PAXG/USD,4146.2,4146.21,4145.19,4145.49,20.4139
1791104400000,PENDLE/USD,2.454,2.458,2.443,2.444,30889.8
1791104400000,PENGU/USD,0.009222,0.009345,0.009209,0.009339,28898470.0
1791104400000,PEPE/USD,4.28e-06,4.3e-06,4.27e-06,4.29e-06,106920627156.0
1791104400000,POL/USD,0.10891,0.1093,0.10833,0.10869,817579.7
1791104400000,S/USD,0.04177,0.04185,0.04109,0.04132,1996892.0
1791104400000,SEI/USD,0.07197,0.07238,0.07181,0.07226,2698833.3
1791104400000,SHIB/USD,5.7e-06,5.72e-06,5.7e-06,5.71e-06,7629097598.0
1791104400000,SOL/USD,120.96,121.54,120.81,121.3,45694.152
1791104400000,STO/USD,0.0411,0.0411,0.0409,0.041,112274.8
1791104400000,SUI/USD,1.1748,1.1804,1.1707,1.1781,1501173.1
1791104400000,TAO/USD,303.6,305.0,302.7,303.5,1545.5702
1791104400000,TRUMP/USD,2.028,2.04,2.028,2.029,339806.091
1791104400000,TRX/USD,0.335,0.3358,0.335,0.3356,2252112.0
1791104400000,TUT/USD,0.02449,0.02469,0.02447,0.02453,1839650.0
1791104400000,UNI/USD,9.033,9.068,9.011,9.037,82334.82
1791104400000,VIRTUAL/USD,0.7916,0.7963,0.7911,0.7925,125538.4
1791104400000,WIF/USD,0.2476,0.2489,0.2469,0.2481,181455.91
1791104400000,WLD/USD,0.5799,0.5842,0.5786,0.5823,3113238.4
1791104400000,XLM/USD,0.2167,0.2179,0.2165,0.217,1353137.0
1791104400000,XRP/USD,1.4954,1.5029,1.4939,1.4996,2794865.3
1791104400000,ZEC/USD,1322.17,1332.0,1317.0,1330.3,3091.644
1791104400000,ZEN/USD,6.992,7.017,6.973,6.982,6113.79
1791108000000,1000CHEEMS/USD,0.000563,0.000564,0.000551,0.000553,27287539.0
1791108000000,AAVE/USD,181.32,181.9,180.24,180.33,3048.097
1791108000000,ADA/USD,0.2452,0.2458,0.2447,0.245,2699825.2
1791108000000,APT/USD,0.7937,0.7953,0.7896,0.7937,339453.08
1791108000000,ARB/USD,0.2015,0.2017,0.2004,0.2007,949105.8
1791108000000,AVAX/USD,11.008,11.021,10.99,11.009,95344.96
1791108000000,BNB/USD,791.98,792.39,788.75,788.76,5075.665
1791108000000,BONK/USD,3.82e-06,3.83e-06,3.8e-06,3.82e-06,31267414091.0
1791108000000,BTC/USD,85233.84,85428.01,85223.49,85264.01,336.01948
1791108000000,CAKE/USD,2.523,2.523,2.506,2.508,43079.49
1791108000000,CFX/USD,0.05414,0.05418,0.05386,0.05402,786984.0
1791108000000,CRV/USD,0.3733,0.3741,0.3708,0.371,250244.1
1791108000000,DOGE/USD,0.09342,0.09364,0.0933,0.09337,20115184.0
1791108000000,DOT/USD,1.194,1.203,1.189,1.192,241041.49
1791108000000,EIGEN/USD,0.2593,0.2603,0.2581,0.2588,264979.29
1791108000000,ENA/USD,0.2386,0.2387,0.2353,0.2373,4898019.64
1791108000000,ETH/USD,2701.53,2707.47,2701.47,2701.48,3884.0128
1791108000000,FET/USD,0.2318,0.2366,0.2292,0.2353,10772445.5
1791108000000,FIL/USD,1.0592,1.0603,1.0542,1.0585,203678.74
1791108000000,FLOKI/USD,2.734e-05,2.742e-05,2.72e-05,2.722e-05,901128022.0
1791108000000,HBAR/USD,0.10164,0.10198,0.10146,0.10157,3275165.0
1791108000000,ICP/USD,3.341,3.362,3.339,3.347,185730.94
1791108000000,LINK/USD,14.115,14.157,14.077,14.124,24897.22
1791108000000,LISTA/USD,0.0877,0.0879,0.0873,0.0874,84960.2
1791108000000,LTC/USD,70.41,70.8,70.41,70.79,6857.301
1791108000000,NEAR/USD,4.822,4.897,4.819,4.888,1085219.8
1791108000000,ONDO/USD,0.4924,0.494,0.4904,0.4907,529402.9
1791108000000,PAXG/USD,4145.49,4146.19,4145.48,4145.93,67.4331
1791108000000,PENDLE/USD,2.444,2.457,2.438,2.443,17617.7
1791108000000,PENGU/USD,0.009339,0.009381,0.009303,0.009322,45084958.0
1791108000000,PEPE/USD,4.29e-06,4.3e-06,4.28e-06,4.28e-06,89305443776.0
1791108000000,POL/USD,0.1087,0.10874,0.10811,0.10836,1090202.2
1791108000000,S/USD,0.04134,0.04138,0.04068,0.04075,1979846.2
1791108000000,SEI/USD,0.07225,0.07246,0.07204,0.07243,1191368.7
1791108000000,SHIB/USD,5.71e-06,5.73e-06,5.69e-06,5.71e-06,6728784601.0
1791108000000,SOL/USD,121.31,121.61,121.2,121.27,44431.067
1791108000000,STO/USD,0.041,0.041,0.0407,0.0408,213724.3
1791108000000,SUI/USD,1.1782,1.1804,1.1739,1.178,913432.6
1791108000000,TAO/USD,303.5,304.6,300.3,301.4,2707.2355
1791108000000,TRUMP/USD,2.03,2.033,2.02,2.023,358931.902
1791108000000,TRX/USD,0.3357,0.3358,0.3354,0.3356,2593791.2
1791108000000,TUT/USD,0.02453,0.02457,0.02425,0.02434,1953683.0
1791108000000,UNI/USD,9.037,9.08,9.03,9.059,99620.15
1791108000000,VIRTUAL/USD,0.7922,0.7943,0.789,0.7897,184024.4
1791108000000,WIF/USD,0.2481,0.2484,0.2465,0.2474,146971.12
1791108000000,WLD/USD,0.5822,0.5844,0.5799,0.5837,2217684.3
1791108000000,XLM/USD,0.2169,0.2175,0.2164,0.2166,976409.0
1791108000000,XRP/USD,1.4996,1.5034,1.499,1.5015,1571541.0
1791108000000,ZEC/USD,1330.29,1346.3,1329.58,1332.5,5612.175
1791108000000,ZEN/USD,6.98,7.014,6.957,6.96,7586.28
1791111600000,1000CHEEMS/USD,0.000553,0.000554,0.000551,0.000551,12211465.0
1791111600000,AAVE/USD,180.33,181.1,179.7,180.01,5185.121
1791111600000,ADA/USD,0.2451,0.2456,0.2447,0.2452,1569436.7
1791111600000,APT/USD,0.7937,0.7961,0.792,0.793,211151.74
1791111600000,ARB/USD,0.2007,0.2013,0.1974,0.1995,2784202.0
1791111600000,AVAX/USD,11.01,11.04,10.967,10.99,75421.17
1791111600000,BNB/USD,788.76,789.59,787.28,788.67,2658.996
1791111600000,BONK/USD,3.83e-06,3.84e-06,3.8e-06,3.81e-06,7064161173.0
1791111600000,BTC/USD,85264.01,85320.16,85203.65,85309.46,251.80423
1791111600000,CAKE/USD,2.507,2.508,2.498,2.499,57176.98
1791111600000,CFX/USD,0.05406,0.05412,0.05375,0.05387,720560.0
1791111600000,CRV/USD,0.371,0.3727,0.37,0.3708,368793.5
1791111600000,DOGE/USD,0.09338,0.09379,0.09333,0.09349,14905423.0
1791111600000,DOT/USD,1.192,1.197,1.187,1.192,252683.42
1791111600000,EIGEN/USD,0.2588,0.2598,0.2583,0.2588,244580.75
1791111600000,ENA/USD,0.2373,0.2393,0.2368,0.238,3265490.13
1791111600000,ETH/USD,2701.49,2704.38,2699.63,2699.99,2296.7219
1791111600000,FET/USD,0.2354,0.2355,0.2327,0.2342,4618070.3
1791111600000,FIL/USD,1.0586,1.0602,1.0558,1.0582,65799.67
1791111600000,FLOKI/USD,2.722e-05,2.723e-05,2.708e-05,2.711e-05,1660777497.0
1791111600000,HBAR/USD,0.10157,0.10219,0.10136,0.10147,2728523.0
1791111600000,ICP/USD,3.347,3.354,3.341,3.349,38068.35
1791111600000,LINK/USD,14.125,14.14,14.084,14.086,17748.65
1791111600000,LISTA/USD,0.0873,0.0873,0.0864,0.0868,202552.9
1791111600000,LTC/USD,70.79,71.18,70.61,71.17,11934.09
1791111600000,NEAR/USD,4.887,4.94,4.862,4.875,1137406.5
1791111600000,ONDO/USD,0.4908,0.4916,0.4891,0.4906,1518183.8
1791111600000,PAXG/USD,4145.93,4145.93,4145.8,4145.88,81.6914
1791111600000,PENDLE/USD,2.442,2.445,2.422,2.425,22857.0
1791111600000,PENGU/USD,0.009323,0.009344,0.009215,0.009227,47393261.0
1791111600000,PEPE/USD,4.29e-06,4.29e-06,4.27e-06,4.29e-06,47639254092.0
1791111600000,POL/USD,0.10834,0.10844,0.10793,0.10821,1496240.7
1791111600000,S/USD,0.04075,0.04116,0.04072,0.04099,1266253.5
1791111600000,SEI/USD,0.07244,0.07288,0.07226,0.0725,2416454.3
1791111600000,SHIB/USD,5.71e-06,5.71e-06,5.69e-06,5.7e-06,6015733095.0
1791111600000,SOL/USD,121.28,121.49,121.17,121.23,21256.805
1791111600000,STO/USD,0.0408,0.0409,0.0407,0.0409,231961.6
1791111600000,SUI/USD,1.178,1.1875,1.1759,1.1801,1870015.3
1791111600000,TAO/USD,301.5,303.0,300.7,301.4,1672.7784
1791111600000,TRUMP/USD,2.024,2.029,2.022,2.024,360764.913
1791111600000,TRX/USD,0.3356,0.3362,0.3355,0.3361,2882995.3
1791111600000,TUT/USD,0.02437,0.02439,0.02425,0.02428,985468.0
1791111600000,UNI/USD,9.06,9.08,9.003,9.023,89966.33
1791111600000,VIRTUAL/USD,0.7896,0.7911,0.7846,0.7859,233333.7
1791111600000,WIF/USD,0.2475,0.2479,0.2464,0.2466,104279.92
1791111600000,WLD/USD,0.5838,0.5857,0.5765,0.5819,2469801.9
1791111600000,XLM/USD,0.2166,0.2169,0.2157,0.2159,459904.0
1791111600000,XRP/USD,1.5016,1.5017,1.4974,1.4987,1051662.1
1791111600000,ZEC/USD,1332.42,1337.33,1330.24,1333.29,2215.578
1791111600000,ZEN/USD,6.961,6.981,6.948,6.975,8573.41
1791115200000,1000CHEEMS/USD,0.000551,0.000555,0.000549,0.000553,18279929.0
1791115200000,AAVE/USD,180.0,180.61,179.21,180.52,4123.384
1791115200000,ADA/USD,0.2452,0.2455,0.2443,0.2449,1661093.9
1791115200000,APT/USD,0.7927,0.7976,0.7905,0.7961,173687.03
1791115200000,ARB/USD,0.1994,0.2004,0.1987,0.2001,1799825.9
1791115200000,AVAX/USD,10.99,11.008,10.948,10.989,100674.89
1791115200000,BNB/USD,788.68,789.7,787.16,788.75,3612.776
1791115200000,BONK/USD,3.8e-06,3.82e-06,3.78e-06,3.8e-06,19087377211.0
1791115200000,BTC/USD,85309.47,85389.0,85097.19,85127.94,359.28965
1791115200000,CAKE/USD,2.499,2.506,2.496,2.504,27814.55
1791115200000,CFX/USD,0.05383,0.05396,0.05372,0.05384,925005.0
1791115200000,CRV/USD,0.3708,0.3727,0.3691,0.3716,155665.1
1791115200000,DOGE/USD,0.09348,0.09382,0.09337,0.0934,15051044.0
1791115200000,DOT/USD,1.192,1.198,1.19,1.194,233616.24
1791115200000,EIGEN/USD,0.2589,0.261,0.2574,0.2605,179620.74
1791115200000,ENA/USD,0.2379,0.2385,0.2361,0.2366,3511908.99
1791115200000,ETH/USD,2700.0,2703.43,2694.68,2695.23,4567.3261
1791115200000,FET/USD,0.2341,0.2416,0.2338,0.2409,9369084.9
1791115200000,FIL/USD,1.0581,1.0592,1.051,1.0561,150397.69
1791115200000,FLOKI/USD,2.711e-05,2.718e-05,2.703e-05,2.716e-05,2540411837.0
1791115200000,HBAR/USD,0.10146,0.10178,0.10111,0.1016,2996572.0
1791115200000,ICP/USD,3.349,3.383,3.331,3.375,68296.41
1791115200000,LINK/USD,14.085,14.117,14.026,14.106,37181.2
1791115200000,LISTA/USD,0.0868,0.0871,0.0865,0.0868,53598.7
1791115200000,LTC/USD,71.17,71.34,70.85,71.15,15961.707
1791115200000,NEAR/USD,4.874,4.926,4.854,4.857,628167.1
1791115200000,ONDO/USD,0.4906,0.4929,0.4888,0.4916,958146.2
1791115200000,PAXG/USD,4145.88,4145.93,4145.78,4145.93,11.8543
1791115200000,PENDLE/USD,2.426,2.439,2.422,2.437,35773.1
1791115200000,PENGU/USD,0.009226,0.009286,0.0092,0.009235,39080659.0
1791115200000,PEPE/USD,4.29e-06,4.29e-06,4.26e-06,4.27e-06,97194914727.0
1791115200000,POL/USD,0.10821,0.10885,0.10818,0.10876,942874.5
1791115200000,S/USD,0.04096,0.04116,0.0408,0.04102,1111182.6
1791115200000,SEI/USD,0.0725,0.07326,0.0725,0.0731,3521703.8
1791115200000,SHIB/USD,5.7e-06,5.71e-06,5.69e-06,5.71e-06,4883953295.0
1791115200000,SOL/USD,121.24,121.76,121.13,121.31,62273.296
1791115200000,STO/USD,0.0409,0.0409,0.0407,0.0409,105393.9
1791115200000,SUI/USD,1.1801,1.1886,1.1782,1.1825,1557190.6
1791115200000,TAO/USD,301.4,303.6,300.5,303.2,2145.6254
1791115200000,TRUMP/USD,2.025,2.036,2.015,2.03,486230.688
1791115200000,TRX/USD,0.3362,0.3364,0.336,0.3362,2145094.9
1791115200000,TUT/USD,0.02428,0.02443,0.02414,0.02435,1589117.0
1791115200000,UNI/USD,9.022,9.035,8.978,9.023,165829.35
1791115200000,VIRTUAL/USD,0.7858,0.7896,0.7841,0.7879,144889.4
1791115200000,WIF/USD,0.2465,0.2474,0.246,0.2469,121713.27
1791115200000,WLD/USD,0.5818,0.5859,0.578,0.583,2260380.1
1791115200000,XLM/USD,0.2159,0.2163,0.2155,0.2157,781844.0
1791115200000,XRP/USD,1.4988,1.5025,1.497,1.4978,1749468.5
1791115200000,ZEC/USD,1333.3,1335.54,1325.62,1328.28,1804.952
1791115200000,ZEN/USD,6.977,6.987,6.932,6.958,8676.75
1791118800000,1000CHEEMS/USD,0.000553,0.000558,0.000552,0.000555,22522950.0
1791118800000,AAVE/USD,180.51,180.62,178.94,179.13,3597.292
1791118800000,ADA/USD,0.2449,0.2464,0.2446,0.2446,3909638.5
1791118800000,APT/USD,0.7962,0.7993,0.7952,0.796,138003.87
1791118800000,ARB/USD,0.2001,0.2007,0.1998,0.1998,861935.2
1791118800000,AVAX/USD,10.989,11.006,10.954,10.978,67979.65
1791118800000,BNB/USD,788.75,790.7,788.74,789.44,2978.321
1791118800000,BONK/USD,3.8e-06,3.82e-06,3.8e-06,3.8e-06,11626293131.0
1791118800000,BTC/USD,85127.94,85321.41,85122.64,85241.14,218.78092
1791118800000,CAKE/USD,2.504,2.51,2.501,2.505,35516.5
1791118800000,CFX/USD,0.05387,0.05392,0.05363,0.05379,473024.0
1791118800000,CRV/USD,0.3716,0.3724,0.3697,0.3701,197704.4
1791118800000,DOGE/USD,0.0934,0.0938,0.09339,0.09359,9915712.0
1791118800000,DOT/USD,1.194,1.195,1.187,1.189,142038.7
1791118800000,EIGEN/USD,0.2605,0.2612,0.2598,0.26,110570.59
1791118800000,ENA/USD,0.2366,0.2373,0.236,0.2361,3136129.24
1791118800000,ETH/USD,2695.23,2701.53,2694.74,2699.05,3905.3999
1791118800000,FET/USD,0.2409,0.2436,0.2377,0.2417,9323410.2
1791118800000,FIL/USD,1.0561,1.0578,1.0515,1.052,110294.15
1791118800000,FLOKI/USD,2.716e-05,2.726e-05,2.716e-05,2.718e-05,473921135.0
1791118800000,HBAR/USD,0.1016,0.10196,0.10151,0.10169,3019154.0
1791118800000,ICP/USD,3.374,3.4,3.366,3.387,91370.34
1791118800000,LINK/USD,14.105,14.147,14.066,14.087,33457.37
1791118800000,LISTA/USD,0.0868,0.087,0.0865,0.0866,60259.0
1791118800000,LTC/USD,71.15,71.37,70.95,71.06,7688.186
1791118800000,NEAR/USD,4.858,4.896,4.85,4.874,433033.0
1791118800000,ONDO/USD,0.4916,0.4933,0.4911,0.4914,990219.8
1791118800000,PAXG/USD,4145.93,4145.93,4145.0,4145.73,26.3244
1791118800000,PENDLE/USD,2.438,2.439,2.43,2.431,14860.7
1791118800000,PENGU/USD,0.009234,0.00925,0.009197,0.009203,15809542.0
1791118800000,PEPE/USD,4.27e-06,4.29e-06,4.26e-06,4.28e-06,91406309202.0
1791118800000,POL/USD,0.10875,0.10909,0.10874,0.10892,999615.9
1791118800000,S/USD,0.04098,0.04105,0.04072,0.04084,2275424.1
1791118800000,SEI/USD,0.0731,0.07349,0.07293,0.0732,3599740.2
1791118800000,SHIB/USD,5.71e-06,5.71e-06,5.69e-06,5.69e-06,8314070473.0
1791118800000,SOL/USD,121.3,121.96,121.21,121.71,61209.201
1791118800000,STO/USD,0.0409,0.0411,0.0409,0.0409,157656.8
1791118800000,SUI/USD,1.1824,1.1959,1.1807,1.1934,2352826.9
1791118800000,TAO/USD,303.2,304.9,302.9,304.0,2122.7523
1791118800000,TRUMP/USD,2.03,2.033,2.025,2.026,262255.968
1791118800000,TRX/USD,0.3362,0.3365,0.3356,0.3356,3136347.6
1791118800000,TUT/USD,0.02434,0.02452,0.02422,0.02429,3465975.0
1791118800000,UNI/USD,9.024,9.04,9.01,9.014,47092.24
1791118800000,VIRTUAL/USD,0.7878,0.8012,0.7878,0.8006,367088.9
1791118800000,WIF/USD,0.2469,0.2471,0.245,0.2457,306630.89
1791118800000,WLD/USD,0.5831,0.5839,0.5775,0.5785,1972529.6
1791118800000,XLM/USD,0.2158,0.2164,0.2156,0.216,716941.0
1791118800000,XRP/USD,1.4977,1.505,1.4976,1.5012,1917090.9
1791118800000,ZEC/USD,1328.06,1333.99,1326.11,1331.07,1365.252
1791118800000,ZEN/USD,6.96,6.972,6.949,6.964,5661.92
1791122400000,1000CHEEMS/USD,0.000555,0.000555,0.00055,0.000553,16046943.0
1791122400000,AAVE/USD,179.13,179.51,178.52,179.25,5612.995
1791122400000,ADA/USD,0.2446,0.2461,0.244,0.2457,6235139.3
1791122400000,APT/USD,0.7959,0.812,0.7938,0.8073,688655.35
1791122400000,ARB/USD,0.1998,0.2011,0.1993,0.2007,2331895.4
1791122400000,AVAX/USD,10.979,11.06,10.965,11.051,77180.5
1791122400000,BNB/USD,789.45,789.68,785.42,787.15,3013.632
1791122400000,BONK/USD,3.8e-06,3.85e-06,3.79e-06,3.82e-06,24539234538.0
1791122400000,BTC/USD,85241.15,85280.0,85094.0,85278.44,259.5112
1791122400000,CAKE/USD,2.504,2.505,2.491,2.497,74493.33
1791122400000,CFX/USD,0.05378,0.05395,0.05371,0.05385,787374.0
1791122400000,CRV/USD,0.37,0.3704,0.3685,0.3693,216639.2
1791122400000,DOGE/USD,0.09358,0.0941,0.09342,0.09398,20480763.0
1791122400000,DOT/USD,1.189,1.197,1.184,1.192,169666.43
1791122400000,EIGEN/USD,0.2601,0.2637,0.2596,0.263,448209.32
1791122400000,ENA/USD,0.2362,0.2385,0.2353,0.2385,2961423.16
1791122400000,ETH/USD,2699.05,2699.31,2692.0,2697.47,4028.712
1791122400000,FET/USD,0.2417,0.2425,0.2372,0.24,6890419.8
1791122400000,FIL/USD,1.0518,1.0617,1.0487,1.058,218958.05
1791122400000,FLOKI/USD,2.717e-05,2.757e-05,2.714e-05,2.742e-05,2889452827.0
1791122400000,HBAR/USD,0.10168,0.10262,0.10125,0.10239,3748719.0
1791122400000,ICP/USD,3.389,3.46,3.385,3.42,275430.67
1791122400000,LINK/USD,14.087,14.2,14.06,14.161,96587.26
1791122400000,LISTA/USD,0.0865,0.089,0.0865,0.0875,295872.1
1791122400000,LTC/USD,71.07,72.3,70.76,72.1,26419.771
1791122400000,NEAR/USD,4.875,4.876,4.836,4.857,397186.7
1791122400000,ONDO/USD,0.4916,0.4961,0.4912,0.4955,777381.2
1791122400000,PAXG/USD,4145.73,4145.93,4144.91,4145.92,42.751
1791122400000,PENDLE/USD,2.43,2.438,2.424,2.43,37468.5
1791122400000,PENGU/USD,0.009203,0.009286,0.009172,0.009272,20479733.0
1791122400000,PEPE/USD,4.27e-06,4.3e-06,4.26e-06,4.29e-06,141251340798.0
1791122400000,POL/USD,0.10895,0.10949,0.10868,0.10919,1172316.3
1791122400000,S/USD,0.04083,0.04102,0.04072,0.04081,773425.8
1791122400000,SEI/USD,0.07319,0.07401,0.07293,0.07401,3659702.5
1791122400000,SHIB/USD,5.7e-06,5.71e-06,5.68e-06,5.71e-06,18057325058.0
1791122400000,SOL/USD,121.71,121.86,121.19,121.85,83362.679
1791122400000,STO/USD,0.0409,0.0413,0.0408,0.0411,731265.5
1791122400000,SUI/USD,1.1934,1.2057,1.1874,1.2,4618042.0
1791122400000,TAO/USD,304.0,306.3,303.4,305.8,2002.8099
1791122400000,TRUMP/USD,2.026,2.042,2.022,2.042,289875.795
1791122400000,TRX/USD,0.3357,0.336,0.3356,0.336,1635067.3
1791122400000,TUT/USD,0.02429,0.02448,0.02429,0.02435,1765862.0
1791122400000,UNI/USD,9.014,9.062,8.971,9.03,180826.15
1791122400000,VIRTUAL/USD,0.8006,0.8224,0.7965,0.8212,1156616.0
1791122400000,WIF/USD,0.2456,0.2489,0.2448,0.2485,537447.98
1791122400000,WLD/USD,0.5786,0.5879,0.5757,0.5878,2289462.9
1791122400000,XLM/USD,0.216,0.2174,0.2154,0.217,1310775.0
1791122400000,XRP/USD,1.5011,1.5033,1.4979,1.5023,1979222.4
1791122400000,ZEC/USD,1331.2,1331.7,1321.62,1326.46,2050.949
1791122400000,ZEN/USD,6.964,7.011,6.939,6.991,10285.96
1791126000000,1000CHEEMS/USD,0.000552,0.000554,0.000548,0.000549,11056535.0
1791126000000,AAVE/USD,179.24,179.59,178.52,178.69,2914.94
1791126000000,ADA/USD,0.2457,0.2498,0.2457,0.2479,17997807.6
1791126000000,APT/USD,0.8073,0.8167,0.8069,0.8113,591624.43
1791126000000,ARB/USD,0.2006,0.2026,0.2006,0.2016,1821872.2
1791126000000,AVAX/USD,11.051,11.106,11.035,11.085,146414.03
1791126000000,BNB/USD,787.16,788.64,786.87,787.14,2253.379
1791126000000,BONK/USD,3.83e-06,3.88e-06,3.83e-06,3.84e-06,29451040876.0
1791126000000,BTC/USD,85278.45,85470.0,85242.65,85256.01,287.83382
1791126000000,CAKE/USD,2.498,2.503,2.488,2.49,86220.3
1791126000000,CFX/USD,0.05385,0.05401,0.05351,0.05352,263744.0
1791126000000,CRV/USD,0.3694,0.371,0.3674,0.3679,222788.5
1791126000000,DOGE/USD,0.09399,0.09458,0.09398,0.09419,30367336.0
1791126000000,DOT/USD,1.192,1.205,1.189,1.201,333885.8
1791126000000,EIGEN/USD,0.2628,0.2641,0.2595,0.2595,369188.85
1791126000000,ENA/USD,0.2384,0.2386,0.2363,0.2364,3611449.56
1791126000000,ETH/USD,2697.46,2704.96,2696.2,2698.99,4495.8777
1791126000000,FET/USD,0.2399,0.2488,0.2391,0.2454,11876922.2
1791126000000,FIL/USD,1.0578,1.0644,1.0513,1.0514,188208.81
1791126000000,FLOKI/USD,2.742e-05,2.777e-05,2.741e-05,2.748e-05,2879304449.0
1791126000000,HBAR/USD,0.10239,0.10293,0.10214,0.10237,4301292.0
1791126000000,ICP/USD,3.42,3.425,3.366,3.374,73919.64
1791126000000,LINK/USD,14.162,14.229,14.122,14.148,53245.79
1791126000000,LISTA/USD,0.0874,0.0874,0.0848,0.085,342158.3
1791126000000,LTC/USD,72.11,72.14,71.58,71.77,29721.664
1791126000000,NEAR/USD,4.857,4.894,4.819,4.82,525479.8
1791126000000,ONDO/USD,0.4955,0.4985,0.4932,0.4938,1496271.8
1791126000000,PAXG/USD,4145.93,4146.0,4144.6,4144.99,105.7273
1791126000000,PENDLE/USD,2.432,2.443,2.426,2.427,39652.1
1791126000000,PENGU/USD,0.009272,0.009308,0.009222,0.009236,23970282.0
1791126000000,PEPE/USD,4.29e-06,4.33e-06,4.28e-06,4.31e-06,182246450027.0
1791126000000,POL/USD,0.10916,0.10949,0.1084,0.10858,936390.2
1791126000000,S/USD,0.04081,0.0411,0.0405,0.04081,3599338.4
1791126000000,SEI/USD,0.074,0.07588,0.07389,0.07484,18027862.6
1791126000000,SHIB/USD,5.71e-06,5.76e-06,5.7e-06,5.72e-06,48241662707.0
1791126000000,SOL/USD,121.85,122.09,121.55,121.56,73839.394
1791126000000,STO/USD,0.0411,0.0412,0.0407,0.0407,1232019.2
1791126000000,SUI/USD,1.2,1.2655,1.1974,1.2553,15344893.5
1791126000000,TAO/USD,305.7,306.9,303.6,303.9,3125.1189
1791126000000,TRUMP/USD,2.043,2.051,2.037,2.042,334805.31
1791126000000,TRX/USD,0.336,0.336,0.3356,0.3358,1214695.0
1791126000000,TUT/USD,0.02434,0.02439,0.02404,0.02408,2332013.0
1791126000000,UNI/USD,9.03,9.069,9.005,9.025,79940.86
1791126000000,VIRTUAL/USD,0.8212,0.8296,0.8157,0.8171,726374.3
1791126000000,WIF/USD,0.2485,0.2494,0.2464,0.2464,207164.68
1791126000000,WLD/USD,0.5878,0.5896,0.5789,0.5803,2670564.9
1791126000000,XLM/USD,0.2171,0.2198,0.2169,0.2187,3307519.0
1791126000000,XRP/USD,1.5022,1.51,1.5012,1.5048,3185795.1
1791126000000,ZEC/USD,1326.46,1337.24,1323.17,1323.18,1918.714
1791126000000,ZEN/USD,6.992,7.013,6.962,6.965,8808.63
1791129600000,1000CHEEMS/USD,0.00055,0.000552,0.000547,0.000551,38242853.0
1791129600000,AAVE/USD,178.69,179.72,178.06,179.49,2977.381
1791129600000,ADA/USD,0.2479,0.2486,0.2467,0.2476,5667488.3
1791129600000,APT/USD,0.8114,0.8133,0.805,0.806,241479.28
1791129600000,ARB/USD,0.2015,0.2028,0.2004,0.2024,1430720.8
1791129600000,AVAX/USD,11.085,11.135,11.046,11.081,87407.44
1791129600000,BNB/USD,787.15,789.31,786.46,788.67,1973.002
1791129600000,BONK/USD,3.85e-06,3.85e-06,3.82e-06,3.84e-06,13311273382.0
1791129600000,BTC/USD,85256.01,85433.16,85178.49,85374.0,195.74952
1791129600000,CAKE/USD,2.49,2.499,2.479,2.493,82463.72
1791129600000,CFX/USD,0.05352,0.05375,0.05342,0.05354,549723.0
1791129600000,CRV/USD,0.3677,0.37,0.3664,0.3678,266956.8
1791129600000,DOGE/USD,0.09419,0.09478,0.09403,0.09455,24966845.0
1791129600000,DOT/USD,1.201,1.203,1.19,1.195,270550.35
1791129600000,EIGEN/USD,0.2595,0.2621,0.2587,0.2604,248545.7
1791129600000,ENA/USD,0.2364,0.2377,0.2344,0.2372,4820155.1
1791129600000,ETH/USD,2698.98,2707.01,2696.27,2703.22,2846.9288
1791129600000,FET/USD,0.2454,0.2495,0.2445,0.2463,8392759.7
1791129600000,FIL/USD,1.0516,1.0554,1.0489,1.0514,248521.93
1791129600000,FLOKI/USD,2.748e-05,2.755e-05,2.736e-05,2.749e-05,1340946245.0
1791129600000,HBAR/USD,0.10239,0.10245,0.10193,0.10219,2813211.0
1791129600000,ICP/USD,3.373,3.39,3.365,3.366,181695.29
1791129600000,LINK/USD,14.148,14.183,14.109,14.157,26860.12
1791129600000,LISTA/USD,0.085,0.0858,0.0849,0.0852,135848.5
1791129600000,LTC/USD,71.78,71.83,71.09,71.17,35464.097
1791129600000,NEAR/USD,4.821,5.0,4.81,4.955,1660131.3
1791129600000,ONDO/USD,0.4938,0.4956,0.4919,0.4935,1070345.6
1791129600000,PAXG/USD,4144.99,4145.61,4143.46,4145.27,37.7625
1791129600000,PENDLE/USD,2.428,2.433,2.416,2.428,19417.0
1791129600000,PENGU/USD,0.009235,0.009321,0.009209,0.009295,50961949.0
1791129600000,PEPE/USD,4.31e-06,4.31e-06,4.28e-06,4.31e-06,166552450935.0
1791129600000,POL/USD,0.10855,0.10879,0.10827,0.10866,390972.8
1791129600000,S/USD,0.04077,0.04145,0.04073,0.04107,1646225.1
1791129600000,SEI/USD,0.07484,0.07527,0.07383,0.07389,5798059.3
1791129600000,SHIB/USD,5.73e-06,5.76e-06,5.71e-06,5.72e-06,79017051014.0
1791129600000,SOL/USD,121.57,121.9,121.4,121.75,40215.657
1791129600000,STO/USD,0.0408,0.0408,0.0405,0.0406,602976.3
1791129600000,SUI/USD,1.2554,1.2603,1.2232,1.2251,7554072.5
1791129600000,TAO/USD,304.0,305.6,303.4,304.7,1223.9702
1791129600000,TRUMP/USD,2.042,2.056,2.037,2.056,181645.498
1791129600000,TRX/USD,0.3358,0.3359,0.3355,0.3356,1191816.7
1791129600000,TUT/USD,0.02407,0.02458,0.02406,0.02411,4323815.0
1791129600000,UNI/USD,9.024,9.058,9.0,9.028,57424.43
1791129600000,VIRTUAL/USD,0.8171,0.8499,0.8121,0.8493,2552211.4
1791129600000,WIF/USD,0.2464,0.2472,0.2454,0.2462,120521.8
1791129600000,WLD/USD,0.5804,0.585,0.578,0.581,1317471.2
1791129600000,XLM/USD,0.2186,0.2189,0.2172,0.2177,1302322.0
1791129600000,XRP/USD,1.5048,1.5058,1.5005,1.5034,1847579.2
1791129600000,ZEC/USD,1323.18,1341.67,1317.5,1339.17,2673.674
1791129600000,ZEN/USD,6.963,7.017,6.946,7.001,6285.52
1791133200000,1000CHEEMS/USD,0.00055,0.000552,0.00055,0.000551,28758566.0
1791133200000,AAVE/USD,179.5,180.13,179.16,179.66,3526.998
1791133200000,ADA/USD,0.2476,0.2488,0.2467,0.2478,3799483.5
1791133200000,APT/USD,0.806,0.8096,0.798,0.7995,462828.83
1791133200000,ARB/USD,0.2024,0.203,0.2014,0.2018,1443148.4
1791133200000,AVAX/USD,11.081,11.089,11.027,11.051,50614.18
1791133200000,BNB/USD,788.67,789.36,788.23,788.34,1420.753
1791133200000,BONK/USD,3.84e-06,3.87e-06,3.83e-06,3.86e-06,30503166297.0
1791133200000,BTC/USD,85374.0,85454.01,85317.84,85319.53,159.08745
1791133200000,CAKE/USD,2.494,2.5,2.492,2.499,19743.14
1791133200000,CFX/USD,0.05354,0.05365,0.05343,0.05353,137136.0
1791133200000,CRV/USD,0.3677,0.3701,0.3675,0.3676,125201.3
1791133200000,DOGE/USD,0.09455,0.09624,0.09455,0.09545,84972738.0
1791133200000,DOT/USD,1.195,1.2,1.19,1.191,162772.33
1791133200000,EIGEN/USD,0.2606,0.2619,0.2587,0.2598,354061.79
1791133200000,ENA/USD,0.2372,0.2422,0.2371,0.2407,14169327.24
1791133200000,ETH/USD,2703.22,2705.74,2701.75,2702.14,2045.082
1791133200000,FET/USD,0.2463,0.2473,0.2424,0.2437,5154260.3
1791133200000,FIL/USD,1.0514,1.0522,1.0426,1.0447,216878.36
1791133200000,FLOKI/USD,2.75e-05,2.756e-05,2.738e-05,2.744e-05,1846287590.0
1791133200000,HBAR/USD,0.10219,0.10252,0.10193,0.10217,4296658.0
1791133200000,ICP/USD,3.366,3.372,3.354,3.364,58636.25
1791133200000,LINK/USD,14.157,14.206,14.1,14.157,27067.99
1791133200000,LISTA/USD,0.0852,0.0853,0.0849,0.0853,14090.3
1791133200000,LTC/USD,71.17,71.47,71.01,71.08,12691.354
1791133200000,NEAR/USD,4.954,5.02,4.916,4.972,1248803.2
1791133200000,ONDO/USD,0.4936,0.4954,0.4909,0.4916,1705598.1
1791133200000,PAXG/USD,4145.27,4145.27,4143.86,4144.0,43.4246
1791133200000,PENDLE/USD,2.43,2.447,2.428,2.444,17290.6
1791133200000,PENGU/USD,0.009295,0.009363,0.009271,0.009309,21494404.0
1791133200000,PEPE/USD,4.31e-06,4.33e-06,4.29e-06,4.31e-06,160445242992.0
1791133200000,POL/USD,0.10866,0.10911,0.10858,0.1088,368772.9
1791133200000,S/USD,0.0411,0.0411,0.04043,0.04051,1815660.6
1791133200000,SEI/USD,0.0739,0.07437,0.07357,0.07378,3448437.1
1791133200000,SHIB/USD,5.73e-06,5.79e-06,5.72e-06,5.76e-06,30483789774.0
1791133200000,SOL/USD,121.75,121.82,121.39,121.5,30805.07
1791133200000,STO/USD,0.0406,0.0408,0.0406,0.0408,435593.2
1791133200000,SUI/USD,1.2251,1.2293,1.2112,1.2221,3522065.0
1791133200000,TAO/USD,304.8,305.8,302.5,302.7,3141.2659
1791133200000,TRUMP/USD,2.057,2.065,2.047,2.049,297683.497
1791133200000,TRX/USD,0.3356,0.3356,0.3353,0.3354,1367923.5
1791133200000,TUT/USD,0.02413,0.02442,0.02413,0.02436,2944201.0
1791133200000,UNI/USD,9.029,9.055,9.006,9.018,26365.62
1791133200000,VIRTUAL/USD,0.849,0.8744,0.8458,0.8483,2467666.7
1791133200000,WIF/USD,0.2462,0.2475,0.2457,0.2469,125929.8
1791133200000,WLD/USD,0.581,0.5839,0.5771,0.5794,1735046.6
1791133200000,XLM/USD,0.2176,0.2183,0.2172,0.2173,1419030.0
1791133200000,XRP/USD,1.5035,1.5048,1.5,1.5013,1099468.9
1791133200000,ZEC/USD,1339.2,1346.42,1329.21,1335.75,3130.465
1791133200000,ZEN/USD,7.002,7.024,6.969,6.975,6826.35
1791136800000,1000CHEEMS/USD,0.000551,0.000551,0.000549,0.000551,16991550.0
1791136800000,AAVE/USD,179.65,180.26,179.41,179.93,6137.189
1791136800000,ADA/USD,0.2477,0.2504,0.2475,0.2497,4373594.6
1791136800000,APT/USD,0.7993,0.806,0.7991,0.8052,196010.43
1791136800000,ARB/USD,0.2018,0.204,0.2017,0.2035,1253518.5
1791136800000,AVAX/USD,11.052,11.081,11.042,11.078,22973.3
1791136800000,BNB/USD,788.35,789.31,788.18,789.27,790.304
1791136800000,BONK/USD,3.85e-06,3.88e-06,3.84e-06,3.86e-06,11524030441.0
1791136800000,BTC/USD,85319.54,85361.99,85312.01,85338.84,134.17639
1791136800000,CAKE/USD,2.5,2.504,2.498,2.501,13223.8
1791136800000,CFX/USD,0.05351,0.05379,0.05351,0.05379,403607.0
1791136800000,CRV/USD,0.3676,0.3772,0.3675,0.3747,607145.2
1791136800000,DOGE/USD,0.09544,0.09571,0.09506,0.09511,26494488.0
1791136800000,DOT/USD,1.192,1.204,1.191,1.204,191494.6
1791136800000,EIGEN/USD,0.2597,0.2648,0.2597,0.2647,547668.36
1791136800000,ENA/USD,0.2407,0.2419,0.2387,0.2398,3458844.26
1791136800000,ETH/USD,2702.14,2702.21,2700.71,2701.03,1374.6887
1791136800000,FET/USD,0.2438,0.2539,0.2423,0.2501,9717035.9
1791136800000,FIL/USD,1.0442,1.0517,1.0433,1.0511,44679.81
1791136800000,FLOKI/USD,2.744e-05,2.757e-05,2.733e-05,2.753e-05,1212765282.0
1791136800000,HBAR/USD,0.10216,0.10323,0.10204,0.10317,3792732.0
1791136800000,ICP/USD,3.364,3.399,3.357,3.399,52391.87
1791136800000,LINK/USD,14.157,14.21,14.137,14.187,30019.78
1791136800000,LISTA/USD,0.0853,0.0856,0.0847,0.0855,109988.8
1791136800000,LTC/USD,71.07,71.47,70.95,71.32,8019.453
1791136800000,NEAR/USD,4.972,5.05,4.962,5.011,984814.4
1791136800000,ONDO/USD,0.4915,0.4948,0.4889,0.4939,1862461.9
1791136800000,PAXG/USD,4144.0,4146.35,4144.0,4145.83,40.2306
1791136800000,PENDLE/USD,2.444,2.456,2.444,2.448,17719.5
1791136800000,PENGU/USD,0.009309,0.009434,0.009298,0.009427,34794142.0
1791136800000,PEPE/USD,4.3e-06,4.33e-06,4.3e-06,4.3e-06,51181194967.0
1791136800000,POL/USD,0.10882,0.10975,0.10874,0.1095,692071.7
1791136800000,S/USD,0.04049,0.0408,0.0404,0.04066,1232758.5
1791136800000,SEI/USD,0.07377,0.07423,0.07361,0.07379,2497895.1
1791136800000,SHIB/USD,5.76e-06,5.8e-06,5.74e-06,5.77e-06,26387488135.0
1791136800000,SOL/USD,121.49,121.61,121.19,121.47,35720.593
1791136800000,STO/USD,0.0409,0.0412,0.0409,0.0412,572446.3
1791136800000,SUI/USD,1.2221,1.2363,1.2187,1.224,2730464.6
1791136800000,TAO/USD,302.7,303.4,301.6,303.0,1481.2485
1791136800000,TRUMP/USD,2.048,2.049,2.042,2.044,194122.084
1791136800000,TRX/USD,0.3353,0.3355,0.3353,0.3355,869107.4
1791136800000,TUT/USD,0.02436,0.02466,0.02425,0.02462,2308446.0
1791136800000,UNI/USD,9.018,9.021,8.981,9.007,63548.59
1791136800000,VIRTUAL/USD,0.8485,0.855,0.8421,0.8436,550762.3
1791136800000,WIF/USD,0.2469,0.2491,0.2468,0.2491,254104.29
1791136800000,WLD/USD,0.5794,0.5848,0.5771,0.5818,1554694.2
1791136800000,XLM/USD,0.2174,0.2185,0.2172,0.2185,628820.0
1791136800000,XRP/USD,1.5012,1.5035,1.4991,1.5023,1275357.0
1791136800000,ZEC/USD,1335.75,1337.15,1331.74,1332.98,1018.329
1791136800000,ZEN/USD,6.975,7.02,6.959,7.008,10525.78
1791140400000,1000CHEEMS/USD,0.000551,0.000552,0.000549,0.000549,23613034.0
1791140400000,AAVE/USD,179.94,180.23,179.42,180.12,6784.863
1791140400000,ADA/USD,0.2497,0.2576,0.2497,0.2528,35945084.3
1791140400000,APT/USD,0.8053,0.8105,0.8052,0.8067,222850.21
1791140400000,ARB/USD,0.2036,0.2046,0.2028,0.2036,2118934.4
1791140400000,AVAX/USD,11.079,11.115,11.067,11.111,58933.19
1791140400000,BNB/USD,789.28,789.78,788.69,789.52,1121.438
1791140400000,BONK/USD,3.86e-06,3.88e-06,3.84e-06,3.86e-06,12813346545.0
1791140400000,BTC/USD,85338.84,85574.01,85338.82,85428.0,258.95128
1791140400000,CAKE/USD,2.5,2.503,2.496,2.498,19519.91
1791140400000,CFX/USD,0.0538,0.0539,0.05374,0.05377,112527.0
1791140400000,CRV/USD,0.3747,0.3763,0.3723,0.3734,317739.7
1791140400000,DOGE/USD,0.09511,0.09578,0.09507,0.09543,27303564.0
1791140400000,DOT/USD,1.204,1.239,1.201,1.224,958781.77
1791140400000,EIGEN/USD,0.2648,0.2653,0.2611,0.2616,374902.2
1791140400000,ENA/USD,0.2398,0.2408,0.2391,0.2396,2979368.7
1791140400000,ETH/USD,2701.02,2705.67,2700.71,2701.64,3088.0875
1791140400000,FET/USD,0.2502,0.2599,0.2492,0.2575,19085597.7
1791140400000,FIL/USD,1.0511,1.0564,1.0511,1.0543,102853.0
1791140400000,FLOKI/USD,2.751e-05,2.785e-05,2.751e-05,2.773e-05,4241671788.0
1791140400000,HBAR/USD,0.10316,0.10411,0.10313,0.10381,7360387.0
1791140400000,ICP/USD,3.4,3.434,3.399,3.429,78399.14
1791140400000,LINK/USD,14.188,14.219,14.123,14.136,56404.44
1791140400000,LISTA/USD,0.0855,0.0859,0.0854,0.0857,147707.3
1791140400000,LTC/USD,71.32,71.45,71.14,71.21,7033.319
1791140400000,NEAR/USD,5.011,5.025,4.946,4.964,603645.9
1791140400000,ONDO/USD,0.4939,0.4956,0.4925,0.4929,861110.6
1791140400000,PAXG/USD,4145.83,4146.68,4145.22,4146.0,31.4982
1791140400000,PENDLE/USD,2.449,2.452,2.44,2.446,17913.0
1791140400000,PENGU/USD,0.009427,0.009559,0.009415,0.009478,80198999.0
1791140400000,PEPE/USD,4.3e-06,4.33e-06,4.29e-06,4.29e-06,103867770952.0
1791140400000,POL/USD,0.10951,0.1099,0.10943,0.1096,903922.3
1791140400000,S/USD,0.04067,0.04076,0.0405,0.04058,844317.0
1791140400000,SEI/USD,0.07379,0.07575,0.07364,0.07427,7007660.0
1791140400000,SHIB/USD,5.78e-06,5.85e-06,5.77e-06,5.82e-06,52622660429.0
1791140400000,SOL/USD,121.48,121.71,121.02,121.1,62342.987
1791140400000,STO/USD,0.0413,0.0413,0.041,0.0411,91536.1
1791140400000,SUI/USD,1.2239,1.2308,1.212,1.2147,2316591.3
1791140400000,TAO/USD,303.1,303.9,302.0,302.7,1950.7901
1791140400000,TRUMP/USD,2.045,2.054,2.043,2.049,219225.424
1791140400000,TRX/USD,0.3355,0.3358,0.3353,0.3354,2431353.2
1791140400000,TUT/USD,0.0246,0.02465,0.02448,0.02457,755608.0
1791140400000,UNI/USD,9.008,9.048,9.001,9.036,49309.68
1791140400000,VIRTUAL/USD,0.8437,0.8512,0.8387,0.8415,546857.5
1791140400000,WIF/USD,0.2491,0.2512,0.2485,0.2505,248402.15
1791140400000,WLD/USD,0.5818,0.5838,0.577,0.5776,3225726.9
1791140400000,XLM/USD,0.2185,0.2204,0.2184,0.2195,2930899.0
1791140400000,XRP/USD,1.5024,1.5098,1.5022,1.5065,3338164.5
1791140400000,ZEC/USD,1332.99,1337.32,1330.1,1332.0,1228.41
1791140400000,ZEN/USD,7.011,7.032,6.99,7.002,6412.33
1791144000000,1000CHEEMS/USD,0.00055,0.000552,0.000549,0.00055,30317859.0
1791144000000,AAVE/USD,180.13,180.81,179.0,179.0,3600.137
1791144000000,ADA/USD,0.2528,0.253,0.2503,0.2515,9397224.6
1791144000000,APT/USD,0.8068,0.809,0.8019,0.8033,329177.62
1791144000000,ARB/USD,0.2036,0.2052,0.2032,0.2034,1611425.1
1791144000000,AVAX/USD,11.113,11.113,11.033,11.076,95217.7
1791144000000,BNB/USD,789.53,791.87,788.95,791.77,2765.713
1791144000000,BONK/USD,3.84e-06,3.88e-06,3.84e-06,3.86e-06,7673017469.0
1791144000000,BTC/USD,85428.0,85876.84,85396.32,85824.44,378.12584
1791144000000,CAKE/USD,2.498,2.503,2.494,2.499,35487.58
1791144000000,CFX/USD,0.05376,0.05387,0.0537,0.05378,108192.0
1791144000000,CRV/USD,0.3733,0.3765,0.3716,0.3717,355036.4
1791144000000,DOGE/USD,0.09543,0.09588,0.09529,0.09586,30202241.0
1791144000000,DOT/USD,1.225,1.227,1.208,1.211,573891.5
1791144000000,EIGEN/USD,0.2615,0.2615,0.258,0.2593,560949.26
1791144000000,ENA/USD,0.2397,0.2404,0.2388,0.2397,3284836.73
1791144000000,ETH/USD,2701.64,2706.79,2699.65,2705.74,4048.8886
1791144000000,FET/USD,0.2574,0.2589,0.2517,0.2553,9156097.7
1791144000000,FIL/USD,1.0544,1.0553,1.0512,1.0523,186811.27
1791144000000,FLOKI/USD,2.773e-05,2.799e-05,2.765e-05,2.779e-05,5263529762.0
1791144000000,HBAR/USD,0.10382,0.10383,0.10301,0.10334,3437830.0
1791144000000,ICP/USD,3.428,3.436,3.378,3.395,278997.19
1791144000000,LINK/USD,14.135,14.178,14.113,14.161,36641.48
1791144000000,LISTA/USD,0.0856,0.0859,0.0855,0.0856,41635.7
1791144000000,LTC/USD,71.21,71.4,70.65,70.76,11806.38
1791144000000,NEAR/USD,4.964,4.996,4.935,4.955,723992.6
1791144000000,ONDO/USD,0.4929,0.4937,0.4911,0.4929,1357616.9
1791144000000,PAXG/USD,4146.01,4146.01,4144.43,4145.79,53.6308
1791144000000,PENDLE/USD,2.446,2.452,2.44,2.443,19576.5
1791144000000,PENGU/USD,0.009478,0.009522,0.009425,0.009444,28219636.0
1791144000000,PEPE/USD,4.29e-06,4.31e-06,4.28e-06,4.29e-06,103574890796.0
1791144000000,POL/USD,0.10957,0.10991,0.10933,0.10952,961180.1
1791144000000,S/USD,0.04055,0.04055,0.04031,0.04039,769492.9
1791144000000,SEI/USD,0.07426,0.07428,0.0735,0.07359,2016485.0
1791144000000,SHIB/USD,5.81e-06,5.85e-06,5.8e-06,5.84e-06,30851995723.0
1791144000000,SOL/USD,121.11,121.4,120.64,121.28,61022.369
1791144000000,STO/USD,0.041,0.0411,0.0409,0.0409,46767.6
1791144000000,SUI/USD,1.2148,1.2152,1.1999,1.2058,2431228.0
1791144000000,TAO/USD,302.6,303.1,301.7,302.6,1759.8362
1791144000000,TRUMP/USD,2.05,2.053,2.042,2.043,320588.382
1791144000000,TRX/USD,0.3355,0.3357,0.3354,0.3356,688196.7
1791144000000,TUT/USD,0.02456,0.02466,0.0245,0.02453,1253030.0
1791144000000,UNI/USD,9.035,9.067,9.022,9.049,57167.73
1791144000000,VIRTUAL/USD,0.8415,0.8423,0.8364,0.8415,324877.8
1791144000000,WIF/USD,0.2506,0.2526,0.2499,0.2514,531574.0
1791144000000,WLD/USD,0.5778,0.5805,0.5739,0.5782,2357720.4
1791144000000,XLM/USD,0.2194,0.2202,0.2189,0.22,1979316.0
1791144000000,XRP/USD,1.5066,1.5072,1.4959,1.5059,5955641.4
1791144000000,ZEC/USD,1332.03,1337.58,1327.56,1331.71,3634.276
1791144000000,ZEN/USD,7.002,7.042,6.989,7.02,12808.58
1791147600000,1000CHEEMS/USD,0.00055,0.000556,0.00055,0.000553,26038870.0
1791147600000,AAVE/USD,178.99,179.0,177.44,177.77,5301.444
1791147600000,ADA/USD,0.2515,0.2555,0.251,0.2533,5031224.7
1791147600000,APT/USD,0.8033,0.8048,0.7941,0.796,232282.86
1791147600000,ARB/USD,0.2035,0.204,0.2021,0.2022,1596281.4
1791147600000,AVAX/USD,11.075,11.077,11.022,11.028,73286.41
1791147600000,BNB/USD,791.77,795.8,791.59,792.65,2951.717
1791147600000,BONK/USD,3.85e-06,3.94e-06,3.84e-06,3.88e-06,46632439311.0
1791147600000,BTC/USD,85824.45,86066.22,85778.78,85865.42,538.27693
1791147600000,CAKE/USD,2.501,2.511,2.498,2.498,25920.03
1791147600000,CFX/USD,0.05373,0.05398,0.05364,0.05382,496590.0
1791147600000,CRV/USD,0.3715,0.3762,0.3702,0.3737,229687.3
1791147600000,DOGE/USD,0.09586,0.0976,0.09586,0.09636,81754754.0
1791147600000,DOT/USD,1.211,1.212,1.194,1.196,443446.02
1791147600000,EIGEN/USD,0.2591,0.2598,0.2571,0.2572,404455.42
1791147600000,ENA/USD,0.2396,0.2409,0.2385,0.2389,3299459.97
1791147600000,ETH/USD,2705.73,2710.23,2701.32,2702.47,3458.9145
1791147600000,FET/USD,0.2553,0.2569,0.2501,0.2511,7822742.7
1791147600000,FIL/USD,1.0522,1.0546,1.0453,1.0475,514520.34
1791147600000,FLOKI/USD,2.777e-05,2.99e-05,2.77e-05,2.911e-05,48110929838.0
1791147600000,HBAR/USD,0.10335,0.10364,0.10301,0.10301,2845332.0
1791147600000,ICP/USD,3.396,3.396,3.355,3.36,38895.59
1791147600000,LINK/USD,14.162,14.23,14.146,14.169,45579.58
1791147600000,LISTA/USD,0.0855,0.0855,0.0849,0.085,49845.1
1791147600000,LTC/USD,70.77,70.87,70.22,70.33,10874.731
1791147600000,NEAR/USD,4.955,4.957,4.899,4.91,419613.6
1791147600000,ONDO/USD,0.4928,0.496,0.4907,0.4911,988501.0
1791147600000,PAXG/USD,4145.82,4145.9,4141.29,4143.88,103.5859
1791147600000,PENDLE/USD,2.443,2.448,2.424,2.424,36336.7
1791147600000,PENGU/USD,0.009441,0.009641,0.009421,0.009518,66909157.0
1791147600000,PEPE/USD,4.3e-06,4.36e-06,4.29e-06,4.32e-06,213909363633.0
1791147600000,POL/USD,0.10952,0.11019,0.10927,0.10961,973342.4
1791147600000,S/USD,0.04036,0.04056,0.04,0.04003,1882189.7
1791147600000,SEI/USD,0.07358,0.07377,0.0729,0.07301,3957898.9
1791147600000,SHIB/USD,5.84e-06,6.03e-06,5.82e-06,5.95e-06,128953403422.0
1791147600000,SOL/USD,121.27,121.61,121.05,121.21,48935.691
1791147600000,STO/USD,0.0408,0.0409,0.0408,0.0408,117774.6
1791147600000,SUI/USD,1.2057,1.2119,1.1955,1.1991,2549456.2
1791147600000,TAO/USD,302.5,303.4,301.5,301.8,2459.3619
1791147600000,TRUMP/USD,2.044,2.052,2.037,2.039,254619.238
1791147600000,TRX/USD,0.3356,0.3358,0.3355,0.3357,1769443.4
1791147600000,TUT/USD,0.02451,0.02451,0.02426,0.0243,728166.0
1791147600000,UNI/USD,9.049,9.055,8.996,9.003,41843.36
1791147600000,VIRTUAL/USD,0.8416,0.848,0.8328,0.8336,498513.9
1791147600000,WIF/USD,0.2513,0.2585,0.2511,0.2542,930664.44
1791147600000,WLD/USD,0.5782,0.5811,0.5731,0.5756,2007788.3
1791147600000,XLM/USD,0.22,0.221,0.2198,0.2202,2375896.0
1791147600000,XRP/USD,1.5059,1.5133,1.5053,1.5083,3374555.0
1791147600000,ZEC/USD,1331.79,1342.45,1327.48,1334.87,2126.395
1791147600000,ZEN/USD,7.019,7.054,6.998,7.005,8607.65
1791151200000,1000CHEEMS/USD,0.000552,0.000554,0.000551,0.000551,19930418.0
1791151200000,AAVE/USD,177.78,179.98,177.78,179.87,5395.526
1791151200000,ADA/USD,0.2533,0.2685,0.2533,0.2621,55069431.5
1791151200000,APT/USD,0.7962,0.8045,0.7962,0.8017,188083.43
1791151200000,ARB/USD,0.2023,0.2047,0.2023,0.2038,1955724.3
1791151200000,AVAX/USD,11.03,11.121,11.03,11.099,106560.39
1791151200000,BNB/USD,792.65,797.89,792.65,795.43,12116.359
1791151200000,BONK/USD,3.89e-06,3.96e-06,3.89e-06,3.94e-06,56381606763.0
1791151200000,BTC/USD,85865.43,86686.39,85865.43,86428.01,1218.87676
1791151200000,CAKE/USD,2.499,2.516,2.499,2.512,33034.81
1791151200000,CFX/USD,0.05384,0.05438,0.05384,0.05429,860088.0
1791151200000,CRV/USD,0.3738,0.3769,0.3733,0.3759,148733.3
1791151200000,DOGE/USD,0.09637,0.09712,0.0962,0.09636,43705478.0
1791151200000,DOT/USD,1.195,1.211,1.195,1.208,416057.15
1791151200000,EIGEN/USD,0.2574,0.2605,0.2574,0.2591,311626.05
1791151200000,ENA/USD,0.239,0.2431,0.239,0.242,6960154.31
1791151200000,ETH/USD,2702.47,2736.85,2702.47,2730.9,20504.2685
1791151200000,FET/USD,0.2512,0.2547,0.2506,0.2543,4476509.4
1791151200000,FIL/USD,1.0476,1.0577,1.0476,1.0547,176821.87
1791151200000,FLOKI/USD,2.911e-05,2.953e-05,2.9e-05,2.905e-05,18886398349.0
1791151200000,HBAR/USD,0.10302,0.10441,0.10302,0.1039,5469991.0
1791151200000,ICP/USD,3.36,3.382,3.359,3.37,38002.13
1791151200000,LINK/USD,14.17,14.326,14.17,14.256,90208.01
1791151200000,LISTA/USD,0.0851,0.0855,0.0851,0.0853,78586.2
1791151200000,LTC/USD,70.33,70.85,70.32,70.68,8747.194
1791151200000,NEAR/USD,4.911,5.025,4.911,4.968,785581.2
1791151200000,ONDO/USD,0.4912,0.4983,0.4912,0.4974,1387537.1
1791151200000,PAXG/USD,4144.25,4153.5,4138.3,4153.49,147.0933
1791151200000,PENDLE/USD,2.428,2.449,2.427,2.439,44030.7
1791151200000,PENGU/USD,0.009519,0.009655,0.009518,0.0096,56233682.0
1791151200000,PEPE/USD,4.33e-06,4.45e-06,4.33e-06,4.41e-06,715376421551.0
1791151200000,POL/USD,0.10962,0.1104,0.10962,0.10993,1761239.4
1791151200000,S/USD,0.04004,0.04065,0.04003,0.0406,1760337.3
1791151200000,SEI/USD,0.07302,0.07422,0.07302,0.07413,4065515.4
1791151200000,SHIB/USD,5.95e-06,6.01e-06,5.93e-06,5.94e-06,80485108077.0
1791151200000,SOL/USD,121.22,122.29,121.22,121.73,108831.277
1791151200000,STO/USD,0.0408,0.0413,0.0408,0.0411,300261.0
1791151200000,SUI/USD,1.1992,1.2208,1.1989,1.215,3955658.8
1791151200000,TAO/USD,301.9,305.8,301.7,304.8,2721.8145
1791151200000,TRUMP/USD,2.04,2.067,2.04,2.063,361251.06
1791151200000,TRX/USD,0.3357,0.3359,0.3356,0.3357,1693148.7
1791151200000,TUT/USD,0.02433,0.02462,0.02431,0.02457,469757.0
1791151200000,UNI/USD,9.003,9.099,9.003,9.065,140291.47
1791151200000,VIRTUAL/USD,0.8338,0.8453,0.8338,0.8392,291331.6
1791151200000,WIF/USD,0.2543,0.2567,0.254,0.2555,461793.87
1791151200000,WLD/USD,0.5757,0.5841,0.5757,0.5835,2359517.1
1791151200000,XLM/USD,0.2202,0.224,0.2202,0.223,4137116.0
1791151200000,XRP/USD,1.5084,1.5239,1.5084,1.5186,7249980.9
1791151200000,ZEC/USD,1334.88,1368.09,1334.77,1350.27,7723.989
1791151200000,ZEN/USD,7.009,7.106,7.009,7.067,23288.0
1791154800000,1000CHEEMS/USD,0.000552,0.000554,0.000551,0.000552,27026249.0
1791154800000,AAVE/USD,179.87,179.96,179.09,179.13,3038.909
1791154800000,ADA/USD,0.2621,0.2644,0.2589,0.2597,19625490.4
1791154800000,APT/USD,0.8017,0.8046,0.7994,0.8016,126197.96
1791154800000,ARB/USD,0.2038,0.2046,0.2033,0.2041,1411637.4
1791154800000,AVAX/USD,11.098,11.14,11.085,11.103,54848.42
1791154800000,BNB/USD,795.43,797.34,794.5,795.43,2935.446
1791154800000,BONK/USD,3.93e-06,3.94e-06,3.9e-06,3.92e-06,14502322126.0
1791154800000,BTC/USD,86428.01,86800.0,86396.0,86530.0,815.98799
1791154800000,CAKE/USD,2.513,2.516,2.504,2.508,40899.45
1791154800000,CFX/USD,0.05428,0.05443,0.05421,0.05435,334606.0
1791154800000,CRV/USD,0.3759,0.3802,0.3752,0.3789,297838.7
1791154800000,DOGE/USD,0.09637,0.09654,0.09574,0.09591,43891082.0
1791154800000,DOT/USD,1.207,1.211,1.204,1.205,160435.08
1791154800000,EIGEN/USD,0.2592,0.2605,0.2586,0.2594,168516.66
1791154800000,ENA/USD,0.242,0.2428,0.2412,0.2414,3973689.72
1791154800000,ETH/USD,2730.9,2739.5,2724.67,2726.94,7963.1687
1791154800000,FET/USD,0.2543,0.255,0.2513,0.2531,3712892.1
1791154800000,FIL/USD,1.0547,1.0607,1.0537,1.0597,176729.44
1791154800000,FLOKI/USD,2.91e-05,2.922e-05,2.886e-05,2.898e-05,6897137246.0
1791154800000,HBAR/USD,0.10391,0.10427,0.10373,0.10401,4401897.0
1791154800000,ICP/USD,3.371,3.375,3.36,3.365,58742.92
1791154800000,LINK/USD,14.258,14.326,14.242,14.278,47857.57
1791154800000,LISTA/USD,0.0853,0.0854,0.0851,0.0853,20362.6
1791154800000,LTC/USD,70.68,70.96,70.62,70.7,6301.775
1791154800000,NEAR/USD,4.968,4.972,4.88,4.917,623818.9
1791154800000,ONDO/USD,0.4976,0.5002,0.4969,0.4986,1627012.2
1791154800000,PAXG/USD,4153.37,4153.42,4147.54,4148.0,165.2769
1791154800000,PENDLE/USD,2.439,2.451,2.431,2.447,38048.2
1791154800000,PENGU/USD,0.009599,0.009623,0.009555,0.009583,30401102.0
1791154800000,PEPE/USD,4.41e-06,4.42e-06,4.38e-06,4.41e-06,209302679091.0
1791154800000,POL/USD,0.10993,0.11038,0.10977,0.11011,1395890.0
1791154800000,S/USD,0.04058,0.04085,0.04055,0.0408,1134448.3
1791154800000,SEI/USD,0.07412,0.07425,0.07348,0.07353,2495968.5
1791154800000,SHIB/USD,5.95e-06,5.95e-06,5.9e-06,5.91e-06,34068651213.0
1791154800000,SOL/USD,121.73,122.09,121.44,121.6,62896.52
1791154800000,STO/USD,0.0412,0.0412,0.0411,0.0411,116804.1
1791154800000,SUI/USD,1.2151,1.2214,1.2081,1.2083,2043966.7
1791154800000,TAO/USD,304.8,305.1,303.7,304.5,2107.4857
1791154800000,TRUMP/USD,2.063,2.072,2.058,2.065,346709.551
1791154800000,TRX/USD,0.3357,0.3359,0.3356,0.3357,1096281.0
1791154800000,TUT/USD,0.02455,0.02487,0.02452,0.02478,1251056.0
1791154800000,UNI/USD,9.066,9.102,9.05,9.083,109629.28
1791154800000,VIRTUAL/USD,0.8394,0.8505,0.8376,0.8434,394376.2
1791154800000,WIF/USD,0.2555,0.2558,0.2532,0.2538,261863.47
1791154800000,WLD/USD,0.5835,0.5853,0.5815,0.5839,2468829.9
1791154800000,XLM/USD,0.2229,0.2243,0.2227,0.2241,3396560.0
1791154800000,XRP/USD,1.5187,1.5268,1.5176,1.5206,4853363.8
1791154800000,ZEC/USD,1350.28,1360.21,1348.39,1352.37,2476.65
1791154800000,ZEN/USD,7.069,7.107,7.064,7.094,9963.28
1791158400000,1000CHEEMS/USD,0.000553,0.000556,0.000551,0.000555,29577213.0
1791158400000,AAVE/USD,179.13,180.86,178.03,180.73,4887.399
1791158400000,ADA/USD,0.2597,0.264,0.2578,0.2635,15849435.1
1791158400000,APT/USD,0.8014,0.8086,0.7982,0.8076,350753.06
1791158400000,ARB/USD,0.2041,0.2049,0.2031,0.2046,1834461.3
1791158400000,AVAX/USD,11.103,11.103,10.96,11.005,174469.1
1791158400000,BNB/USD,795.42,796.7,793.13,796.7,3012.339
1791158400000,BONK/USD,3.91e-06,3.98e-06,3.9e-06,3.96e-06,63598209681.0
1791158400000,BTC/USD,86530.0,86710.56,86200.0,86652.46,686.05472
1791158400000,CAKE/USD,2.506,2.521,2.503,2.52,52259.71
1791158400000,CFX/USD,0.05436,0.05465,0.05416,0.05463,1110124.0
1791158400000,CRV/USD,0.3789,0.3814,0.3765,0.3814,403194.5
1791158400000,DOGE/USD,0.09591,0.09643,0.09556,0.09638,25392613.0
1791158400000,DOT/USD,1.205,1.206,1.191,1.205,411677.76
1791158400000,EIGEN/USD,0.2593,0.2609,0.2582,0.2609,274982.54
1791158400000,ENA/USD,0.2414,0.243,0.2403,0.2429,4971723.38
1791158400000,ETH/USD,2726.93,2731.51,2717.68,2729.29,9187.6777
1791158400000,FET/USD,0.2532,0.265,0.2524,0.2595,13811018.0
1791158400000,FIL/USD,1.0596,1.0615,1.0517,1.0595,166022.75
1791158400000,FLOKI/USD,2.896e-05,2.958e-05,2.883e-05,2.958e-05,7846658831.0
1791158400000,HBAR/USD,0.104,0.1044,0.1036,0.1043,4369050.0
1791158400000,ICP/USD,3.364,3.375,3.355,3.372,26122.84
1791158400000,LINK/USD,14.277,14.277,14.17,14.243,48200.57
1791158400000,LISTA/USD,0.0853,0.0857,0.0853,0.0854,43886.5
1791158400000,LTC/USD,70.7,70.85,70.38,70.79,5836.777
1791158400000,NEAR/USD,4.916,4.932,4.877,4.912,587055.2
1791158400000,ONDO/USD,0.4985,0.5002,0.4945,0.5002,1731316.6
1791158400000,PAXG/USD,4148.0,4163.67,4147.99,4162.87,206.7686
1791158400000,PENDLE/USD,2.449,2.467,2.44,2.465,34927.3
1791158400000,PENGU/USD,0.009582,0.009755,0.009535,0.009727,59594010.0
1791158400000,PEPE/USD,4.41e-06,4.43e-06,4.38e-06,4.42e-06,257094995533.0
1791158400000,POL/USD,0.11012,0.11017,0.10941,0.11011,1042264.2
1791158400000,S/USD,0.04077,0.04112,0.04073,0.04086,2132631.3
1791158400000,SEI/USD,0.07353,0.07434,0.07331,0.07403,2044048.4
1791158400000,SHIB/USD,5.92e-06,5.96e-06,5.89e-06,5.96e-06,55923275087.0
1791158400000,SOL/USD,121.59,121.59,120.8,121.32,74125.157
1791158400000,STO/USD,0.0411,0.0413,0.0408,0.041,1301484.6
1791158400000,SUI/USD,1.2082,1.2255,1.2035,1.2247,2638148.9
1791158400000,TAO/USD,304.4,304.5,301.8,304.3,2630.951
1791158400000,TRUMP/USD,2.065,2.07,2.049,2.068,315243.863
1791158400000,TRX/USD,0.3357,0.3359,0.3352,0.3358,4340346.1
1791158400000,TUT/USD,0.02478,0.02514,0.02464,0.02507,4701336.0
1791158400000,UNI/USD,9.081,9.154,9.052,9.142,165250.23
1791158400000,VIRTUAL/USD,0.8429,0.8542,0.8387,0.853,456394.0
1791158400000,WIF/USD,0.2538,0.2539,0.2513,0.2534,539161.22
1791158400000,WLD/USD,0.5839,0.5883,0.5752,0.5857,4148418.9
1791158400000,XLM/USD,0.2241,0.225,0.2231,0.2243,4911426.0
1791158400000,XRP/USD,1.5205,1.5249,1.5126,1.523,4639094.9
1791158400000,ZEC/USD,1352.37,1356.92,1342.24,1350.37,3080.972
1791158400000,ZEN/USD,7.093,7.119,7.054,7.102,20083.78
1791162000000,1000CHEEMS/USD,0.000555,0.00056,0.000555,0.000558,25471038.0
1791162000000,AAVE/USD,180.74,182.18,180.59,181.42,12457.446
1791162000000,ADA/USD,0.2636,0.2674,0.2624,0.2637,21132808.6
1791162000000,APT/USD,0.8076,0.8098,0.7993,0.8025,236202.12
1791162000000,ARB/USD,0.2045,0.2046,0.2025,0.2028,1894188.5
1791162000000,AVAX/USD,11.004,11.04,10.947,10.969,116557.43
1791162000000,BNB/USD,796.7,801.88,795.42,799.72,11058.219
1791162000000,BONK/USD,3.96e-06,4e-06,3.94e-06,3.96e-06,61638069061.0
1791162000000,BTC/USD,86652.45,86999.11,86467.93,86615.31,1157.27858
1791162000000,CAKE/USD,2.52,2.531,2.511,2.518,65410.19
1791162000000,CFX/USD,0.0546,0.05499,0.05452,0.05478,671852.0
1791162000000,CRV/USD,0.3814,0.3838,0.3795,0.3836,370384.8
1791162000000,DOGE/USD,0.09638,0.09696,0.09604,0.09616,26769594.0
1791162000000,DOT/USD,1.205,1.215,1.202,1.207,289127.32
1791162000000,EIGEN/USD,0.2608,0.261,0.2585,0.259,363477.72
1791162000000,ENA/USD,0.2429,0.2429,0.2388,0.2393,5529096.24
1791162000000,ETH/USD,2729.28,2733.5,2721.88,2724.7,8667.4589
1791162000000,FET/USD,0.2595,0.2619,0.2562,0.2581,4985431.9
1791162000000,FIL/USD,1.0595,1.0624,1.0531,1.0568,150608.77
1791162000000,FLOKI/USD,2.956e-05,2.96e-05,2.897e-05,2.898e-05,6849045047.0
1791162000000,HBAR/USD,0.1043,0.10446,0.10383,0.10403,2877552.0
1791162000000,ICP/USD,3.37,3.37,3.339,3.347,83030.37
1791162000000,LINK/USD,14.243,14.265,14.152,14.174,55564.76
1791162000000,LISTA/USD,0.0854,0.0858,0.0852,0.0856,81470.0
1791162000000,LTC/USD,70.79,70.79,70.27,70.33,6418.751
1791162000000,NEAR/USD,4.912,4.913,4.859,4.87,502638.7
1791162000000,ONDO/USD,0.5003,0.5018,0.4961,0.4967,2005838.1
1791162000000,PAXG/USD,4162.85,4168.94,4160.07,4168.93,198.0386
1791162000000,PENDLE/USD,2.464,2.467,2.439,2.443,26852.5
1791162000000,PENGU/USD,0.009725,0.009861,0.009715,0.009775,105076838.0
1791162000000,PEPE/USD,4.42e-06,4.44e-06,4.39e-06,4.41e-06,180528705651.0
1791162000000,POL/USD,0.11009,0.11019,0.10922,0.10925,884974.5
1791162000000,S/USD,0.04084,0.04097,0.04058,0.0407,1623429.8
1791162000000,SEI/USD,0.07402,0.07434,0.07327,0.0735,2210156.3
1791162000000,SHIB/USD,5.96e-06,6.01e-06,5.94e-06,5.96e-06,50754623788.0
1791162000000,SOL/USD,121.32,121.62,121.01,121.16,62764.744
1791162000000,STO/USD,0.041,0.0415,0.041,0.0414,555861.5
1791162000000,SUI/USD,1.2247,1.2418,1.2222,1.2327,3101233.2
1791162000000,TAO/USD,304.3,305.8,302.9,303.6,2426.257
1791162000000,TRUMP/USD,2.068,2.082,2.054,2.068,346724.96
1791162000000,TRX/USD,0.3359,0.3365,0.3358,0.3362,2983841.9
1791162000000,TUT/USD,0.02507,0.02535,0.02492,0.0251,5167076.0
1791162000000,UNI/USD,9.141,9.153,9.062,9.085,86908.33
1791162000000,VIRTUAL/USD,0.8528,0.8613,0.8508,0.8571,825714.4
1791162000000,WIF/USD,0.2533,0.256,0.2526,0.2532,305211.4
1791162000000,WLD/USD,0.5856,0.5863,0.5785,0.5811,1661389.4
1791162000000,XLM/USD,0.2242,0.2271,0.2239,0.2242,4570559.0
1791162000000,XRP/USD,1.523,1.531,1.5197,1.5205,5709665.0
1791162000000,ZEC/USD,1350.5,1356.79,1337.03,1338.68,3830.774
1791162000000,ZEN/USD,7.1,7.135,7.07,7.081,18740.38
1791165600000,1000CHEEMS/USD,0.000558,0.000563,0.000558,0.00056,28935646.0
1791165600000,AAVE/USD,181.41,182.5,180.69,181.43,5378.462
1791165600000,ADA/USD,0.2638,0.2712,0.2636,0.2683,25287047.6
1791165600000,APT/USD,0.8025,0.8111,0.8025,0.8039,258698.85
1791165600000,ARB/USD,0.2029,0.2051,0.2024,0.2044,1924356.8
1791165600000,AVAX/USD,10.968,11.044,10.964,11.025,101530.09
1791165600000,BNB/USD,799.73,809.99,799.53,801.0,24230.878
1791165600000,BONK/USD,3.97e-06,4.02e-06,3.96e-06,3.98e-06,32650587622.0
1791165600000,BTC/USD,86615.31,86728.52,86410.0,86522.0,747.2868
1791165600000,CAKE/USD,2.518,2.556,2.518,2.538,118124.35
1791165600000,CFX/USD,0.0548,0.05534,0.05478,0.05516,1579760.0
1791165600000,CRV/USD,0.3835,0.385,0.3824,0.3843,460791.1
1791165600000,DOGE/USD,0.09616,0.09684,0.09614,0.09622,21152118.0
1791165600000,DOT/USD,1.206,1.22,1.206,1.214,532565.96
1791165600000,EIGEN/USD,0.259,0.2623,0.2589,0.2605,186115.61
1791165600000,ENA/USD,0.2393,0.2426,0.2393,0.24,4350478.2
1791165600000,ETH/USD,2724.7,2738.0,2724.69,2731.12,12134.3954
1791165600000,FET/USD,0.258,0.2629,0.2579,0.2609,8046503.9
1791165600000,FIL/USD,1.0565,1.0661,1.056,1.0596,173042.67
1791165600000,FLOKI/USD,2.9e-05,2.934e-05,2.899e-05,2.916e-05,3427939716.0
1791165600000,HBAR/USD,0.10404,0.10489,0.10396,0.1044,5086714.0
1791165600000,ICP/USD,3.346,3.359,3.34,3.348,88309.19
1791165600000,LINK/USD,14.174,14.247,14.158,14.16,48893.52
1791165600000,LISTA/USD,0.0855,0.0875,0.0855,0.0866,266766.2
1791165600000,LTC/USD,70.33,70.73,70.22,70.48,6264.622
1791165600000,NEAR/USD,4.87,4.985,4.864,4.934,821645.1
1791165600000,ONDO/USD,0.4968,0.508,0.4966,0.5045,2492891.0
1791165600000,PAXG/USD,4168.22,4170.25,4149.53,4151.65,73.6815
1791165600000,PENDLE/USD,2.442,2.469,2.442,2.448,34411.3
1791165600000,PENGU/USD,0.009776,0.009935,0.009749,0.00992,100076582.0
1791165600000,PEPE/USD,4.41e-06,4.47e-06,4.41e-06,4.45e-06,398857043426.0
1791165600000,POL/USD,0.10924,0.1101,0.10909,0.10939,1772621.7
1791165600000,S/USD,0.0407,0.0413,0.0407,0.04101,874811.0
1791165600000,SEI/USD,0.07349,0.0741,0.07346,0.07395,2968056.1
1791165600000,SHIB/USD,5.96e-06,5.99e-06,5.94e-06,5.97e-06,44783167629.0
1791165600000,SOL/USD,121.17,121.68,121.13,121.18,48989.324
1791165600000,STO/USD,0.0414,0.0415,0.0413,0.0414,172585.0
1791165600000,SUI/USD,1.2327,1.2528,1.2325,1.2437,5068080.7
1791165600000,TAO/USD,303.7,306.7,303.7,304.5,4030.6124
1791165600000,TRUMP/USD,2.067,2.091,2.067,2.083,305756.027
1791165600000,TRX/USD,0.3361,0.3363,0.3359,0.3359,1139369.1
1791165600000,TUT/USD,0.02509,0.02544,0.02499,0.02505,4265873.0
1791165600000,UNI/USD,9.085,9.244,9.085,9.188,298453.99
1791165600000,VIRTUAL/USD,0.8571,0.8653,0.8562,0.8597,501594.9
1791165600000,WIF/USD,0.2533,0.256,0.2522,0.2537,630735.92
1791165600000,WLD/USD,0.5811,0.5874,0.5806,0.5843,3891115.7
1791165600000,XLM/USD,0.2242,0.2264,0.224,0.2243,4725582.0
1791165600000,XRP/USD,1.5205,1.5289,1.5185,1.5188,5640535.3
1791165600000,ZEC/USD,1338.72,1353.78,1338.48,1340.82,2263.057
1791165600000,ZEN/USD,7.081,7.157,7.081,7.101,10313.26
1791169200000,1000CHEEMS/USD,0.00056,0.000562,0.000554,0.000554,39297765.0
1791169200000,AAVE/USD,181.43,181.49,179.92,180.54,4231.043
1791169200000,ADA/USD,0.2684,0.2724,0.2672,0.2688,23249563.5
1791169200000,APT/USD,0.8036,0.8039,0.7946,0.7974,399686.76
1791169200000,ARB/USD,0.2044,0.2047,0.2015,0.2028,2703935.3
1791169200000,AVAX/USD,11.025,11.027,10.916,10.944,134671.34
1791169200000,BNB/USD,800.99,802.08,790.43,792.15,15414.368
1791169200000,BONK/USD,3.98e-06,4.05e-06,3.96e-06,3.97e-06,58677859086.0
1791169200000,BTC/USD,86522.01,86533.38,86019.5,86085.03,494.75767
1791169200000,CAKE/USD,2.537,2.538,2.506,2.508,64706.42
1791169200000,CFX/USD,0.0551,0.0551,0.05428,0.05434,556580.0
1791169200000,CRV/USD,0.3842,0.3846,0.3808,0.3814,503554.1
1791169200000,DOGE/USD,0.09622,0.09649,0.09572,0.09589,42919788.0
1791169200000,DOT/USD,1.213,1.231,1.204,1.218,700351.21
1791169200000,EIGEN/USD,0.2607,0.2615,0.2579,0.2581,381219.77
1791169200000,ENA/USD,0.24,0.2408,0.2378,0.2395,5417172.5
1791169200000,ETH/USD,2731.12,2731.12,2713.73,2716.16,10695.6095
1791169200000,FET/USD,0.2608,0.2628,0.2576,0.2591,8163982.6
1791169200000,FIL/USD,1.0596,1.0618,1.0511,1.0583,192343.97
1791169200000,FLOKI/USD,2.916e-05,2.931e-05,2.857e-05,2.863e-05,8020514755.0
1791169200000,HBAR/USD,0.1044,0.10478,0.10348,0.10408,21943890.0
1791169200000,ICP/USD,3.347,3.349,3.304,3.306,72713.91
1791169200000,LINK/USD,14.159,14.195,14.09,14.147,57851.47
1791169200000,LISTA/USD,0.0864,0.0865,0.0856,0.0856,28213.3
1791169200000,LTC/USD,70.48,70.52,70.08,70.16,10492.897
1791169200000,NEAR/USD,4.933,4.97,4.835,4.845,761974.0
1791169200000,ONDO/USD,0.5044,0.5045,0.4971,0.4996,2535143.7
1791169200000,PAXG/USD,4151.74,4156.13,4146.16,4153.3,43.4622
1791169200000,PENDLE/USD,2.448,2.449,2.418,2.422,32177.7
1791169200000,PENGU/USD,0.009917,0.009946,0.009748,0.009774,83042239.0
1791169200000,PEPE/USD,4.45e-06,4.48e-06,4.42e-06,4.42e-06,442458680436.0
1791169200000,POL/USD,0.10941,0.10956,0.10816,0.1082,2349882.8
1791169200000,S/USD,0.04101,0.04102,0.04045,0.04048,799998.6
1791169200000,SEI/USD,0.07395,0.0742,0.07321,0.0737,5778240.1
1791169200000,SHIB/USD,5.96e-06,5.97e-06,5.91e-06,5.92e-06,47570772445.0
1791169200000,SOL/USD,121.18,121.28,120.33,120.44,107227.168
1791169200000,STO/USD,0.0413,0.0414,0.0411,0.0412,584092.5
1791169200000,SUI/USD,1.2437,1.2449,1.2252,1.2307,5227573.6
1791169200000,TAO/USD,304.5,304.8,301.8,302.1,5380.5463
1791169200000,TRUMP/USD,2.083,2.085,2.062,2.067,326142.511
1791169200000,TRX/USD,0.336,0.336,0.3355,0.3355,1637903.9
1791169200000,TUT/USD,0.02506,0.02528,0.02498,0.02504,1620360.0
1791169200000,UNI/USD,9.188,9.209,9.092,9.117,271096.29
1791169200000,VIRTUAL/USD,0.8597,0.8811,0.8582,0.875,1698996.0
1791169200000,WIF/USD,0.2537,0.2539,0.2517,0.2521,786241.44
1791169200000,WLD/USD,0.5842,0.5842,0.5674,0.5699,7316746.0
1791169200000,XLM/USD,0.2243,0.2254,0.2225,0.2247,4564518.0
1791169200000,XRP/USD,1.5188,1.5198,1.5091,1.5112,5357772.6
1791169200000,ZEC/USD,1340.75,1342.79,1327.11,1330.71,2413.993
1791169200000,ZEN/USD,7.1,7.103,7.042,7.066,15666.18
1791172800000,1000CHEEMS/USD,0.000555,0.000556,0.000549,0.000552,46231633.0
1791172800000,AAVE/USD,180.54,180.96,178.64,179.91,3066.695
1791172800000,ADA/USD,0.2688,0.2698,0.2637,0.2665,18390382.1
1791172800000,APT/USD,0.7972,0.8018,0.7858,0.7889,811155.33
1791172800000,ARB/USD,0.2027,0.2029,0.1996,0.2006,3239669.1
1791172800000,AVAX/USD,10.945,10.979,10.826,10.877,221859.14
1791172800000,BNB/USD,792.14,792.73,788.31,789.59,7348.448
1791172800000,BONK/USD,3.97e-06,3.98e-06,3.9e-06,3.92e-06,76929943167.0
1791172800000,BTC/USD,86085.02,86142.56,85485.0,85538.02,896.91557
1791172800000,CAKE/USD,2.506,2.508,2.485,2.495,79557.73
1791172800000,CFX/USD,0.05428,0.05431,0.05356,0.05388,1916881.0
1791172800000,CRV/USD,0.3814,0.3857,0.3794,0.3819,783742.4
1791172800000,DOGE/USD,0.0959,0.096,0.09475,0.09522,35766847.0
1791172800000,DOT/USD,1.218,1.225,1.204,1.217,939177.36
1791172800000,EIGEN/USD,0.2581,0.2583,0.2541,0.2546,520778.95
1791172800000,ENA/USD,0.2395,0.2411,0.2365,0.2377,6468025.86
1791172800000,ETH/USD,2716.16,2718.07,2698.47,2702.87,11183.1112
1791172800000,FET/USD,0.2591,0.2597,0.255,0.2568,5616580.3
1791172800000,FIL/USD,1.0582,1.0606,1.044,1.0474,175691.69
1791172800000,FLOKI/USD,2.863e-05,2.915e-05,2.847e-05,2.893e-05,11711670997.0
1791172800000,HBAR/USD,0.10408,0.1043,0.10251,0.10297,7712586.0
1791172800000,ICP/USD,3.307,3.308,3.238,3.251,596424.89
1791172800000,LINK/USD,14.147,14.16,14.036,14.081,46932.14
1791172800000,LISTA/USD,0.0856,0.0857,0.0844,0.085,93235.1
1791172800000,LTC/USD,70.16,70.41,69.77,69.83,11946.822
1791172800000,NEAR/USD,4.844,4.885,4.811,4.865,865127.0
1791172800000,ONDO/USD,0.4998,0.5,0.4932,0.4951,2128504.7
1791172800000,PAXG/USD,4152.89,4152.89,4136.0,4140.59,70.0811
1791172800000,PENDLE/USD,2.421,2.421,2.387,2.394,67203.2
1791172800000,PENGU/USD,0.009774,0.009982,0.009645,0.009696,258930613.0
1791172800000,PEPE/USD,4.43e-06,4.44e-06,4.34e-06,4.39e-06,430411850512.0
1791172800000,POL/USD,0.10818,0.10882,0.10762,0.1085,1966780.1
1791172800000,S/USD,0.04048,0.04052,0.03991,0.04015,1829628.8
1791172800000,SEI/USD,0.07369,0.07395,0.07292,0.07358,7549100.2
1791172800000,SHIB/USD,5.92e-06,5.93e-06,5.85e-06,5.9e-06,63685675301.0
1791172800000,SOL/USD,120.43,120.79,120.03,120.51,101277.598
1791172800000,STO/USD,0.0412,0.0413,0.0407,0.0408,758872.7
1791172800000,SUI/USD,1.2306,1.235,1.2134,1.2156,4682314.3
1791172800000,TAO/USD,302.0,302.9,295.9,297.8,8372.2123
1791172800000,TRUMP/USD,2.066,2.074,2.038,2.049,321666.557
1791172800000,TRX/USD,0.3355,0.3356,0.3351,0.3351,2579426.5
1791172800000,TUT/USD,0.02504,0.02518,0.02477,0.0249,2219082.0
1791172800000,UNI/USD,9.118,9.136,8.956,8.992,455617.48
1791172800000,VIRTUAL/USD,0.8749,0.8753,0.854,0.8684,1344811.0
1791172800000,WIF/USD,0.252,0.2521,0.2475,0.2503,574989.98
1791172800000,WLD/USD,0.5699,0.5725,0.564,0.5677,4671081.3
1791172800000,XLM/USD,0.2248,0.2248,0.2215,0.2223,4012072.0
1791172800000,XRP/USD,1.5112,1.5127,1.4992,1.504,5721081.0
1791172800000,ZEC/USD,1330.7,1334.79,1310.79,1315.6,5232.426
1791172800000,ZEN/USD,7.065,7.07,6.96,6.981,21156.8
1791176400000,1000CHEEMS/USD,0.000551,0.000557,0.000551,0.000557,48053742.0
1791176400000,AAVE/USD,179.91,180.76,178.81,180.67,3260.407
1791176400000,ADA/USD,0.2664,0.2698,0.2651,0.2697,11529853.2
1791176400000,APT/USD,0.789,0.7938,0.7852,0.7934,430356.02
1791176400000,ARB/USD,0.2006,0.2026,0.2005,0.202,1177028.0
1791176400000,AVAX/USD,10.876,10.929,10.861,10.926,91215.54
1791176400000,BNB/USD,789.6,792.22,788.57,792.22,4143.921
1791176400000,BONK/USD,3.91e-06,3.95e-06,3.91e-06,3.93e-06,44199462890.0
1791176400000,BTC/USD,85538.02,85784.01,85412.0,85767.57,673.05079
1791176400000,CAKE/USD,2.495,2.509,2.494,2.506,20253.75
1791176400000,CFX/USD,0.05391,0.05422,0.05387,0.05417,375111.0
1791176400000,CRV/USD,0.3821,0.3841,0.3803,0.3823,379497.4
1791176400000,DOGE/USD,0.09521,0.09545,0.0949,0.0953,12559988.0
1791176400000,DOT/USD,1.216,1.223,1.205,1.222,469324.75
1791176400000,EIGEN/USD,0.2547,0.2591,0.2546,0.2589,225099.05
1791176400000,ENA/USD,0.2377,0.2386,0.2369,0.238,2648021.95
1791176400000,ETH/USD,2702.87,2707.6,2694.88,2706.48,8171.2953
1791176400000,FET/USD,0.2568,0.2592,0.2532,0.2535,6241417.5
1791176400000,FIL/USD,1.0474,1.0541,1.0471,1.0517,131342.25
1791176400000,FLOKI/USD,2.894e-05,2.909e-05,2.863e-05,2.903e-05,5225974360.0
1791176400000,HBAR/USD,0.10297,0.10351,0.10294,0.10334,2605103.0
1791176400000,ICP/USD,3.25,3.287,3.248,3.286,109610.43
1791176400000,LINK/USD,14.08,14.137,14.04,14.137,25730.54
1791176400000,LISTA/USD,0.0848,0.0855,0.0848,0.0855,28117.1
1791176400000,LTC/USD,69.83,69.95,69.59,69.77,8609.088
1791176400000,NEAR/USD,4.865,5.076,4.863,5.01,3441846.1
1791176400000,ONDO/USD,0.495,0.5009,0.4943,0.5001,1721820.1
1791176400000,PAXG/USD,4140.59,4149.74,4140.51,4144.82,72.1188
1791176400000,PENDLE/USD,2.393,2.434,2.39,2.432,44812.8
1791176400000,PENGU/USD,0.009698,0.009768,0.009658,0.00972,60156321.0
1791176400000,PEPE/USD,4.39e-06,4.4e-06,4.36e-06,4.39e-06,146715504579.0
1791176400000,POL/USD,0.1085,0.10899,0.1083,0.10887,1119271.4
1791176400000,S/USD,0.04013,0.04048,0.04011,0.04038,639538.9
1791176400000,SEI/USD,0.07357,0.07447,0.07349,0.0742,4469581.7
1791176400000,SHIB/USD,5.9e-06,5.92e-06,5.87e-06,5.91e-06,17168601575.0
1791176400000,SOL/USD,120.5,120.6,120.0,120.45,57559.86
1791176400000,STO/USD,0.0408,0.0411,0.0408,0.041,403451.6
1791176400000,SUI/USD,1.2155,1.2217,1.21,1.218,1882207.1
1791176400000,TAO/USD,297.7,299.0,296.6,298.0,3615.1701
1791176400000,TRUMP/USD,2.049,2.064,2.043,2.057,189457.962
1791176400000,TRX/USD,0.3352,0.3352,0.335,0.3351,1567064.0
1791176400000,TUT/USD,0.0249,0.02509,0.02483,0.02496,2054556.0
1791176400000,UNI/USD,8.991,9.069,8.987,9.032,98877.86
1791176400000,VIRTUAL/USD,0.8683,0.8836,0.8627,0.8708,863118.5
1791176400000,WIF/USD,0.2503,0.2513,0.2489,0.2499,178402.24
1791176400000,WLD/USD,0.5676,0.5709,0.5661,0.5694,2152060.0
1791176400000,XLM/USD,0.2223,0.223,0.2213,0.2227,3440533.0
1791176400000,XRP/USD,1.5039,1.507,1.4992,1.5069,3041517.8
1791176400000,ZEC/USD,1315.53,1324.74,1312.52,1317.92,2195.781
1791176400000,ZEN/USD,6.982,7.049,6.974,7.035,12369.48
1791180000000,1000CHEEMS/USD,0.000556,0.000561,0.000556,0.000559,27029018.0
1791180000000,AAVE/USD,180.7,182.37,180.19,180.93,4571.074
1791180000000,ADA/USD,0.2697,0.2742,0.2688,0.2712,23744508.8
1791180000000,APT/USD,0.7935,0.8046,0.7934,0.8043,396064.31
1791180000000,ARB/USD,0.202,0.2059,0.202,0.2059,2859974.8
1791180000000,AVAX/USD,10.926,11.004,10.926,10.995,121662.47
1791180000000,BNB/USD,792.22,794.64,791.19,794.29,8211.292
1791180000000,BONK/USD,3.93e-06,4.09e-06,3.93e-06,4.03e-06,174088497539.0
1791180000000,BTC/USD,85767.58,86365.46,85767.57,86260.0,619.08466
1791180000000,CAKE/USD,2.507,2.518,2.506,2.515,27873.35
1791180000000,CFX/USD,0.0542,0.05465,0.05418,0.05457,753858.0
1791180000000,CRV/USD,0.3823,0.383,0.3774,0.3797,638449.4
1791180000000,DOGE/USD,0.09531,0.09629,0.09531,0.09607,16710458.0
1791180000000,DOT/USD,1.222,1.236,1.217,1.231,568597.34
1791180000000,EIGEN/USD,0.2589,0.2633,0.2589,0.2627,474631.55
1791180000000,ENA/USD,0.2379,0.2407,0.2365,0.2404,5791819.38
1791180000000,ETH/USD,2706.47,2728.88,2706.47,2725.9,8876.5874
1791180000000,FET/USD,0.2535,0.2568,0.2514,0.2546,6103005.6
1791180000000,FIL/USD,1.0519,1.0656,1.0517,1.0654,374596.78
1791180000000,FLOKI/USD,2.903e-05,2.974e-05,2.902e-05,2.966e-05,15490032442.0
1791180000000,HBAR/USD,0.10335,0.10378,0.10294,0.10361,3642509.0
1791180000000,ICP/USD,3.286,3.306,3.28,3.296,110868.2
1791180000000,LINK/USD,14.137,14.23,14.122,14.185,40796.38
1791180000000,LISTA/USD,0.0857,0.0862,0.0855,0.086,40853.8
1791180000000,LTC/USD,69.77,70.38,69.77,70.11,23531.985
1791180000000,NEAR/USD,5.01,5.1,4.96,5.058,1786512.8
1791180000000,ONDO/USD,0.5001,0.5049,0.4993,0.5026,1523781.8
1791180000000,PAXG/USD,4145.47,4162.48,4144.54,4162.48,183.6565
1791180000000,PENDLE/USD,2.432,2.478,2.429,2.474,157167.8
1791180000000,PENGU/USD,0.00972,0.009898,0.009718,0.009856,65506335.0
1791180000000,PEPE/USD,4.4e-06,4.47e-06,4.4e-06,4.46e-06,294585752060.0
1791180000000,POL/USD,0.10888,0.10987,0.10888,0.10987,2126767.4
1791180000000,S/USD,0.0404,0.04095,0.04039,0.04091,888452.4
1791180000000,SEI/USD,0.0742,0.07477,0.074,0.07454,4310577.3
1791180000000,SHIB/USD,5.91e-06,5.97e-06,5.9e-06,5.93e-06,64845709491.0
1791180000000,SOL/USD,120.44,121.82,120.44,121.6,86407.493
1791180000000,STO/USD,0.0411,0.0412,0.0409,0.0412,142606.5
1791180000000,SUI/USD,1.218,1.2371,1.218,1.2334,2923875.3
1791180000000,TAO/USD,298.0,302.6,298.0,302.4,3855.2712
1791180000000,TRUMP/USD,2.058,2.073,2.054,2.07,194574.638
1791180000000,TRX/USD,0.335,0.3354,0.335,0.3353,1188176.7
1791180000000,TUT/USD,0.02494,0.02518,0.02485,0.0251,2657006.0
1791180000000,UNI/USD,9.031,9.085,9.006,9.081,86575.93
1791180000000,VIRTUAL/USD,0.8706,0.8763,0.8626,0.8692,551274.1
1791180000000,WIF/USD,0.25,0.2542,0.25,0.253,863950.79
1791180000000,WLD/USD,0.5694,0.5741,0.5676,0.5715,2385180.1
1791180000000,XLM/USD,0.2227,0.225,0.2224,0.2234,2325708.0
1791180000000,XRP/USD,1.5069,1.52,1.5069,1.5188,4094126.2
1791180000000,ZEC/USD,1317.91,1334.7,1317.61,1331.45,2411.416
1791180000000,ZEN/USD,7.035,7.151,7.035,7.129,25380.64
1791183600000,1000CHEEMS/USD,0.00056,0.000564,0.000559,0.000563,32136944.0
1791183600000,AAVE/USD,180.9,181.61,179.81,180.0,3335.975
1791183600000,ADA/USD,0.2712,0.2735,0.2705,0.2729,12189292.8
1791183600000,APT/USD,0.8042,0.8165,0.8026,0.8142,749314.42
1791183600000,ARB/USD,0.2058,0.2077,0.2052,0.2072,5415037.0
1791183600000,AVAX/USD,10.996,11.08,10.985,11.065,138516.97
1791183600000,BNB/USD,794.29,795.81,791.66,791.82,8131.862
1791183600000,BONK/USD,4.03e-06,4.06e-06,4.02e-06,4.04e-06,57448247593.0
1791183600000,BTC/USD,86260.01,86488.01,86144.0,86252.76,700.925
1791183600000,CAKE/USD,2.515,2.524,2.51,2.514,28922.9
1791183600000,CFX/USD,0.05457,0.05515,0.0545,0.05507,1487558.0
1791183600000,CRV/USD,0.3798,0.3842,0.3791,0.3815,504215.8
1791183600000,DOGE/USD,0.09607,0.09679,0.09599,0.09661,29929153.0
1791183600000,DOT/USD,1.231,1.24,1.228,1.235,568946.58
1791183600000,EIGEN/USD,0.2628,0.2668,0.2625,0.2657,1135547.95
1791183600000,ENA/USD,0.2405,0.2576,0.2397,0.2532,31232125.86
1791183600000,ETH/USD,2725.9,2731.48,2720.64,2726.49,18621.5391
1791183600000,FET/USD,0.2545,0.2645,0.2529,0.2612,10286035.9
1791183600000,FIL/USD,1.0654,1.0721,1.0629,1.0688,346384.88
1791183600000,FLOKI/USD,2.965e-05,3e-05,2.941e-05,2.956e-05,14139432959.0
1791183600000,HBAR/USD,0.10361,0.10452,0.10346,0.10428,4826813.0
1791183600000,ICP/USD,3.295,3.319,3.287,3.314,69789.16
1791183600000,LINK/USD,14.185,14.281,14.177,14.249,49413.39
1791183600000,LISTA/USD,0.0862,0.0863,0.0859,0.0861,10918.6
1791183600000,LTC/USD,70.1,70.28,69.92,70.17,13930.22
1791183600000,NEAR/USD,5.058,5.192,5.024,5.167,2263018.6
1791183600000,ONDO/USD,0.5027,0.5093,0.5011,0.5084,4566378.9
1791183600000,PAXG/USD,4162.5,4171.99,4157.56,4168.06,71.8387
1791183600000,PENDLE/USD,2.473,2.531,2.47,2.507,145449.6
1791183600000,PENGU/USD,0.009856,0.010045,0.009791,0.009988,191486537.0
1791183600000,PEPE/USD,4.46e-06,4.51e-06,4.44e-06,4.51e-06,389133278239.0
1791183600000,POL/USD,0.10986,0.11083,0.1095,0.11075,2873963.8
1791183600000,S/USD,0.04092,0.04154,0.04087,0.04149,2899005.6
1791183600000,SEI/USD,0.07454,0.0756,0.07443,0.07534,5191405.3
1791183600000,SHIB/USD,5.94e-06,5.98e-06,5.92e-06,5.96e-06,37285945114.0
1791183600000,SOL/USD,121.6,121.87,121.4,121.69,79122.292
1791183600000,STO/USD,0.0412,0.0414,0.0411,0.0414,128764.6
1791183600000,SUI/USD,1.2335,1.2483,1.2299,1.2434,4246165.5
1791183600000,TAO/USD,302.4,308.0,301.4,307.1,8687.1751
1791183600000,TRUMP/USD,2.07,2.082,2.067,2.077,394141.194
1791183600000,TRX/USD,0.3353,0.3357,0.3351,0.3355,3956555.1
1791183600000,TUT/USD,0.02508,0.02584,0.02495,0.02581,19365989.0
1791183600000,UNI/USD,9.08,9.142,9.034,9.084,270759.97
1791183600000,VIRTUAL/USD,0.8692,0.8795,0.8676,0.8766,509801.2
1791183600000,WIF/USD,0.2531,0.2592,0.2522,0.2587,791298.53
1791183600000,WLD/USD,0.5716,0.5844,0.5697,0.5812,4680330.9
1791183600000,XLM/USD,0.2235,0.2245,0.223,0.2236,2043477.0
1791183600000,XRP/USD,1.5188,1.5266,1.5164,1.5222,5925306.8
1791183600000,ZEC/USD,1331.27,1336.14,1318.81,1320.52,8814.285
1791183600000,ZEN/USD,7.128,7.186,7.101,7.171,30625.74
1791187200000,1000CHEEMS/USD,0.000562,0.000563,0.000557,0.00056,36394036.0
1791187200000,AAVE/USD,180.0,180.22,177.29,178.57,6385.745
1791187200000,ADA/USD,0.2728,0.2748,0.2703,0.2709,10918916.3
1791187200000,APT/USD,0.8141,0.828,0.8115,0.8133,958296.37
1791187200000,ARB/USD,0.2072,0.2082,0.2039,0.2048,5319946.2
1791187200000,AVAX/USD,11.064,11.078,10.959,10.996,117134.75
1791187200000,BNB/USD,791.82,793.27,787.56,788.68,9170.386
1791187200000,BONK/USD,4.03e-06,4.05e-06,4.02e-06,4.03e-06,44145268583.0
1791187200000,BTC/USD,86252.76,86498.5,86060.12,86211.0,575.99899
1791187200000,CAKE/USD,2.515,2.526,2.501,2.508,80439.79
1791187200000,CFX/USD,0.05505,0.05507,0.05449,0.05467,710679.0
1791187200000,CRV/USD,0.3813,0.3817,0.3776,0.3783,399864.9
1791187200000,DOGE/USD,0.0966,0.09719,0.09628,0.09673,46868585.0
1791187200000,DOT/USD,1.234,1.235,1.213,1.218,415196.7
1791187200000,EIGEN/USD,0.2656,0.2657,0.2622,0.2633,758461.76
1791187200000,ENA/USD,0.2532,0.258,0.2503,0.2532,25740539.9
1791187200000,ETH/USD,2726.49,2734.55,2713.1,2721.32,9832.642
1791187200000,FET/USD,0.2611,0.2698,0.2589,0.2688,20439923.4
1791187200000,FIL/USD,1.0687,1.0696,1.0614,1.0657,400599.33
1791187200000,FLOKI/USD,2.954e-05,2.99e-05,2.948e-05,2.962e-05,10571210446.0
1791187200000,HBAR/USD,0.10429,0.10432,0.10307,0.10333,6859664.0
1791187200000,ICP/USD,3.313,3.329,3.283,3.298,101933.5
1791187200000,LINK/USD,14.248,14.25,14.099,14.15,56788.05
1791187200000,LISTA/USD,0.086,0.0862,0.0855,0.0859,20855.1
1791187200000,LTC/USD,70.17,70.41,69.91,70.19,19170.911
1791187200000,NEAR/USD,5.166,5.178,5.014,5.05,1463962.1
1791187200000,ONDO/USD,0.5083,0.5102,0.5006,0.5035,3435428.7
1791187200000,PAXG/USD,4166.83,4175.85,4166.58,4173.2,161.9201
1791187200000,PENDLE/USD,2.508,2.53,2.457,2.466,86658.1
1791187200000,PENGU/USD,0.009987,0.009993,0.009812,0.009847,87623620.0
1791187200000,PEPE/USD,4.5e-06,4.58e-06,4.49e-06,4.52e-06,686286997998.0
1791187200000,POL/USD,0.11074,0.11187,0.11053,0.11098,3478690.8
1791187200000,S/USD,0.0415,0.04344,0.04141,0.04229,10583400.9
1791187200000,SEI/USD,0.07528,0.07534,0.07388,0.07429,4210719.8
1791187200000,SHIB/USD,5.97e-06,6.01e-06,5.95e-06,5.98e-06,70587170418.0
1791187200000,SOL/USD,121.69,122.08,120.86,121.08,75450.165
1791187200000,STO/USD,0.0413,0.0414,0.041,0.0411,221085.9
1791187200000,SUI/USD,1.2433,1.246,1.2236,1.2304,3254872.4
1791187200000,TAO/USD,307.0,308.2,303.6,304.4,5761.7475
1791187200000,TRUMP/USD,2.077,2.08,2.058,2.065,216894.985
1791187200000,TRX/USD,0.3355,0.3359,0.3355,0.3358,2485032.4
1791187200000,TUT/USD,0.02583,0.02591,0.0252,0.02525,7432768.0
1791187200000,UNI/USD,9.083,9.115,8.99,9.025,197086.82
1791187200000,VIRTUAL/USD,0.876,0.8861,0.8734,0.8786,811563.7
1791187200000,WIF/USD,0.2587,0.2637,0.2577,0.2595,2573302.94
1791187200000,WLD/USD,0.5811,0.5906,0.577,0.5827,4904037.8
1791187200000,XLM/USD,0.2236,0.2239,0.2214,0.2221,2928429.0
1791187200000,XRP/USD,1.5222,1.5244,1.5105,1.5151,3643123.7
1791187200000,ZEC/USD,1320.58,1341.59,1318.59,1329.21,5969.179
1791187200000,ZEN/USD,7.166,7.22,7.126,7.154,28847.28
1791190800000,1000CHEEMS/USD,0.000559,0.000562,0.000559,0.000561,29507259.0
1791190800000,AAVE/USD,178.56,179.26,178.3,178.81,2778.712
1791190800000,ADA/USD,0.2709,0.2723,0.27,0.2718,6953215.7
1791190800000,APT/USD,0.8134,0.8154,0.8067,0.8119,514960.33
1791190800000,ARB/USD,0.2049,0.2058,0.2036,0.2038,2690921.5
1791190800000,AVAX/USD,10.996,11.022,10.96,10.968,59648.63
1791190800000,BNB/USD,788.69,789.29,786.76,787.57,4796.035
1791190800000,BONK/USD,4.03e-06,4.04e-06,3.99e-06,4e-06,31764420751.0
1791190800000,BTC/USD,86211.0,86224.01,85776.58,85970.99,903.50235
1791190800000,CAKE/USD,2.509,2.51,2.498,2.502,26784.12
1791190800000,CFX/USD,0.05467,0.05486,0.05451,0.05478,634847.0
1791190800000,CRV/USD,0.3783,0.3801,0.3776,0.3779,206728.4
1791190800000,DOGE/USD,0.09673,0.09688,0.09607,0.0962,25573317.0
1791190800000,DOT/USD,1.219,1.222,1.207,1.213,362747.46
1791190800000,EIGEN/USD,0.2634,0.2647,0.2615,0.262,516172.9
1791190800000,ENA/USD,0.2532,0.2573,0.2476,0.2484,18354465.31
1791190800000,ETH/USD,2721.33,2722.22,2716.42,2717.14,5405.8199
1791190800000,FET/USD,0.2689,0.2723,0.2637,0.2652,11016063.8
1791190800000,FIL/USD,1.0662,1.0744,1.064,1.0712,813217.6
1791190800000,FLOKI/USD,2.962e-05,2.964e-05,2.936e-05,2.954e-05,8223448618.0
1791190800000,HBAR/USD,0.10334,0.10352,0.10277,0.10292,4731940.0
1791190800000,ICP/USD,3.297,3.318,3.295,3.302,44549.66
1791190800000,LINK/USD,14.151,14.183,14.126,14.136,27863.19
1791190800000,LISTA/USD,0.0859,0.086,0.0854,0.0856,9010.6
1791190800000,LTC/USD,70.19,70.51,70.06,70.43,12567.388
1791190800000,NEAR/USD,5.05,5.062,4.998,5.004,781493.3
1791190800000,ONDO/USD,0.5035,0.5062,0.5022,0.5048,1643640.4
1791190800000,PAXG/USD,4173.2,4175.08,4162.52,4165.2,67.1593
1791190800000,PENDLE/USD,2.467,2.475,2.452,2.457,22938.4
1791190800000,PENGU/USD,0.009849,0.009915,0.009783,0.009828,71669278.0
1791190800000,PEPE/USD,4.52e-06,4.54e-06,4.48e-06,4.53e-06,256358943784.0
1791190800000,POL/USD,0.11099,0.11102,0.1099,0.11037,3330332.4
1791190800000,S/USD,0.04228,0.0428,0.04179,0.04249,8012824.7
1791190800000,SEI/USD,0.07429,0.0749,0.07422,0.0743,5776939.4
1791190800000,SHIB/USD,5.99e-06,5.99e-06,5.93e-06,5.97e-06,44626380786.0
1791190800000,SOL/USD,121.08,121.11,120.5,120.63,74194.387
1791190800000,STO/USD,0.0412,0.0415,0.0411,0.0413,832081.2
1791190800000,SUI/USD,1.2304,1.2365,1.2228,1.234,1743527.5
1791190800000,TAO/USD,304.4,305.3,303.6,304.1,3474.9275
1791190800000,TRUMP/USD,2.065,2.069,2.06,2.067,124271.573
1791190800000,TRX/USD,0.3359,0.3361,0.3357,0.3361,2476410.2
1791190800000,TUT/USD,0.02525,0.02558,0.02507,0.02518,6478514.0
1791190800000,UNI/USD,9.026,9.057,8.991,9.004,79949.7
1791190800000,VIRTUAL/USD,0.8787,0.8858,0.8706,0.8723,855135.4
1791190800000,WIF/USD,0.2595,0.2619,0.2579,0.2614,652251.94
1791190800000,WLD/USD,0.5828,0.5865,0.576,0.5765,1977635.7
1791190800000,XLM/USD,0.2221,0.2224,0.2205,0.2212,2210633.0
1791190800000,XRP/USD,1.5152,1.5163,1.5091,1.5116,3505450.0
1791190800000,ZEC/USD,1329.51,1334.48,1316.01,1316.22,7781.321
1791190800000,ZEN/USD,7.154,7.176,7.105,7.122,25494.3
1791194400000,1000CHEEMS/USD,0.000562,0.000563,0.000558,0.000563,30989185.0
1791194400000,AAVE/USD,178.81,179.48,178.23,178.97,3758.1
1791194400000,ADA/USD,0.2718,0.2751,0.2715,0.275,14197643.5
1791194400000,APT/USD,0.8118,0.8203,0.8107,0.8185,292250.57
1791194400000,ARB/USD,0.2038,0.2058,0.2036,0.2052,3127678.4
1791194400000,AVAX/USD,10.967,11.042,10.957,11.027,85837.05
1791194400000,BNB/USD,787.57,790.45,787.38,790.0,2729.167
1791194400000,BONK/USD,4.01e-06,4.03e-06,3.97e-06,4.01e-06,35823323393.0
1791194400000,BTC/USD,85970.99,86206.01,85960.0,86117.14,427.17971
1791194400000,CAKE/USD,2.502,2.506,2.497,2.503,30879.44
1791194400000,CFX/USD,0.05478,0.05505,0.05465,0.05499,542823.0
1791194400000,CRV/USD,0.378,0.382,0.377,0.3804,399025.0
1791194400000,DOGE/USD,0.0962,0.09649,0.09595,0.09628,19099736.0
1791194400000,DOT/USD,1.212,1.221,1.21,1.218,313917.43
1791194400000,EIGEN/USD,0.2619,0.2639,0.2605,0.2618,704641.94
1791194400000,ENA/USD,0.2484,0.2558,0.2454,0.2556,12360517.82
1791194400000,ETH/USD,2717.14,2720.82,2712.34,2717.5,4740.8548
1791194400000,FET/USD,0.2651,0.2653,0.2587,0.2601,6962216.3
1791194400000,FIL/USD,1.0713,1.0899,1.0701,1.0875,950808.81
1791194400000,FLOKI/USD,2.954e-05,2.997e-05,2.927e-05,2.995e-05,10136000216.0
1791194400000,HBAR/USD,0.10292,0.1034,0.10272,0.10308,5586053.0
1791194400000,ICP/USD,3.303,3.324,3.302,3.322,38464.71
1791194400000,LINK/USD,14.135,14.204,14.125,14.18,35805.52
1791194400000,LISTA/USD,0.0859,0.086,0.0856,0.086,8406.9
1791194400000,LTC/USD,70.43,70.8,70.33,70.64,11664.611
1791194400000,NEAR/USD,5.004,5.049,4.988,5.022,614819.8
1791194400000,ONDO/USD,0.5048,0.5078,0.5023,0.5052,1974279.2
1791194400000,PAXG/USD,4165.11,4169.96,4162.63,4168.44,23.3422
1791194400000,PENDLE/USD,2.456,2.483,2.454,2.472,18729.9
1791194400000,PENGU/USD,0.009828,0.009882,0.009694,0.009841,225123979.0
1791194400000,PEPE/USD,4.53e-06,4.55e-06,4.48e-06,4.53e-06,225638119047.0
1791194400000,POL/USD,0.11038,0.11055,0.10866,0.10879,6561323.9
1791194400000,S/USD,0.04251,0.04302,0.0424,0.04241,3856617.2
1791194400000,SEI/USD,0.07429,0.07478,0.07401,0.07429,2322423.1
1791194400000,SHIB/USD,5.96e-06,5.99e-06,5.93e-06,5.98e-06,53189600932.0
1791194400000,SOL/USD,120.63,120.95,120.48,120.68,45549.311
1791194400000,STO/USD,0.0412,0.0417,0.0411,0.0414,958221.4
1791194400000,SUI/USD,1.2339,1.2545,1.2296,1.2379,9257772.5
1791194400000,TAO/USD,304.1,305.2,302.7,304.9,3184.7091
1791194400000,TRUMP/USD,2.067,2.08,2.065,2.075,236775.526
1791194400000,TRX/USD,0.3361,0.337,0.336,0.3366,7053537.0
1791194400000,TUT/USD,0.02517,0.02535,0.02485,0.02504,9582829.0
1791194400000,UNI/USD,9.005,9.042,8.978,9.023,147896.81
1791194400000,VIRTUAL/USD,0.8723,0.876,0.8642,0.8688,843969.1
1791194400000,WIF/USD,0.2614,0.2635,0.2583,0.2593,1383681.84
1791194400000,WLD/USD,0.5765,0.5787,0.5708,0.5723,2426917.6
1791194400000,XLM/USD,0.2212,0.2226,0.221,0.2222,1592143.0
1791194400000,XRP/USD,1.5117,1.522,1.5104,1.52,3384833.2
1791194400000,ZEC/USD,1316.21,1318.99,1302.62,1317.0,11180.436
1791194400000,ZEN/USD,7.12,7.125,7.068,7.1,21181.04
1791198000000,1000CHEEMS/USD,0.000562,0.000564,0.00056,0.000562,33562118.0
1791198000000,AAVE/USD,178.96,181.28,178.79,181.1,4718.151
1791198000000,ADA/USD,0.275,0.2755,0.2715,0.2723,9748534.8
1791198000000,APT/USD,0.8183,0.8192,0.8134,0.816,293694.95
1791198000000,ARB/USD,0.2051,0.2075,0.2047,0.2073,3236007.4
1791198000000,AVAX/USD,11.026,11.033,10.98,11.015,64526.11
1791198000000,BNB/USD,790.0,791.49,789.44,791.08,2698.802
1791198000000,BONK/USD,4e-06,4.01e-06,3.97e-06,3.99e-06,30365918156.0
1791198000000,BTC/USD,86117.15,86270.01,85910.69,86216.0,388.85881
1791198000000,CAKE/USD,2.503,2.51,2.498,2.504,17589.66
1791198000000,CFX/USD,0.05499,0.0552,0.05472,0.05501,1125186.0
1791198000000,CRV/USD,0.3803,0.3825,0.3788,0.3803,214433.7
1791198000000,DOGE/USD,0.09627,0.09651,0.096,0.0963,14448225.0
1791198000000,DOT/USD,1.218,1.221,1.212,1.22,173145.87
1791198000000,EIGEN/USD,0.2617,0.2641,0.2606,0.2626,520846.7
1791198000000,ENA/USD,0.2556,0.2627,0.2549,0.2607,21070318.58
1791198000000,ETH/USD,2717.5,2723.99,2711.22,2718.39,5057.1657
1791198000000,FET/USD,0.2602,0.2642,0.2578,0.2632,6363709.2
1791198000000,FIL/USD,1.0876,1.0911,1.0821,1.0876,381706.55
1791198000000,FLOKI/USD,2.995e-05,3e-05,2.954e-05,2.963e-05,7266199610.0
1791198000000,HBAR/USD,0.10309,0.10321,0.10277,0.10295,3626085.0
1791198000000,ICP/USD,3.322,3.362,3.308,3.362,152786.93
1791198000000,LINK/USD,14.18,14.232,14.148,14.216,39323.32
1791198000000,LISTA/USD,0.0858,0.0865,0.0857,0.0863,33288.3
1791198000000,LTC/USD,70.64,71.11,70.33,70.89,19726.789
1791198000000,NEAR/USD,5.022,5.035,5.0,5.016,482496.2
1791198000000,ONDO/USD,0.5049,0.5075,0.5025,0.5046,1496702.9
1791198000000,PAXG/USD,4168.09,4173.14,4158.11,4162.39,52.181
1791198000000,PENDLE/USD,2.471,2.535,2.466,2.528,143697.5
1791198000000,PENGU/USD,0.00984,0.009979,0.009825,0.009903,122891075.0
1791198000000,PEPE/USD,4.52e-06,4.53e-06,4.49e-06,4.5e-06,193501222174.0
1791198000000,POL/USD,0.10879,0.10889,0.10829,0.10865,2316050.5
1791198000000,S/USD,0.0424,0.04274,0.04219,0.04231,1603620.0
1791198000000,SEI/USD,0.07428,0.07434,0.0737,0.07387,2527066.9
1791198000000,SHIB/USD,5.98e-06,6.01e-06,5.96e-06,5.98e-06,67428794873.0
1791198000000,SOL/USD,120.68,121.01,120.46,120.82,49296.242
1791198000000,STO/USD,0.0413,0.0417,0.0412,0.0416,887202.0
1791198000000,SUI/USD,1.2379,1.2428,1.2325,1.2406,2585666.0
1791198000000,TAO/USD,304.8,307.8,304.0,306.0,3666.7454
1791198000000,TRUMP/USD,2.075,2.078,2.064,2.07,154947.147
1791198000000,TRX/USD,0.3366,0.3367,0.3362,0.3367,2243259.7
1791198000000,TUT/USD,0.02502,0.02532,0.02495,0.02528,2446679.0
1791198000000,UNI/USD,9.022,9.05,8.997,9.025,110049.21
1791198000000,VIRTUAL/USD,0.8688,0.8715,0.8609,0.8652,389354.6
1791198000000,WIF/USD,0.2593,0.2606,0.258,0.2586,513350.65
1791198000000,WLD/USD,0.5722,0.5757,0.5693,0.5744,2030665.8
1791198000000,XLM/USD,0.2222,0.2222,0.221,0.2216,1999863.0
1791198000000,XRP/USD,1.5199,1.522,1.5138,1.5185,3212224.4
1791198000000,ZEC/USD,1317.09,1335.0,1311.82,1333.95,4404.663
1791198000000,ZEN/USD,7.101,7.134,7.075,7.118,13669.98
1791201600000,1000CHEEMS/USD,0.000562,0.000564,0.000558,0.00056,35823848.0
1791201600000,AAVE/USD,181.1,183.08,180.62,182.49,7112.675
1791201600000,ADA/USD,0.2723,0.2735,0.2707,0.2719,7327711.8
1791201600000,APT/USD,0.816,0.8169,0.8064,0.8088,274468.13
1791201600000,ARB/USD,0.2073,0.2074,0.2056,0.2059,2360267.1
1791201600000,AVAX/USD,11.014,11.015,10.907,10.93,144556.06
1791201600000,BNB/USD,791.09,791.09,787.66,788.56,2694.251
1791201600000,BONK/USD,3.99e-06,3.99e-06,3.96e-06,3.97e-06,22617843018.0
1791201600000,BTC/USD,86216.01,86216.01,85844.0,85904.01,358.75897
1791201600000,CAKE/USD,2.504,2.504,2.48,2.484,75557.79
1791201600000,CFX/USD,0.055,0.05513,0.05472,0.05473,643409.0
1791201600000,CRV/USD,0.3803,0.3804,0.3768,0.3777,161461.8
1791201600000,DOGE/USD,0.0963,0.0963,0.09549,0.09562,30648423.0
1791201600000,DOT/USD,1.22,1.221,1.198,1.201,360374.62
1791201600000,EIGEN/USD,0.2625,0.2627,0.2594,0.2598,352902.85
1791201600000,ENA/USD,0.2607,0.2623,0.2526,0.2536,12829949.07
1791201600000,ETH/USD,2718.39,2720.68,2709.31,2711.06,3994.6211
1791201600000,FET/USD,0.2631,0.2634,0.2553,0.2576,5063295.5
1791201600000,FIL/USD,1.0875,1.0967,1.0837,1.091,627044.23
1791201600000,FLOKI/USD,2.961e-05,2.967e-05,2.87e-05,2.903e-05,14414055437.0
1791201600000,HBAR/USD,0.10295,0.10298,0.10215,0.10232,5345809.0
1791201600000,ICP/USD,3.36,3.396,3.345,3.355,229453.2
1791201600000,LINK/USD,14.215,14.221,14.051,14.058,64291.67
1791201600000,LISTA/USD,0.0863,0.0866,0.086,0.086,19250.3
1791201600000,LTC/USD,70.88,71.08,70.47,70.8,14450.562
1791201600000,NEAR/USD,5.015,5.051,4.968,5.029,815852.1
1791201600000,ONDO/USD,0.5045,0.5053,0.499,0.4992,2164807.5
1791201600000,PAXG/USD,4161.92,4170.99,4159.47,4161.64,77.0866
1791201600000,PENDLE/USD,2.528,2.594,2.522,2.536,400087.7
1791201600000,PENGU/USD,0.009905,0.00991,0.009763,0.009767,81175704.0
1791201600000,PEPE/USD,4.51e-06,4.51e-06,4.46e-06,4.47e-06,225720110147.0
1791201600000,POL/USD,0.10864,0.10866,0.1066,0.10716,4957194.6
1791201600000,S/USD,0.04231,0.04259,0.04175,0.04213,1929375.7
1791201600000,SEI/USD,0.07386,0.07393,0.07261,0.07278,5156119.4
1791201600000,SHIB/USD,5.99e-06,5.99e-06,5.94e-06,5.94e-06,31506748920.0
1791201600000,SOL/USD,120.82,120.82,120.35,120.35,46286.446
1791201600000,STO/USD,0.0415,0.0416,0.0411,0.0411,415672.5
1791201600000,SUI/USD,1.2406,1.2439,1.2168,1.2178,3019822.2
1791201600000,TAO/USD,306.1,306.3,301.0,302.1,4114.5297
1791201600000,TRUMP/USD,2.07,2.074,2.051,2.057,232094.594
1791201600000,TRX/USD,0.3366,0.3369,0.3363,0.3364,3400834.9
1791201600000,TUT/USD,0.02529,0.02534,0.025,0.02502,2918884.0
1791201600000,UNI/USD,9.025,9.03,8.887,8.946,292785.64
1791201600000,VIRTUAL/USD,0.865,0.8664,0.8551,0.856,471432.8
1791201600000,WIF/USD,0.2587,0.2588,0.2564,0.2581,540755.35
1791201600000,WLD/USD,0.5743,0.5756,0.5657,0.5662,2261470.0
1791201600000,XLM/USD,0.2215,0.2215,0.2203,0.2211,1896293.0
1791201600000,XRP/USD,1.5184,1.5192,1.5067,1.5091,3161806.2
1791201600000,ZEC/USD,1333.9,1337.3,1320.73,1323.84,5341.449
1791201600000,ZEN/USD,7.117,7.121,7.061,7.075,27075.75
1791205200000,1000CHEEMS/USD,0.00056,0.000561,0.000556,0.000559,46848201.0
1791205200000,AAVE/USD,182.48,185.64,182.45,184.71,15743.049
1791205200000,ADA/USD,0.272,0.2768,0.272,0.2743,19306476.0
1791205200000,APT/USD,0.8089,0.8204,0.8083,0.8181,533486.83
1791205200000,ARB/USD,0.206,0.2076,0.2052,0.2064,3102661.8
1791205200000,AVAX/USD,10.93,11.013,10.926,11.007,146414.11
1791205200000,BNB/USD,788.57,792.29,788.57,791.85,3910.9
1791205200000,BONK/USD,3.97e-06,4.01e-06,3.96e-06,3.99e-06,38230365618.0
1791205200000,BTC/USD,85904.0,86489.98,85812.0,86432.01,964.00693
1791205200000,CAKE/USD,2.484,2.497,2.484,2.495,35197.57
1791205200000,CFX/USD,0.05473,0.05485,0.05435,0.05447,1601418.0
1791205200000,CRV/USD,0.3779,0.3794,0.3763,0.3778,212339.1
1791205200000,DOGE/USD,0.09562,0.09636,0.09562,0.09612,23461015.0
1791205200000,DOT/USD,1.2,1.21,1.198,1.208,322861.16
1791205200000,EIGEN/USD,0.2598,0.2645,0.2595,0.2611,1456954.16
1791205200000,ENA/USD,0.2536,0.2547,0.2495,0.2515,10947177.2
1791205200000,ETH/USD,2711.06,2726.3,2711.05,2722.86,7911.6444
1791205200000,FET/USD,0.2576,0.2602,0.2555,0.2571,4296851.3
1791205200000,FIL/USD,1.0914,1.1142,1.0905,1.108,1570552.75
1791205200000,FLOKI/USD,2.905e-05,2.944e-05,2.902e-05,2.912e-05,10458389999.0
1791205200000,HBAR/USD,0.10233,0.10317,0.10182,0.10275,7059772.0
1791205200000,ICP/USD,3.354,3.451,3.343,3.446,233493.93
1791205200000,LINK/USD,14.06,14.122,14.04,14.086,73022.89
1791205200000,LISTA/USD,0.0861,0.0863,0.0854,0.0856,30877.0
1791205200000,LTC/USD,70.8,71.14,70.78,71.06,16283.812
1791205200000,NEAR/USD,5.029,5.057,5.003,5.04,691479.6
1791205200000,ONDO/USD,0.4993,0.5021,0.4977,0.4993,3409877.0
1791205200000,PAXG/USD,4161.65,4163.1,4140.69,4145.81,176.7876
1791205200000,PENDLE/USD,2.536,2.555,2.511,2.536,80233.9
1791205200000,PENGU/USD,0.009767,0.009865,0.009756,0.009826,96368999.0
1791205200000,PEPE/USD,4.48e-06,4.54e-06,4.47e-06,4.52e-06,346155058774.0
1791205200000,POL/USD,0.10717,0.108,0.10716,0.10798,1915938.9
1791205200000,S/USD,0.04216,0.04227,0.04171,0.04195,1539098.7
1791205200000,SEI/USD,0.07277,0.07317,0.07263,0.0729,2604877.8
1791205200000,SHIB/USD,5.95e-06,5.97e-06,5.92e-06,5.95e-06,56795997749.0
1791205200000,SOL/USD,120.35,120.98,120.22,120.78,66740.919
1791205200000,STO/USD,0.0412,0.0413,0.0408,0.0411,673590.6
1791205200000,SUI/USD,1.2179,1.2259,1.2132,1.2194,4112594.6
1791205200000,TAO/USD,302.1,304.7,302.0,304.3,2705.4355
1791205200000,TRUMP/USD,2.058,2.065,2.049,2.059,158970.561
1791205200000,TRX/USD,0.3363,0.3364,0.3358,0.3362,3768766.5
1791205200000,TUT/USD,0.02505,0.02515,0.02484,0.02491,2662701.0
1791205200000,UNI/USD,8.946,9.072,8.939,9.017,254705.02
1791205200000,VIRTUAL/USD,0.8562,0.8646,0.8511,0.8584,459453.8
1791205200000,WIF/USD,0.2581,0.2605,0.2569,0.2583,428731.75
1791205200000,WLD/USD,0.5662,0.571,0.5649,0.5692,2141801.7
1791205200000,XLM/USD,0.2211,0.2223,0.2208,0.2217,4196696.0
1791205200000,XRP/USD,1.5092,1.5179,1.5087,1.5156,4471646.3
1791205200000,ZEC/USD,1323.87,1347.95,1323.83,1343.99,8356.749
1791205200000,ZEN/USD,7.077,7.12,7.023,7.065,25691.91
1791208800000,1000CHEEMS/USD,0.000559,0.000561,0.000551,0.000554,51202859.0
1791208800000,AAVE/USD,184.7,187.36,182.46,183.27,17114.946
1791208800000,ADA/USD,0.2742,0.2759,0.2677,0.2684,24474689.9
1791208800000,APT/USD,0.818,0.8254,0.7977,0.8034,971197.05
1791208800000,ARB/USD,0.2063,0.209,0.2019,0.2023,7862187.4
1791208800000,AVAX/USD,11.006,11.052,10.85,10.885,300353.99
1791208800000,BNB/USD,791.86,793.62,785.51,788.33,10520.362
1791208800000,BONK/USD,3.98e-06,4.02e-06,3.87e-06,3.89e-06,58707832856.0
1791208800000,BTC/USD,86432.0,86725.12,85450.0,85645.26,2137.96527
1791208800000,CAKE/USD,2.494,2.502,2.465,2.473,165757.67
1791208800000,CFX/USD,0.05445,0.05466,0.05359,0.05401,1823052.0
1791208800000,CRV/USD,0.3775,0.3801,0.3719,0.3753,773295.6
1791208800000,DOGE/USD,0.09611,0.09654,0.09395,0.09461,63722046.0
1791208800000,DOT/USD,1.207,1.217,1.184,1.193,722391.18
1791208800000,EIGEN/USD,0.261,0.2633,0.256,0.2575,909743.82
1791208800000,ENA/USD,0.2514,0.2533,0.2437,0.2485,13912693.01
1791208800000,ETH/USD,2722.85,2730.28,2696.54,2704.57,16101.6344
1791208800000,FET/USD,0.257,0.2586,0.2481,0.2489,11615836.4
1791208800000,FIL/USD,1.108,1.1189,1.0887,1.0968,1514311.86
1791208800000,FLOKI/USD,2.912e-05,2.919e-05,2.855e-05,2.869e-05,9192265814.0
1791208800000,HBAR/USD,0.10272,0.10317,0.10035,0.10133,12989678.0
1791208800000,ICP/USD,3.448,3.455,3.378,3.424,383806.64
1791208800000,LINK/USD,14.086,14.124,13.66,13.803,352289.6
1791208800000,LISTA/USD,0.0856,0.0863,0.0834,0.0843,587682.4
1791208800000,LTC/USD,71.05,71.76,70.85,71.02,26121.251
1791208800000,NEAR/USD,5.039,5.086,4.962,4.969,1259094.8
1791208800000,ONDO/USD,0.4993,0.5017,0.4859,0.4895,5982546.6
1791208800000,PAXG/USD,4144.7,4154.09,4141.17,4152.3,836.2889
1791208800000,PENDLE/USD,2.535,2.536,2.455,2.461,160948.4
1791208800000,PENGU/USD,0.009825,0.009902,0.009562,0.009652,121734747.0
1791208800000,PEPE/USD,4.52e-06,4.54e-06,4.41e-06,4.42e-06,498400704819.0
1791208800000,POL/USD,0.10797,0.10829,0.10691,0.10718,4078344.1
1791208800000,S/USD,0.04193,0.04292,0.04189,0.0423,4081933.3
1791208800000,SEI/USD,0.07289,0.07331,0.07188,0.072,5718914.3
1791208800000,SHIB/USD,5.95e-06,5.98e-06,5.85e-06,5.88e-06,92916545594.0
1791208800000,SOL/USD,120.78,121.3,119.25,119.51,183239.825
1791208800000,STO/USD,0.041,0.0412,0.0405,0.0407,629101.8
1791208800000,SUI/USD,1.2194,1.2239,1.1817,1.1855,10317302.2
1791208800000,TAO/USD,304.3,305.4,297.7,299.0,9775.8502
1791208800000,TRUMP/USD,2.059,2.07,2.021,2.033,566494.679
1791208800000,TRX/USD,0.3361,0.3368,0.3361,0.3365,4325266.6
1791208800000,TUT/USD,0.02489,0.02503,0.02471,0.02487,3982148.0
1791208800000,UNI/USD,9.016,9.058,8.86,8.89,423854.09
1791208800000,VIRTUAL/USD,0.8582,0.8617,0.8322,0.8356,1197474.6
1791208800000,WIF/USD,0.2582,0.2602,0.2509,0.2534,1334738.5
1791208800000,WLD/USD,0.5691,0.574,0.5581,0.5623,5588751.7
1791208800000,XLM/USD,0.2216,0.2218,0.2149,0.2153,10082163.0
1791208800000,XRP/USD,1.5155,1.5217,1.495,1.499,9917550.9
1791208800000,ZEC/USD,1343.98,1366.04,1315.95,1316.0,16303.329
1791208800000,ZEN/USD,7.063,7.117,6.891,6.927,66496.08
1791212400000,1000CHEEMS/USD,0.000553,0.000557,0.00055,0.000551,50184776.0
1791212400000,AAVE/USD,183.24,184.22,181.63,182.91,7311.188
1791212400000,ADA/USD,0.2684,0.2696,0.2626,0.2639,23639329.4
1791212400000,APT/USD,0.8034,0.8213,0.8016,0.8155,1606030.13
1791212400000,ARB/USD,0.2024,0.2048,0.2019,0.203,3364645.4
1791212400000,AVAX/USD,10.885,10.946,10.851,10.856,127420.1
1791212400000,BNB/USD,788.33,790.12,786.37,787.15,4318.649
1791212400000,BONK/USD,3.9e-06,3.92e-06,3.8e-06,3.84e-06,82773111572.0
1791212400000,BTC/USD,85645.25,85674.01,85174.24,85269.78,1061.35364
1791212400000,CAKE/USD,2.473,2.483,2.458,2.461,159513.81
1791212400000,CFX/USD,0.05401,0.05432,0.05397,0.05407,459829.0
1791212400000,CRV/USD,0.3754,0.3779,0.3726,0.3739,195528.1
1791212400000,DOGE/USD,0.0946,0.09503,0.09429,0.09457,17955178.0
1791212400000,DOT/USD,1.193,1.201,1.188,1.195,361818.98
1791212400000,EIGEN/USD,0.2577,0.2612,0.2567,0.2598,357331.53
1791212400000,ENA/USD,0.2484,0.2505,0.2451,0.2457,6605703.56
1791212400000,ETH/USD,2704.57,2705.9,2695.33,2697.23,7570.4707
1791212400000,FET/USD,0.249,0.2508,0.2465,0.2494,6962813.0
1791212400000,FIL/USD,1.0968,1.0972,1.0756,1.0881,787644.25
1791212400000,FLOKI/USD,2.866e-05,2.877e-05,2.842e-05,2.854e-05,6827033592.0
1791212400000,HBAR/USD,0.10132,0.10149,0.10041,0.10077,6978933.0
1791212400000,ICP/USD,3.423,3.489,3.413,3.466,319672.63
1791212400000,LINK/USD,13.802,13.848,13.755,13.798,91362.87
1791212400000,LISTA/USD,0.0845,0.0851,0.0842,0.0847,102859.5
1791212400000,LTC/USD,71.01,71.52,69.94,70.01,34851.077
1791212400000,NEAR/USD,4.969,5.044,4.923,5.022,1236340.2
1791212400000,ONDO/USD,0.4896,0.4912,0.4865,0.4891,3115631.4
1791212400000,PAXG/USD,4152.3,4152.94,4131.92,4143.1,154.1905
1791212400000,PENDLE/USD,2.462,2.475,2.416,2.423,110674.4
1791212400000,PENGU/USD,0.00965,0.009699,0.00954,0.009552,109161689.0
1791212400000,PEPE/USD,4.43e-06,4.44e-06,4.38e-06,4.4e-06,319681343644.0
1791212400000,POL/USD,0.10723,0.1076,0.10557,0.10593,6748733.8
1791212400000,S/USD,0.04229,0.04358,0.04225,0.043,14643858.0
1791212400000,SEI/USD,0.07199,0.07245,0.07184,0.07199,5629027.0
1791212400000,SHIB/USD,5.88e-06,5.9e-06,5.85e-06,5.87e-06,54026486192.0
1791212400000,SOL/USD,119.5,119.76,119.21,119.34,65150.659
1791212400000,STO/USD,0.0408,0.0412,0.0408,0.0409,346422.9
1791212400000,SUI/USD,1.1855,1.1917,1.1795,1.186,4426748.3
1791212400000,TAO/USD,299.0,300.9,298.3,299.7,7888.3436
1791212400000,TRUMP/USD,2.033,2.044,2.026,2.03,237833.787
1791212400000,TRX/USD,0.3365,0.3367,0.3361,0.3365,2843729.9
1791212400000,TUT/USD,0.02488,0.0251,0.0248,0.0248,2706579.0
1791212400000,UNI/USD,8.89,8.983,8.844,8.921,487487.32
1791212400000,VIRTUAL/USD,0.8352,0.8392,0.827,0.8384,517411.3
1791212400000,WIF/USD,0.2534,0.2568,0.2529,0.2543,625775.82
1791212400000,WLD/USD,0.5623,0.5683,0.5604,0.5665,1826112.5
1791212400000,XLM/USD,0.2154,0.2157,0.2117,0.2121,16488156.0
1791212400000,XRP/USD,1.499,1.5031,1.4897,1.4927,6786967.7
1791212400000,ZEC/USD,1316.0,1318.02,1293.59,1295.51,13016.924
1791212400000,ZEN/USD,6.93,6.974,6.88,6.901,36186.25
1791216000000,1000CHEEMS/USD,0.000552,0.000553,0.000548,0.000551,29973096.0
1791216000000,AAVE/USD,182.91,183.34,181.02,183.22,7965.143
1791216000000,ADA/USD,0.264,0.2652,0.2617,0.2649,14865638.4
1791216000000,APT/USD,0.8156,0.8177,0.8066,0.8077,695323.7
1791216000000,ARB/USD,0.2029,0.2043,0.2013,0.2038,2738233.5
1791216000000,AVAX/USD,10.856,10.918,10.792,10.908,164708.84
1791216000000,BNB/USD,787.15,788.14,784.7,787.34,4962.169
1791216000000,BONK/USD,3.84e-06,3.85e-06,3.8e-06,3.84e-06,91111685292.0
1791216000000,BTC/USD,85269.79,85330.7,84972.01,85300.0,823.59491
1791216000000,CAKE/USD,2.462,2.464,2.438,2.445,250258.03
1791216000000,CFX/USD,0.0541,0.05415,0.05375,0.05403,871348.0
1791216000000,CRV/USD,0.3737,0.3754,0.3705,0.3711,292756.5
1791216000000,DOGE/USD,0.09458,0.09482,0.09379,0.09451,24465427.0
1791216000000,DOT/USD,1.195,1.199,1.188,1.193,440426.27
1791216000000,EIGEN/USD,0.26,0.262,0.2568,0.2595,606225.46
1791216000000,ENA/USD,0.2457,0.2468,0.2435,0.2454,6301075.72
1791216000000,ETH/USD,2697.23,2715.8,2679.63,2696.21,98603.7222
1791216000000,FET/USD,0.2494,0.2494,0.243,0.2479,10226386.2
1791216000000,FIL/USD,1.0883,1.096,1.0806,1.0881,330659.14
1791216000000,FLOKI/USD,2.854e-05,2.869e-05,2.837e-05,2.864e-05,6765344311.0
1791216000000,HBAR/USD,0.10078,0.10114,0.10019,0.10084,7806425.0
1791216000000,ICP/USD,3.466,3.485,3.42,3.43,161207.34
1791216000000,LINK/USD,13.795,13.841,13.74,13.824,94001.34
1791216000000,LISTA/USD,0.0846,0.0847,0.0837,0.0839,110875.7
1791216000000,LTC/USD,70.01,70.78,69.66,70.51,20847.509
1791216000000,NEAR/USD,5.021,5.037,4.937,5.005,1319122.7
1791216000000,ONDO/USD,0.4891,0.4896,0.4832,0.4887,3284404.0
1791216000000,PAXG/USD,4143.31,4143.32,4135.24,4138.85,85.5387
1791216000000,PENDLE/USD,2.423,2.454,2.422,2.452,47887.2
1791216000000,PENGU/USD,0.009551,0.009589,0.009476,0.009505,81055818.0
1791216000000,PEPE/USD,4.39e-06,4.41e-06,4.35e-06,4.39e-06,236176381499.0
1791216000000,POL/USD,0.1059,0.10673,0.10537,0.1065,6185691.1
1791216000000,S/USD,0.04303,0.04349,0.04245,0.04314,5074489.7
1791216000000,SEI/USD,0.072,0.07214,0.07169,0.07181,3905602.4
1791216000000,SHIB/USD,5.87e-06,5.89e-06,5.84e-06,5.88e-06,37950829891.0
1791216000000,SOL/USD,119.34,119.68,118.93,119.62,92149.212
1791216000000,STO/USD,0.0409,0.0409,0.0407,0.0409,191930.6
1791216000000,SUI/USD,1.1861,1.1874,1.176,1.1852,3719449.0
1791216000000,TAO/USD,299.8,300.1,296.8,298.6,4903.6615
1791216000000,TRUMP/USD,2.029,2.041,2.018,2.031,527820.742
1791216000000,TRX/USD,0.3365,0.3367,0.3361,0.3367,2904574.9
1791216000000,TUT/USD,0.02483,0.02498,0.02461,0.0249,5757934.0
1791216000000,UNI/USD,8.922,8.942,8.841,8.917,216257.88
1791216000000,VIRTUAL/USD,0.8385,0.8434,0.83,0.8427,510616.3
1791216000000,WIF/USD,0.2544,0.2553,0.252,0.2531,354228.19
1791216000000,WLD/USD,0.5666,0.5675,0.5626,0.5641,1777265.6
1791216000000,XLM/USD,0.212,0.2129,0.2109,0.2114,7627534.0
1791216000000,XRP/USD,1.4927,1.4957,1.486,1.4917,5625566.4
1791216000000,ZEC/USD,1295.51,1302.68,1278.0,1297.81,8369.946
1791216000000,ZEN/USD,6.902,6.912,6.809,6.885,45234.82
1791219600000,1000CHEEMS/USD,0.000551,0.000554,0.000548,0.000553,21015125.0
1791219600000,AAVE/USD,183.23,185.38,182.43,182.94,7469.996
1791219600000,ADA/USD,0.2649,0.2653,0.2637,0.2644,5160832.7
1791219600000,APT/USD,0.8075,0.8163,0.801,0.8138,349066.29
1791219600000,ARB/USD,0.2037,0.2063,0.2025,0.2058,1787219.0
1791219600000,AVAX/USD,10.907,10.917,10.861,10.879,94203.03
1791219600000,BNB/USD,787.35,787.5,785.73,786.73,2522.665
1791219600000,BONK/USD,3.84e-06,3.84e-06,3.77e-06,3.83e-06,59001658443.0
1791219600000,BTC/USD,85300.0,85440.0,85210.27,85429.24,373.32198
1791219600000,CAKE/USD,2.446,2.447,2.427,2.441,150655.9
1791219600000,CFX/USD,0.05402,0.0542,0.05386,0.05417,438967.0
1791219600000,CRV/USD,0.371,0.3739,0.3686,0.3722,436228.8
1791219600000,DOGE/USD,0.0945,0.09472,0.09421,0.09469,10486236.0
1791219600000,DOT/USD,1.194,1.195,1.186,1.191,198008.0
1791219600000,EIGEN/USD,0.2595,0.2604,0.2575,0.2595,370246.49
1791219600000,ENA/USD,0.2454,0.2508,0.2446,0.2503,9475612.48
1791219600000,ETH/USD,2696.21,2706.58,2693.45,2705.63,4549.7951
1791219600000,FET/USD,0.2479,0.2533,0.2472,0.2505,6583635.2
1791219600000,FIL/USD,1.0881,1.092,1.0765,1.0893,277124.98
1791219600000,FLOKI/USD,2.862e-05,2.914e-05,2.843e-05,2.899e-05,8751288763.0
1791219600000,HBAR/USD,0.10083,0.10102,0.10034,0.10076,5900368.0
1791219600000,ICP/USD,3.432,3.5,3.414,3.487,235914.01
1791219600000,LINK/USD,13.825,13.893,13.802,13.871,62025.03
1791219600000,LISTA/USD,0.0841,0.0845,0.0836,0.0845,153655.0
1791219600000,LTC/USD,70.51,70.99,70.34,70.67,9848.44
1791219600000,NEAR/USD,5.005,5.091,4.962,5.078,652238.7
1791219600000,ONDO/USD,0.4886,0.4893,0.4855,0.489,1705174.4
1791219600000,PAXG/USD,4138.97,4144.94,4134.42,4144.54,67.9566
1791219600000,PENDLE/USD,2.451,2.46,2.434,2.454,60843.8
1791219600000,PENGU/USD,0.009505,0.009555,0.009455,0.009547,27687715.0
1791219600000,PEPE/USD,4.39e-06,4.4e-06,4.37e-06,4.38e-06,114041179055.0
1791219600000,POL/USD,0.1065,0.1066,0.10596,0.10641,2066496.5
1791219600000,S/USD,0.04314,0.04314,0.04275,0.04298,2632015.7
1791219600000,SEI/USD,0.0718,0.07215,0.07153,0.07209,2084992.9
1791219600000,SHIB/USD,5.88e-06,5.89e-06,5.85e-06,5.88e-06,27204280975.0
1791219600000,SOL/USD,119.62,120.04,119.37,120.02,44225.207
1791219600000,STO/USD,0.0409,0.041,0.0407,0.0409,213002.7
1791219600000,SUI/USD,1.1853,1.1927,1.1786,1.1898,2955676.5
1791219600000,TAO/USD,298.6,299.4,297.0,299.2,3148.3347
1791219600000,TRUMP/USD,2.031,2.04,2.023,2.04,204054.179
1791219600000,TRX/USD,0.3367,0.3371,0.3363,0.3368,7427085.4
1791219600000,TUT/USD,0.02492,0.02492,0.02459,0.02468,2948432.0
1791219600000,UNI/USD,8.916,8.972,8.902,8.967,236378.3
1791219600000,VIRTUAL/USD,0.8428,0.8462,0.8348,0.8428,299021.5
1791219600000,WIF/USD,0.2531,0.2547,0.2521,0.2537,390994.96
1791219600000,WLD/USD,0.5641,0.5646,0.5588,0.5596,2363333.0
1791219600000,XLM/USD,0.2114,0.2126,0.2108,0.2117,7033701.0
1791219600000,XRP/USD,1.4917,1.4965,1.4869,1.4963,2414030.6
1791219600000,ZEC/USD,1297.99,1320.5,1293.76,1318.6,3608.056
1791219600000,ZEN/USD,6.883,6.958,6.87,6.946,10792.64
1791223200000,1000CHEEMS/USD,0.000553,0.000554,0.000552,0.000554,18178626.0
1791223200000,AAVE/USD,182.93,184.17,181.56,181.73,4470.364
1791223200000,ADA/USD,0.2643,0.2657,0.2642,0.2653,5568839.8
1791223200000,APT/USD,0.8139,0.8289,0.8139,0.8284,989224.51
1791223200000,ARB/USD,0.2059,0.2095,0.2054,0.207,6013163.3
1791223200000,AVAX/USD,10.879,10.911,10.871,10.9,72881.92
1791223200000,BNB/USD,786.73,787.52,786.0,787.47,2649.873
1791223200000,BONK/USD,3.83e-06,3.85e-06,3.82e-06,3.85e-06,24077016279.0
1791223200000,BTC/USD,85429.24,85649.16,85337.8,85649.14,452.68324
1791223200000,CAKE/USD,2.442,2.45,2.439,2.449,56823.09
1791223200000,CFX/USD,0.05418,0.05482,0.05416,0.05476,650460.0
1791223200000,CRV/USD,0.3723,0.375,0.3715,0.3739,299549.7
1791223200000,DOGE/USD,0.09469,0.09495,0.09464,0.09487,17700697.0
1791223200000,DOT/USD,1.192,1.217,1.19,1.216,381887.5
1791223200000,EIGEN/USD,0.2597,0.2605,0.2566,0.2578,752276.32
1791223200000,ENA/USD,0.2503,0.2518,0.2479,0.2483,8280510.26
1791223200000,ETH/USD,2705.64,2710.98,2704.41,2710.56,3807.8546
1791223200000,FET/USD,0.2506,0.2533,0.2506,0.2526,2476331.8
1791223200000,FIL/USD,1.0893,1.1581,1.0886,1.1554,1861614.33
1791223200000,FLOKI/USD,2.897e-05,2.915e-05,2.882e-05,2.902e-05,3084772505.0
1791223200000,HBAR/USD,0.10076,0.10146,0.10065,0.10141,4490573.0
1791223200000,ICP/USD,3.487,3.575,3.486,3.559,443286.64
1791223200000,LINK/USD,13.871,13.922,13.866,13.9,51985.36
1791223200000,LISTA/USD,0.0845,0.085,0.0844,0.085,36065.6
1791223200000,LTC/USD,70.68,70.73,70.14,70.16,11836.934
1791223200000,NEAR/USD,5.079,5.169,5.076,5.16,1230117.5
1791223200000,ONDO/USD,0.489,0.491,0.488,0.4883,1165796.6
1791223200000,PAXG/USD,4144.55,4150.57,4142.72,4150.57,78.7199
1791223200000,PENDLE/USD,2.454,2.468,2.449,2.464,40711.4
1791223200000,PENGU/USD,0.009548,0.009651,0.009542,0.00964,59407538.0
1791223200000,PEPE/USD,4.39e-06,4.4e-06,4.37e-06,4.4e-06,128408557371.0
1791223200000,POL/USD,0.10641,0.1075,0.10636,0.10746,2882795.2
1791223200000,S/USD,0.04298,0.04315,0.0429,0.04299,2553178.6
1791223200000,SEI/USD,0.07209,0.07233,0.07201,0.0723,964441.7
1791223200000,SHIB/USD,5.88e-06,5.89e-06,5.86e-06,5.87e-06,14571218356.0
1791223200000,SOL/USD,120.03,120.23,119.9,120.1,40310.002
1791223200000,STO/USD,0.0409,0.0411,0.0409,0.041,127480.1
1791223200000,SUI/USD,1.1898,1.1942,1.1888,1.1933,1543703.6
1791223200000,TAO/USD,299.2,302.0,298.5,301.8,4596.632
1791223200000,TRUMP/USD,2.039,2.049,2.039,2.049,113997.303
1791223200000,TRX/USD,0.3368,0.3369,0.3363,0.3369,1635428.4
1791223200000,TUT/USD,0.02468,0.02475,0.02452,0.02464,2129570.0
1791223200000,UNI/USD,8.967,9.132,8.962,9.106,328763.48
1791223200000,VIRTUAL/USD,0.8424,0.8489,0.8412,0.8481,135029.5
1791223200000,WIF/USD,0.2539,0.2548,0.2526,0.2543,199253.05
1791223200000,WLD/USD,0.5596,0.5616,0.5547,0.5595,2642107.9
1791223200000,XLM/USD,0.2118,0.2134,0.2116,0.2128,3119878.0
1791223200000,XRP/USD,1.4964,1.5005,1.4945,1.4995,2856660.4
1791223200000,ZEC/USD,1318.7,1333.03,1316.4,1328.34,5667.62
1791223200000,ZEN/USD,6.948,6.988,6.948,6.981,15261.6
1791226800000,1000CHEEMS/USD,0.000554,0.000556,0.000551,0.000553,21123322.0
1791226800000,AAVE/USD,181.74,183.59,181.23,182.32,4147.834
1791226800000,ADA/USD,0.2652,0.2667,0.2642,0.2661,3287278.3
1791226800000,APT/USD,0.8282,0.8334,0.8197,0.8254,664939.57
1791226800000,ARB/USD,0.207,0.2096,0.206,0.2073,2829475.5
1791226800000,AVAX/USD,10.9,10.915,10.855,10.884,95170.39
1791226800000,BNB/USD,787.47,787.73,786.12,787.44,2434.358
1791226800000,BONK/USD,3.85e-06,3.85e-06,3.82e-06,3.84e-06,75632699101.0
1791226800000,BTC/USD,85649.15,85795.52,85553.99,85724.0,342.49756
1791226800000,CAKE/USD,2.449,2.454,2.448,2.452,25291.06
1791226800000,CFX/USD,0.05476,0.05494,0.05458,0.05476,818590.0
1791226800000,CRV/USD,0.3737,0.3762,0.3729,0.3756,148071.0
1791226800000,DOGE/USD,0.09488,0.0955,0.09474,0.09548,16082798.0
1791226800000,DOT/USD,1.216,1.229,1.211,1.216,627092.81
1791226800000,EIGEN/USD,0.2578,0.2588,0.256,0.2582,724069.32
1791226800000,ENA/USD,0.2483,0.2498,0.2475,0.2481,3722786.41
1791226800000,ETH/USD,2710.56,2712.88,2706.6,2709.25,3427.6678
1791226800000,FET/USD,0.2525,0.2541,0.2508,0.2519,2976764.1
1791226800000,FIL/USD,1.1557,1.1596,1.1274,1.1383,2121875.87
1791226800000,FLOKI/USD,2.902e-05,2.911e-05,2.887e-05,2.904e-05,2525399590.0
1791226800000,HBAR/USD,0.10141,0.10192,0.10121,0.10186,4581410.0
1791226800000,ICP/USD,3.559,3.586,3.54,3.573,259536.32
1791226800000,LINK/USD,13.899,13.958,13.885,13.925,55010.8
1791226800000,LISTA/USD,0.0849,0.0854,0.0846,0.0848,78941.4
1791226800000,LTC/USD,70.16,70.42,69.9,70.07,8850.029
1791226800000,NEAR/USD,5.159,5.206,5.133,5.188,1264528.1
1791226800000,ONDO/USD,0.4884,0.4925,0.4878,0.4921,1025819.2
1791226800000,PAXG/USD,4150.57,4151.59,4146.35,4147.97,55.1747
1791226800000,PENDLE/USD,2.465,2.489,2.464,2.485,49905.8
1791226800000,PENGU/USD,0.009642,0.009752,0.009634,0.009745,42566230.0
1791226800000,PEPE/USD,4.4e-06,4.42e-06,4.37e-06,4.41e-06,90239739638.0
1791226800000,POL/USD,0.10746,0.10956,0.1073,0.1089,6983792.6
1791226800000,S/USD,0.043,0.04361,0.04271,0.04303,4411812.7
1791226800000,SEI/USD,0.07231,0.07325,0.07228,0.07324,3889715.1
1791226800000,SHIB/USD,5.87e-06,5.9e-06,5.86e-06,5.89e-06,26005001560.0
1791226800000,SOL/USD,120.1,120.36,119.96,120.28,30052.353
1791226800000,STO/USD,0.041,0.0415,0.041,0.0412,350228.8
1791226800000,SUI/USD,1.1933,1.2045,1.1897,1.2033,1953090.5
1791226800000,TAO/USD,301.8,304.9,301.0,304.4,5896.0467
1791226800000,TRUMP/USD,2.049,2.06,2.046,2.054,123332.97
1791226800000,TRX/USD,0.3369,0.3369,0.3364,0.3368,3467425.2
1791226800000,TUT/USD,0.02462,0.02471,0.02442,0.02449,4251981.0
1791226800000,UNI/USD,9.105,9.14,9.053,9.098,178943.99
1791226800000,VIRTUAL/USD,0.848,0.8551,0.8474,0.8513,216936.4
1791226800000,WIF/USD,0.2543,0.2583,0.2531,0.2569,1062370.45
1791226800000,WLD/USD,0.5596,0.5647,0.5587,0.5638,1605834.0
1791226800000,XLM/USD,0.2129,0.2145,0.2124,0.2142,3608094.0
1791226800000,XRP/USD,1.4995,1.5044,1.4974,1.5034,2508028.2
1791226800000,ZEC/USD,1328.4,1340.97,1325.89,1339.65,3671.9
1791226800000,ZEN/USD,6.984,7.058,6.973,7.058,25351.95
1791230400000,1000CHEEMS/USD,0.000553,0.000555,0.000552,0.000553,17692400.0
1791230400000,AAVE/USD,182.31,184.14,182.07,183.89,4757.289
1791230400000,ADA/USD,0.2662,0.2693,0.2656,0.2692,8751953.2
1791230400000,APT/USD,0.8254,0.8468,0.8248,0.8454,1293408.13
1791230400000,ARB/USD,0.2074,0.2108,0.2072,0.2097,3727127.9
1791230400000,AVAX/USD,10.884,10.994,10.878,10.981,101111.11
1791230400000,BNB/USD,787.44,788.46,787.13,787.83,2076.391
1791230400000,BONK/USD,3.85e-06,3.89e-06,3.85e-06,3.86e-06,28860553947.0
1791230400000,BTC/USD,85724.0,85860.0,85644.0,85783.94,259.18648
1791230400000,CAKE/USD,2.453,2.47,2.45,2.469,41949.17
1791230400000,CFX/USD,0.05478,0.05525,0.05475,0.05515,578845.0
1791230400000,CRV/USD,0.3755,0.3799,0.3754,0.3797,198031.1
1791230400000,DOGE/USD,0.09548,0.09596,0.0954,0.09564,9236159.0
1791230400000,DOT/USD,1.216,1.246,1.215,1.232,940777.03
1791230400000,EIGEN/USD,0.2583,0.2631,0.2581,0.2629,435844.85
1791230400000,ENA/USD,0.2481,0.2552,0.2476,0.2537,16482813.42
1791230400000,ETH/USD,2709.25,2715.33,2706.52,2712.58,3151.3853
1791230400000,FET/USD,0.2519,0.2561,0.2519,0.2556,3713741.8
1791230400000,FIL/USD,1.1383,1.1847,1.1341,1.1654,2057942.82
1791230400000,FLOKI/USD,2.903e-05,2.938e-05,2.898e-05,2.921e-05,2987978604.0
1791230400000,HBAR/USD,0.10186,0.10279,0.10171,0.10246,4331010.0
1791230400000,ICP/USD,3.573,3.594,3.519,3.549,207292.13
1791230400000,LINK/USD,13.925,13.969,13.911,13.946,70428.15
1791230400000,LISTA/USD,0.0849,0.0855,0.0847,0.0855,145797.3
1791230400000,LTC/USD,70.08,70.3,69.93,70.14,9648.439
1791230400000,NEAR/USD,5.189,5.258,5.179,5.254,1215060.4
1791230400000,ONDO/USD,0.4919,0.497,0.4898,0.4958,1864530.5
1791230400000,PAXG/USD,4148.07,4150.38,4145.52,4148.43,40.4839
1791230400000,PENDLE/USD,2.486,2.495,2.482,2.488,25607.3
1791230400000,PENGU/USD,0.009748,0.009864,0.009737,0.009809,31470260.0
1791230400000,PEPE/USD,4.42e-06,4.45e-06,4.41e-06,4.44e-06,104712882796.0
1791230400000,POL/USD,0.10891,0.10974,0.1087,0.10957,1438892.5
1791230400000,S/USD,0.04304,0.04337,0.0426,0.04308,8278577.7
1791230400000,SEI/USD,0.07325,0.07465,0.07325,0.07441,5102031.3
1791230400000,SHIB/USD,5.9e-06,5.92e-06,5.89e-06,5.9e-06,24603644284.0
1791230400000,SOL/USD,120.28,120.65,120.16,120.64,20850.4
1791230400000,STO/USD,0.0412,0.0414,0.0411,0.0413,224502.8
1791230400000,SUI/USD,1.2032,1.2323,1.2,1.2295,4976909.9
1791230400000,TAO/USD,304.4,308.2,304.3,307.3,8901.2905
1791230400000,TRUMP/USD,2.055,2.075,2.053,2.067,271673.227
1791230400000,TRX/USD,0.3368,0.3368,0.3363,0.3366,1289454.2
1791230400000,TUT/USD,0.02449,0.02459,0.0244,0.02447,1717227.0
1791230400000,UNI/USD,9.098,9.184,9.098,9.163,236058.49
1791230400000,VIRTUAL/USD,0.8519,0.8577,0.8506,0.855,212445.9
1791230400000,WIF/USD,0.257,0.2588,0.2565,0.2568,170593.12
1791230400000,WLD/USD,0.5639,0.5706,0.5628,0.5706,1615789.6
1791230400000,XLM/USD,0.2142,0.2156,0.2134,0.2151,5838591.0
1791230400000,XRP/USD,1.5033,1.5064,1.502,1.5051,1566236.4
1791230400000,ZEC/USD,1339.64,1349.03,1336.2,1345.97,5196.895
1791230400000,ZEN/USD,7.058,7.155,7.05,7.138,27041.97
1791234000000,1000CHEEMS/USD,0.000553,0.000555,0.000552,0.000554,22965948.0
1791234000000,AAVE/USD,183.9,184.94,183.35,184.03,3710.721
1791234000000,ADA/USD,0.2691,0.2702,0.2686,0.2699,4364900.3
1791234000000,APT/USD,0.8456,0.8532,0.8393,0.8513,709997.33
1791234000000,ARB/USD,0.2097,0.2111,0.2085,0.2103,2500038.1
1791234000000,AVAX/USD,10.982,11.016,10.957,11.014,106982.66
1791234000000,BNB/USD,787.84,787.86,786.08,786.72,1228.421
1791234000000,BONK/USD,3.87e-06,3.88e-06,3.84e-06,3.87e-06,15618259037.0
1791234000000,BTC/USD,85783.95,85994.01,85698.57,85948.99,311.44555
1791234000000,CAKE/USD,2.469,2.474,2.465,2.474,67491.5
1791234000000,CFX/USD,0.05515,0.05521,0.05501,0.05519,196528.0
1791234000000,CRV/USD,0.3797,0.3799,0.3758,0.3759,92008.2
1791234000000,DOGE/USD,0.09564,0.09578,0.09549,0.09576,8651850.0
1791234000000,DOT/USD,1.232,1.239,1.221,1.232,525686.86
1791234000000,EIGEN/USD,0.263,0.2631,0.2614,0.2628,184317.66
1791234000000,ENA/USD,0.2538,0.254,0.2501,0.2505,10386016.48
1791234000000,ETH/USD,2712.58,2718.65,2710.9,2718.0,2523.8012
1791234000000,FET/USD,0.2555,0.2561,0.2529,0.2534,2562022.4
1791234000000,FIL/USD,1.1654,1.1982,1.1635,1.1932,1449803.88
1791234000000,FLOKI/USD,2.919e-05,2.935e-05,2.908e-05,2.934e-05,3570036250.0
1791234000000,HBAR/USD,0.10245,0.10269,0.10198,0.10218,3352289.0
1791234000000,ICP/USD,3.55,3.609,3.539,3.585,161253.98
1791234000000,LINK/USD,13.945,13.952,13.914,13.918,59439.98
1791234000000,LISTA/USD,0.0853,0.0854,0.0849,0.0853,91678.6
1791234000000,LTC/USD,70.14,70.34,70.0,70.25,6320.36
1791234000000,NEAR/USD,5.255,5.3,5.227,5.256,1470649.7
1791234000000,ONDO/USD,0.4959,0.4991,0.4945,0.4976,813108.8
1791234000000,PAXG/USD,4148.43,4149.3,4147.03,4147.95,32.6223
1791234000000,PENDLE/USD,2.488,2.491,2.475,2.481,22521.6
1791234000000,PENGU/USD,0.00981,0.009816,0.009709,0.009747,31434614.0
1791234000000,PEPE/USD,4.44e-06,4.44e-06,4.41e-06,4.42e-06,72331907988.0
1791234000000,POL/USD,0.10958,0.10979,0.10916,0.10959,1864834.4
1791234000000,S/USD,0.0431,0.04379,0.04287,0.04352,3338668.7
1791234000000,SEI/USD,0.07441,0.07461,0.07405,0.07452,2657586.5
1791234000000,SHIB/USD,5.9e-06,5.92e-06,5.88e-06,5.91e-06,16282906144.0
1791234000000,SOL/USD,120.65,120.84,120.56,120.79,33986.061
1791234000000,STO/USD,0.0413,0.0416,0.0412,0.0415,224368.0
1791234000000,SUI/USD,1.2296,1.2302,1.2195,1.2239,2089327.7
1791234000000,TAO/USD,307.4,308.1,305.2,307.8,6900.9096
1791234000000,TRUMP/USD,2.067,2.071,2.062,2.066,128082.743
1791234000000,TRX/USD,0.3366,0.3366,0.3363,0.3364,1264622.3
1791234000000,TUT/USD,0.02447,0.02475,0.02444,0.02468,1522104.0
1791234000000,UNI/USD,9.164,9.175,9.132,9.151,136250.97
1791234000000,VIRTUAL/USD,0.8551,0.8555,0.8512,0.8548,130405.3
1791234000000,WIF/USD,0.2568,0.2568,0.2551,0.2561,122725.92
1791234000000,WLD/USD,0.5707,0.5826,0.5688,0.5798,3200523.7
1791234000000,XLM/USD,0.2151,0.2162,0.2148,0.2159,2496102.0
1791234000000,XRP/USD,1.5051,1.5081,1.503,1.5081,1565857.2
1791234000000,ZEC/USD,1346.02,1354.7,1344.9,1351.29,4987.756
1791234000000,ZEN/USD,7.137,7.173,7.114,7.148,15086.33
1791237600000,1000CHEEMS/USD,0.000554,0.000555,0.000551,0.000551,24128719.0
1791237600000,AAVE/USD,184.06,185.08,183.9,184.61,9472.108
1791237600000,ADA/USD,0.2698,0.2741,0.2698,0.2718,10017541.1
1791237600000,APT/USD,0.8515,0.8595,0.846,0.8473,933953.71
1791237600000,ARB/USD,0.2104,0.211,0.2079,0.2085,1730160.4
1791237600000,AVAX/USD,11.013,11.072,11.013,11.047,164927.66
1791237600000,BNB/USD,786.73,789.48,786.72,788.05,2473.406
1791237600000,BONK/USD,3.87e-06,3.88e-06,3.85e-06,3.86e-06,19174045408.0
1791237600000,BTC/USD,85948.99,86027.43,85847.61,85928.01,467.3231
1791237600000,CAKE/USD,2.474,2.479,2.471,2.474,18504.39
1791237600000,CFX/USD,0.05518,0.0553,0.05498,0.05516,864974.0
1791237600000,CRV/USD,0.3759,0.3766,0.3729,0.3733,215725.1
1791237600000,DOGE/USD,0.09576,0.09611,0.09564,0.09567,10431481.0
1791237600000,DOT/USD,1.233,1.239,1.225,1.227,460578.45
1791237600000,EIGEN/USD,0.2627,0.2639,0.2617,0.2618,79273.12
1791237600000,ENA/USD,0.2506,0.2521,0.2499,0.2504,3866413.74
1791237600000,ETH/USD,2718.01,2722.0,2714.9,2716.0,3384.4893
1791237600000,FET/USD,0.2534,0.2547,0.253,0.2537,2366313.3
1791237600000,FIL/USD,1.1942,1.2046,1.1768,1.179,1416277.53
1791237600000,FLOKI/USD,2.935e-05,2.945e-05,2.923e-05,2.925e-05,2254812478.0
1791237600000,HBAR/USD,0.10218,0.10264,0.10213,0.1023,2979224.0
1791237600000,ICP/USD,3.585,3.605,3.562,3.574,118659.46
1791237600000,LINK/USD,13.918,13.975,13.902,13.913,70959.92
1791237600000,LISTA/USD,0.0853,0.0854,0.0849,0.085,27133.8
1791237600000,LTC/USD,70.25,70.54,70.13,70.16,5472.969
1791237600000,NEAR/USD,5.255,5.321,5.242,5.281,935362.1
1791237600000,ONDO/USD,0.4976,0.5018,0.4976,0.5008,1030723.2
1791237600000,PAXG/USD,4148.08,4151.51,4147.99,4147.99,33.3355
1791237600000,PENDLE/USD,2.482,2.484,2.455,2.458,27746.9
1791237600000,PENGU/USD,0.009746,0.009792,0.009703,0.009703,27660729.0
1791237600000,PEPE/USD,4.43e-06,4.45e-06,4.4e-06,4.42e-06,109368014656.0
1791237600000,POL/USD,0.10961,0.10992,0.10789,0.10903,4692226.2
1791237600000,S/USD,0.04352,0.04394,0.04345,0.04352,6584032.1
1791237600000,SEI/USD,0.07452,0.07456,0.07364,0.07391,2491293.5
1791237600000,SHIB/USD,5.92e-06,5.93e-06,5.9e-06,5.91e-06,20319245071.0
1791237600000,SOL/USD,120.78,121.59,120.78,121.01,69759.029
1791237600000,STO/USD,0.0415,0.0418,0.0413,0.0414,317249.4
1791237600000,SUI/USD,1.2239,1.2304,1.2164,1.2182,1533482.7
1791237600000,TAO/USD,307.9,309.2,305.7,305.9,5425.9031
1791237600000,TRUMP/USD,2.066,2.074,2.062,2.063,101093.853
1791237600000,TRX/USD,0.3364,0.3365,0.3363,0.3363,753910.2
1791237600000,TUT/USD,0.02465,0.02473,0.02457,0.02464,1093357.0
1791237600000,UNI/USD,9.152,9.168,9.078,9.084,160732.01
1791237600000,VIRTUAL/USD,0.8546,0.8581,0.8543,0.8574,163964.8
1791237600000,WIF/USD,0.2562,0.2574,0.2543,0.2545,179111.69
1791237600000,WLD/USD,0.5796,0.5811,0.5737,0.5757,976852.5
1791237600000,XLM/USD,0.2159,0.217,0.2158,0.216,3060484.0
1791237600000,XRP/USD,1.5081,1.515,1.508,1.5106,2888186.3
1791237600000,ZEC/USD,1351.23,1354.0,1338.36,1339.0,4085.309
1791237600000,ZEN/USD,7.147,7.21,7.114,7.124,30484.76
1791241200000,1000CHEEMS/USD,0.000552,0.000552,0.000549,0.000552,23286926.0
1791241200000,AAVE/USD,184.6,185.38,183.86,184.08,10259.036
1791241200000,ADA/USD,0.2718,0.2722,0.2702,0.2704,6119380.1
1791241200000,APT/USD,0.8475,0.8476,0.8409,0.8451,408009.47
1791241200000,ARB/USD,0.2085,0.2088,0.2071,0.2079,14744021.1
1791241200000,AVAX/USD,11.047,11.175,11.046,11.129,303343.14
1791241200000,BNB/USD,788.04,788.84,786.42,786.43,1766.625
1791241200000,BONK/USD,3.86e-06,3.87e-06,3.83e-06,3.85e-06,16059515065.0
1791241200000,BTC/USD,85928.01,86062.8,85728.65,85766.87,363.74482
1791241200000,CAKE/USD,2.474,2.474,2.46,2.466,23922.41
1791241200000,CFX/USD,0.05515,0.0552,0.05478,0.05499,443838.0
1791241200000,CRV/USD,0.3732,0.374,0.3707,0.3731,180244.0
1791241200000,DOGE/USD,0.09566,0.09577,0.09538,0.09542,12533643.0
1791241200000,DOT/USD,1.227,1.233,1.223,1.23,357407.86
1791241200000,EIGEN/USD,0.2618,0.2618,0.2586,0.2588,170008.43
1791241200000,ENA/USD,0.2503,0.2512,0.2479,0.2494,4602534.82
1791241200000,ETH/USD,2715.99,2719.33,2709.51,2709.98,2866.6364
1791241200000,FET/USD,0.2537,0.2548,0.2527,0.2546,2023183.4
1791241200000,FIL/USD,1.179,1.1861,1.1723,1.1846,962120.73
1791241200000,FLOKI/USD,2.924e-05,2.926e-05,2.898e-05,2.909e-05,1334050828.0
1791241200000,HBAR/USD,0.1023,0.10235,0.1017,0.1017,3912692.0
1791241200000,ICP/USD,3.574,3.598,3.566,3.59,91025.48
1791241200000,LINK/USD,13.913,13.925,13.844,13.854,82953.2
1791241200000,LISTA/USD,0.085,0.0851,0.0844,0.0847,68993.1
1791241200000,LTC/USD,70.16,70.33,69.87,70.1,5136.823
1791241200000,NEAR/USD,5.282,5.297,5.097,5.294,2889642.2
1791241200000,ONDO/USD,0.5011,0.5018,0.4973,0.4993,1060211.0
1791241200000,PAXG/USD,4148.0,4148.03,4142.35,4143.01,25.3879
1791241200000,PENDLE/USD,2.458,2.459,2.448,2.452,22337.8
1791241200000,PENGU/USD,0.009703,0.009707,0.009647,0.009666,28404856.0
1791241200000,PEPE/USD,4.42e-06,4.42e-06,4.38e-06,4.39e-06,73392341127.0
1791241200000,POL/USD,0.10904,0.10921,0.10877,0.10911,1022592.7
1791241200000,S/USD,0.04352,0.04393,0.04322,0.04369,2490878.6
1791241200000,SEI/USD,0.07392,0.07424,0.07388,0.074,3382630.8
1791241200000,SHIB/USD,5.91e-06,5.91e-06,5.87e-06,5.88e-06,16256476395.0
1791241200000,SOL/USD,121.02,121.28,120.5,120.78,51224.858
1791241200000,STO/USD,0.0414,0.0415,0.0413,0.0414,566097.4
1791241200000,SUI/USD,1.2183,1.2204,1.2075,1.2138,1267757.8
1791241200000,TAO/USD,305.9,307.1,303.9,305.9,3213.958
1791241200000,TRUMP/USD,2.063,2.064,2.05,2.057,107578.512
1791241200000,TRX/USD,0.3363,0.3364,0.336,0.3361,2136689.0
1791241200000,TUT/USD,0.02464,0.02471,0.02452,0.02463,859138.0
1791241200000,UNI/USD,9.084,9.099,9.056,9.083,117887.82
1791241200000,VIRTUAL/USD,0.8574,0.8593,0.8552,0.8577,203913.8
1791241200000,WIF/USD,0.2545,0.2547,0.2511,0.2512,263761.54
1791241200000,WLD/USD,0.5758,0.5772,0.5723,0.5752,1173045.9
1791241200000,XLM/USD,0.2161,0.2165,0.2154,0.2155,1276245.0
1791241200000,XRP/USD,1.5107,1.5128,1.5067,1.5077,1542884.8
1791241200000,ZEC/USD,1338.91,1342.98,1330.11,1337.66,3074.417
1791241200000,ZEN/USD,7.125,7.132,7.071,7.095,20222.93
1791244800000,1000CHEEMS/USD,0.000551,0.000554,0.00055,0.00055,26207293.0
1791244800000,AAVE/USD,184.08,187.59,183.71,184.24,17434.832
1791244800000,ADA/USD,0.2704,0.2721,0.2683,0.2709,8596952.5
1791244800000,APT/USD,0.8451,0.8499,0.8346,0.8356,522577.0
1791244800000,ARB/USD,0.2079,0.2083,0.205,0.2056,8439906.6
1791244800000,AVAX/USD,11.129,11.196,11.107,11.187,234538.02
1791244800000,BNB/USD,786.42,788.05,785.68,785.8,2830.889
1791244800000,BONK/USD,3.85e-06,3.85e-06,3.81e-06,3.82e-06,10233282752.0
1791244800000,BTC/USD,85766.87,85968.01,85766.87,85902.01,560.80792
1791244800000,CAKE/USD,2.465,2.475,2.464,2.468,23985.95
1791244800000,CFX/USD,0.05497,0.05498,0.05444,0.05447,302874.0
1791244800000,CRV/USD,0.3731,0.3748,0.3706,0.3722,218069.0
1791244800000,DOGE/USD,0.09542,0.09553,0.09513,0.09533,9766574.0
1791244800000,DOT/USD,1.23,1.231,1.217,1.226,437296.33
1791244800000,EIGEN/USD,0.2587,0.2595,0.2555,0.256,403323.19
1791244800000,ENA/USD,0.2494,0.2531,0.2487,0.2498,12455609.92
1791244800000,ETH/USD,2709.99,2718.45,2709.99,2718.44,3621.7663
1791244800000,FET/USD,0.2546,0.2567,0.2531,0.2538,2104209.1
1791244800000,FIL/USD,1.1845,1.1888,1.1652,1.167,657315.51
1791244800000,FLOKI/USD,2.908e-05,2.913e-05,2.87e-05,2.889e-05,3628987475.0
1791244800000,HBAR/USD,0.1017,0.10206,0.10124,0.10155,4111179.0
1791244800000,ICP/USD,3.59,3.603,3.557,3.568,175721.86
1791244800000,LINK/USD,13.854,13.898,13.831,13.874,62709.09
1791244800000,LISTA/USD,0.0847,0.085,0.084,0.0841,51704.7
1791244800000,LTC/USD,70.11,70.12,69.69,69.85,8089.557
1791244800000,NEAR/USD,5.293,5.37,5.261,5.297,2100373.0
1791244800000,ONDO/USD,0.4995,0.501,0.4967,0.4992,1098747.9
1791244800000,PAXG/USD,4143.02,4158.75,4142.36,4158.75,185.308
1791244800000,PENDLE/USD,2.452,2.473,2.448,2.457,41385.6
1791244800000,PENGU/USD,0.009666,0.009684,0.009531,0.009551,63492785.0
1791244800000,PEPE/USD,4.38e-06,4.39e-06,4.36e-06,4.37e-06,137674105900.0
1791244800000,POL/USD,0.10911,0.10983,0.10883,0.1092,1415582.9
1791244800000,S/USD,0.04366,0.04403,0.04329,0.0434,2351367.7
1791244800000,SEI/USD,0.074,0.07448,0.07392,0.07424,3024799.8
1791244800000,SHIB/USD,5.88e-06,5.9e-06,5.87e-06,5.87e-06,13793559490.0
1791244800000,SOL/USD,120.79,121.09,120.77,121.04,37608.136
1791244800000,STO/USD,0.0414,0.0414,0.0412,0.0412,543270.2
1791244800000,SUI/USD,1.2138,1.2182,1.2039,1.2075,1926851.3
1791244800000,TAO/USD,305.9,307.0,304.1,304.8,2533.469
1791244800000,TRUMP/USD,2.057,2.06,2.042,2.044,179900.684
1791244800000,TRX/USD,0.3361,0.3366,0.3361,0.3362,1481565.5
1791244800000,TUT/USD,0.02464,0.02473,0.02445,0.02451,2657439.0
1791244800000,UNI/USD,9.083,9.109,9.02,9.044,167525.66
1791244800000,VIRTUAL/USD,0.8576,0.8712,0.8555,0.8566,400043.9
1791244800000,WIF/USD,0.251,0.2517,0.2494,0.2507,363384.45
1791244800000,WLD/USD,0.5751,0.5802,0.5716,0.5736,1835335.0
1791244800000,XLM/USD,0.2156,0.2166,0.2149,0.2162,1572705.0
1791244800000,XRP/USD,1.5076,1.5118,1.5057,1.5095,1326069.3
1791244800000,ZEC/USD,1337.56,1359.95,1333.93,1352.05,9838.629
1791244800000,ZEN/USD,7.094,7.132,7.083,7.099,30942.75
1791248400000,1000CHEEMS/USD,0.00055,0.000552,0.000547,0.000548,33638512.0
1791248400000,AAVE/USD,184.23,185.99,182.68,183.29,6766.053
1791248400000,ADA/USD,0.271,0.2722,0.2677,0.268,5379628.1
1791248400000,APT/USD,0.8356,0.8374,0.811,0.8182,1630944.9
1791248400000,ARB/USD,0.2057,0.2068,0.2041,0.205,2766857.1
1791248400000,AVAX/USD,11.187,11.3,11.118,11.164,324646.16
1791248400000,BNB/USD,785.8,786.83,782.0,783.1,6652.781
1791248400000,BONK/USD,3.83e-06,3.84e-06,3.77e-06,3.78e-06,65697749966.0
1791248400000,BTC/USD,85902.01,86130.45,85600.01,85668.92,452.9328
1791248400000,CAKE/USD,2.469,2.483,2.456,2.46,43206.52
1791248400000,CFX/USD,0.0545,0.05468,0.05427,0.05428,392007.0
1791248400000,CRV/USD,0.3723,0.3745,0.3663,0.3682,438920.2
1791248400000,DOGE/USD,0.09533,0.09559,0.09477,0.09495,15662445.0
1791248400000,DOT/USD,1.225,1.229,1.215,1.219,247879.97
1791248400000,EIGEN/USD,0.2562,0.2572,0.2546,0.2553,544581.42
1791248400000,ENA/USD,0.2499,0.2516,0.248,0.2487,4072207.17
1791248400000,ETH/USD,2718.45,2723.56,2706.78,2707.88,5275.6227
1791248400000,FET/USD,0.2539,0.2547,0.2504,0.2512,2180397.6
1791248400000,FIL/USD,1.167,1.1687,1.1514,1.1572,634588.04
1791248400000,FLOKI/USD,2.89e-05,2.902e-05,2.857e-05,2.859e-05,3097138861.0
1791248400000,HBAR/USD,0.10155,0.10181,0.10084,0.101,4273972.0
1791248400000,ICP/USD,3.568,3.577,3.521,3.535,141820.07
1791248400000,LINK/USD,13.875,13.928,13.789,13.814,79804.26
1791248400000,LISTA/USD,0.0842,0.0844,0.0833,0.0833,72255.3
1791248400000,LTC/USD,69.86,69.96,69.28,69.48,12456.588
1791248400000,NEAR/USD,5.297,5.341,5.225,5.338,1381407.5
1791248400000,ONDO/USD,0.4992,0.5016,0.4937,0.4974,1549426.9
1791248400000,PAXG/USD,4158.74,4159.84,4139.82,4140.16,188.8592
1791248400000,PENDLE/USD,2.457,2.475,2.452,2.467,87463.7
1791248400000,PENGU/USD,0.009552,0.009605,0.009476,0.009488,50498040.0
1791248400000,PEPE/USD,4.37e-06,4.39e-06,4.29e-06,4.3e-06,468067083536.0
1791248400000,POL/USD,0.10922,0.10961,0.10854,0.10883,1136678.9
1791248400000,S/USD,0.04348,0.04355,0.04278,0.04287,1742826.4
1791248400000,SEI/USD,0.07425,0.07473,0.07388,0.07454,3474616.3
1791248400000,SHIB/USD,5.88e-06,5.9e-06,5.83e-06,5.85e-06,18390560295.0
1791248400000,SOL/USD,121.04,121.28,120.5,120.66,40746.369
1791248400000,STO/USD,0.0413,0.042,0.0411,0.0412,1363440.3
1791248400000,SUI/USD,1.2075,1.2128,1.1948,1.1994,2149442.2
1791248400000,TAO/USD,304.9,306.5,302.9,304.5,2448.1318
1791248400000,TRUMP/USD,2.044,2.05,2.028,2.036,211331.691
1791248400000,TRX/USD,0.3362,0.3364,0.3361,0.3361,1182434.9
1791248400000,TUT/USD,0.02454,0.02456,0.02436,0.02443,2444812.0
1791248400000,UNI/USD,9.045,9.074,8.94,8.98,191257.08
1791248400000,VIRTUAL/USD,0.8565,0.8636,0.85,0.8553,312600.1
1791248400000,WIF/USD,0.2507,0.2521,0.2474,0.2477,979322.41
1791248400000,WLD/USD,0.5737,0.5777,0.5694,0.5725,1645066.2
1791248400000,XLM/USD,0.2162,0.2168,0.2147,0.2149,1332171.0
1791248400000,XRP/USD,1.5096,1.5141,1.5011,1.5018,2436018.7
1791248400000,ZEC/USD,1352.08,1360.4,1344.28,1350.2,4353.122
1791248400000,ZEN/USD,7.101,7.125,7.008,7.046,17662.5
1791252000000,1000CHEEMS/USD,0.000547,0.000548,0.000544,0.000545,23068999.0
1791252000000,AAVE/USD,183.28,183.62,182.16,182.79,3189.643
1791252000000,ADA/USD,0.268,0.2692,0.2664,0.2666,3776090.7
1791252000000,APT/USD,0.818,0.8182,0.81,0.812,1495057.52
1791252000000,ARB/USD,0.2049,0.2051,0.2036,0.2042,1036856.7
1791252000000,AVAX/USD,11.163,11.219,11.116,11.17,244278.31
1791252000000,BNB/USD,783.1,783.48,780.1,781.22,5443.251
1791252000000,BONK/USD,3.78e-06,3.79e-06,3.73e-06,3.74e-06,35329068723.0
1791252000000,BTC/USD,85668.92,85754.01,85454.67,85537.93,331.14617
1791252000000,CAKE/USD,2.46,2.462,2.45,2.45,32102.88
1791252000000,CFX/USD,0.05428,0.05434,0.05389,0.05389,380788.0
1791252000000,CRV/USD,0.3681,0.3681,0.3625,0.3643,908102.1
1791252000000,DOGE/USD,0.09495,0.09509,0.09452,0.0946,11818874.0
1791252000000,DOT/USD,1.219,1.224,1.212,1.215,228774.16
1791252000000,EIGEN/USD,0.2552,0.2552,0.251,0.2513,729181.84
1791252000000,ENA/USD,0.2487,0.2492,0.2459,0.2466,6633378.44
1791252000000,ETH/USD,2707.88,2710.5,2700.83,2702.14,4854.363
1791252000000,FET/USD,0.2512,0.2512,0.2484,0.2501,3214353.7
1791252000000,FIL/USD,1.1572,1.1588,1.1443,1.1516,1230945.14
1791252000000,FLOKI/USD,2.86e-05,2.87e-05,2.85e-05,2.855e-05,2358519378.0
1791252000000,HBAR/USD,0.10099,0.10107,0.10051,0.10091,3167722.0
1791252000000,ICP/USD,3.534,3.545,3.48,3.504,134258.07
1791252000000,LINK/USD,13.813,13.83,13.766,13.771,57696.02
1791252000000,LISTA/USD,0.0834,0.0836,0.0826,0.0828,124766.3
1791252000000,LTC/USD,69.48,69.66,69.22,69.51,7643.073
1791252000000,NEAR/USD,5.337,5.339,5.276,5.285,802368.7
1791252000000,ONDO/USD,0.4972,0.4972,0.4918,0.4921,1728233.2
1791252000000,PAXG/USD,4140.97,4148.07,4116.59,4139.37,236.4304
1791252000000,PENDLE/USD,2.467,2.467,2.439,2.442,22814.6
1791252000000,PENGU/USD,0.009489,0.009517,0.009414,0.009417,40384470.0
1791252000000,PEPE/USD,4.31e-06,4.31e-06,4.26e-06,4.29e-06,416405175324.0
1791252000000,POL/USD,0.10883,0.1095,0.10859,0.1091,1860813.7
1791252000000,S/USD,0.04282,0.04304,0.04266,0.04292,1053568.4
1791252000000,SEI/USD,0.07453,0.07472,0.07361,0.0742,4829953.3
1791252000000,SHIB/USD,5.84e-06,5.86e-06,5.82e-06,5.83e-06,27868339067.0
1791252000000,SOL/USD,120.66,120.8,120.16,120.2,39931.837
1791252000000,STO/USD,0.0412,0.0412,0.0409,0.0409,159053.4
1791252000000,SUI/USD,1.1994,1.201,1.1911,1.1939,1347547.8
1791252000000,TAO/USD,304.5,304.5,301.2,301.4,2732.4961
1791252000000,TRUMP/USD,2.036,2.037,2.026,2.029,108476.586
1791252000000,TRX/USD,0.3361,0.3364,0.3356,0.3357,4091917.9
1791252000000,TUT/USD,0.02445,0.02446,0.02422,0.0243,2461917.0
1791252000000,UNI/USD,8.977,9.017,8.921,8.941,198522.61
1791252000000,VIRTUAL/USD,0.8554,0.8606,0.85,0.8524,280226.5
1791252000000,WIF/USD,0.2476,0.248,0.2455,0.246,1094616.6
1791252000000,WLD/USD,0.5726,0.5756,0.5681,0.5707,1432578.1
1791252000000,XLM/USD,0.2149,0.2153,0.2142,0.2142,1331270.0
1791252000000,XRP/USD,1.5017,1.5028,1.4953,1.4969,2723598.8
1791252000000,ZEC/USD,1350.19,1350.2,1338.85,1342.26,5096.414
1791252000000,ZEN/USD,7.046,7.046,6.984,7.011,16584.7
1791255600000,1000CHEEMS/USD,0.000544,0.000546,0.000541,0.000542,22958914.0
1791255600000,AAVE/USD,182.79,183.31,181.56,181.83,2334.713
1791255600000,ADA/USD,0.2666,0.2676,0.2656,0.266,3436420.0
1791255600000,APT/USD,0.8122,0.8179,0.8113,0.8161,352613.96
1791255600000,ARB/USD,0.2042,0.2057,0.2032,0.2041,1951232.6
1791255600000,AVAX/USD,11.17,11.215,11.128,11.191,179101.27
1791255600000,BNB/USD,781.23,783.06,780.38,780.87,3679.845
1791255600000,BONK/USD,3.74e-06,3.75e-06,3.71e-06,3.71e-06,23620860275.0
1791255600000,BTC/USD,85537.94,85600.01,85323.28,85516.27,295.14289
1791255600000,CAKE/USD,2.451,2.452,2.44,2.441,69734.39
1791255600000,CFX/USD,0.05389,0.05422,0.05382,0.05413,886304.0
1791255600000,CRV/USD,0.3642,0.3655,0.3634,0.3636,248854.6
1791255600000,DOGE/USD,0.0946,0.09472,0.09427,0.09459,18343198.0
1791255600000,DOT/USD,1.214,1.228,1.214,1.223,216105.63
1791255600000,EIGEN/USD,0.2513,0.2523,0.2501,0.2513,535429.81
1791255600000,ENA/USD,0.2466,0.2474,0.2445,0.2457,3130595.01
1791255600000,ETH/USD,2702.14,2703.79,2693.0,2699.32,5327.7987
1791255600000,FET/USD,0.25,0.2511,0.2486,0.2502,1916443.7
1791255600000,FIL/USD,1.1516,1.1715,1.1495,1.1658,812112.53
1791255600000,FLOKI/USD,2.858e-05,2.866e-05,2.842e-05,2.845e-05,2063349221.0
1791255600000,HBAR/USD,0.10092,0.10121,0.10067,0.10093,3459233.0
1791255600000,ICP/USD,3.504,3.507,3.431,3.452,238653.12
1791255600000,LINK/USD,13.771,13.789,13.72,13.77,55165.27
1791255600000,LISTA/USD,0.083,0.083,0.0824,0.0826,25226.7
1791255600000,LTC/USD,69.51,69.61,69.07,69.37,10274.801
1791255600000,NEAR/USD,5.286,5.295,5.231,5.251,610658.4
1791255600000,ONDO/USD,0.4922,0.4925,0.4879,0.4898,932452.5
1791255600000,PAXG/USD,4140.15,4142.69,4134.42,4137.74,41.2226
1791255600000,PENDLE/USD,2.444,2.448,2.432,2.439,19563.5
1791255600000,PENGU/USD,0.009419,0.009438,0.009322,0.009393,74415475.0
1791255600000,PEPE/USD,4.29e-06,4.3e-06,4.26e-06,4.3e-06,122503082995.0
1791255600000,POL/USD,0.10911,0.10937,0.10863,0.10893,1999707.6
1791255600000,S/USD,0.04294,0.04324,0.04272,0.04286,695627.2
1791255600000,SEI/USD,0.07421,0.07442,0.07394,0.07409,3352151.6
1791255600000,SHIB/USD,5.82e-06,5.84e-06,5.8e-06,5.82e-06,25517567046.0
1791255600000,SOL/USD,120.21,120.32,119.72,120.03,39108.768
1791255600000,STO/USD,0.0408,0.0408,0.0404,0.0408,615248.5
1791255600000,SUI/USD,1.1939,1.197,1.1847,1.1888,1942702.9
1791255600000,TAO/USD,301.3,301.9,299.5,301.2,3355.4616
1791255600000,TRUMP/USD,2.029,2.033,1.996,2.003,1310808.19
1791255600000,TRX/USD,0.3357,0.336,0.3356,0.3357,1313058.8
1791255600000,TUT/USD,0.02431,0.02433,0.02417,0.02422,1334776.0
1791255600000,UNI/USD,8.94,8.955,8.865,8.869,262041.6
1791255600000,VIRTUAL/USD,0.8524,0.8548,0.8419,0.8447,402947.2
1791255600000,WIF/USD,0.2461,0.2467,0.2447,0.2453,216400.28
1791255600000,WLD/USD,0.5707,0.5716,0.5641,0.566,1391005.7
1791255600000,XLM/USD,0.2143,0.2147,0.2137,0.2141,1156307.0
1791255600000,XRP/USD,1.4969,1.4999,1.4937,1.4981,2428316.1
1791255600000,ZEC/USD,1342.27,1346.55,1333.97,1340.42,2721.877
1791255600000,ZEN/USD,7.011,7.045,6.963,6.981,15843.89
1791259200000,1000CHEEMS/USD,0.000542,0.000549,0.000542,0.000548,30909213.0
1791259200000,AAVE/USD,181.83,184.6,181.71,183.3,4314.599
1791259200000,ADA/USD,0.2661,0.2703,0.2659,0.2697,6363459.3
1791259200000,APT/USD,0.816,0.8173,0.8116,0.8133,240831.72
1791259200000,ARB/USD,0.2042,0.2047,0.2033,0.2034,1283144.7
1791259200000,AVAX/USD,11.192,11.354,11.192,11.249,319796.6
1791259200000,BNB/USD,780.87,782.27,780.74,781.34,2528.606
1791259200000,BONK/USD,3.72e-06,3.76e-06,3.71e-06,3.76e-06,25502164593.0
1791259200000,BTC/USD,85516.27,85636.01,85514.39,85624.01,258.50365
1791259200000,CAKE/USD,2.441,2.453,2.44,2.452,17800.76
1791259200000,CFX/USD,0.05413,0.05466,0.0541,0.05459,434561.0
1791259200000,CRV/USD,0.3638,0.3667,0.3633,0.3666,302631.7
1791259200000,DOGE/USD,0.09459,0.09487,0.09456,0.09481,8720769.0
1791259200000,DOT/USD,1.224,1.228,1.217,1.228,181412.44
1791259200000,EIGEN/USD,0.2514,0.2535,0.2513,0.253,259660.5
1791259200000,ENA/USD,0.2457,0.2462,0.244,0.244,3883936.03
1791259200000,ETH/USD,2699.33,2704.96,2698.4,2702.47,2877.125
1791259200000,FET/USD,0.2501,0.2547,0.2496,0.2524,4265622.4
1791259200000,FIL/USD,1.1656,1.18,1.1595,1.1779,876095.21
1791259200000,FLOKI/USD,2.847e-05,2.879e-05,2.847e-05,2.874e-05,2557024393.0
1791259200000,HBAR/USD,0.10092,0.10103,0.10058,0.10063,3408862.0
1791259200000,ICP/USD,3.452,3.507,3.448,3.497,129154.44
1791259200000,LINK/USD,13.77,13.836,13.77,13.825,40439.68
1791259200000,LISTA/USD,0.0826,0.0833,0.0826,0.0833,31920.0
1791259200000,LTC/USD,69.37,69.7,69.35,69.57,5764.06
1791259200000,NEAR/USD,5.252,5.268,5.217,5.233,478066.1
1791259200000,ONDO/USD,0.4898,0.492,0.4892,0.4899,1414296.8
1791259200000,PAXG/USD,4137.75,4139.55,4131.72,4132.75,70.0577
1791259200000,PENDLE/USD,2.44,2.454,2.433,2.438,19225.7
1791259200000,PENGU/USD,0.009394,0.009467,0.009388,0.009436,43118483.0
1791259200000,PEPE/USD,4.3e-06,4.32e-06,4.29e-06,4.32e-06,112498908076.0
1791259200000,POL/USD,0.10894,0.10945,0.10879,0.10919,785624.0
1791259200000,S/USD,0.04287,0.04292,0.04216,0.04234,1287068.3
1791259200000,SEI/USD,0.07409,0.07416,0.07348,0.07362,2594760.3
1791259200000,SHIB/USD,5.81e-06,5.85e-06,5.81e-06,5.83e-06,16845150573.0
1791259200000,SOL/USD,120.02,120.37,120.02,120.1,27351.709
1791259200000,STO/USD,0.0408,0.0411,0.0408,0.0411,130910.4
1791259200000,SUI/USD,1.1888,1.1981,1.1875,1.194,2541591.4
1791259200000,TAO/USD,301.3,303.8,301.2,302.0,1785.5575
1791259200000,TRUMP/USD,2.003,2.02,2.003,2.017,292357.118
1791259200000,TRX/USD,0.3356,0.3365,0.3356,0.3364,2853436.6
1791259200000,TUT/USD,0.02421,0.02454,0.02421,0.02452,1297158.0
1791259200000,UNI/USD,8.87,8.892,8.813,8.861,346636.21
1791259200000,VIRTUAL/USD,0.8447,0.8499,0.844,0.8465,108840.2
1791259200000,WIF/USD,0.2454,0.2478,0.2454,0.2469,517325.05
1791259200000,WLD/USD,0.566,0.5736,0.5653,0.569,1682356.0
1791259200000,XLM/USD,0.2142,0.2154,0.214,0.2151,918143.0
1791259200000,XRP/USD,1.4982,1.5016,1.4981,1.4993,1742944.2
1791259200000,ZEC/USD,1340.42,1346.96,1335.42,1338.5,2754.142
1791259200000,ZEN/USD,6.984,7.043,6.981,7.001,15132.23
1791262800000,1000CHEEMS/USD,0.000547,0.00055,0.000546,0.000547,24486404.0
1791262800000,AAVE/USD,183.29,183.44,181.11,181.78,4955.684
1791262800000,ADA/USD,0.2698,0.2725,0.2681,0.2685,8645237.3
1791262800000,APT/USD,0.8133,0.8223,0.8128,0.8175,501927.21
1791262800000,ARB/USD,0.2034,0.2043,0.2031,0.2032,1102059.0
1791262800000,AVAX/USD,11.248,11.371,11.236,11.285,261652.06
1791262800000,BNB/USD,781.33,783.06,780.62,780.88,4151.586
1791262800000,BONK/USD,3.76e-06,3.78e-06,3.75e-06,3.77e-06,20158068672.0
1791262800000,BTC/USD,85624.0,85749.11,85512.0,85518.35,243.68541
1791262800000,CAKE/USD,2.452,2.458,2.443,2.444,38282.65
1791262800000,CFX/USD,0.05462,0.05495,0.05457,0.05472,576928.0
1791262800000,CRV/USD,0.3662,0.3702,0.3662,0.3668,451835.6
1791262800000,DOGE/USD,0.09481,0.09509,0.09468,0.0947,9308971.0
1791262800000,DOT/USD,1.227,1.241,1.225,1.232,500204.61
1791262800000,EIGEN/USD,0.253,0.2543,0.2504,0.2508,548638.08
1791262800000,ENA/USD,0.2441,0.2456,0.2432,0.2437,4319413.83
1791262800000,ETH/USD,2702.46,2706.28,2699.35,2699.56,4100.2819
1791262800000,FET/USD,0.2523,0.2537,0.2506,0.2508,1743953.8
1791262800000,FIL/USD,1.1779,1.1973,1.1718,1.1877,1233711.94
1791262800000,FLOKI/USD,2.875e-05,2.89e-05,2.863e-05,2.869e-05,3212809569.0
1791262800000,HBAR/USD,0.10062,0.10089,0.10053,0.10053,2629733.0
1791262800000,ICP/USD,3.496,3.512,3.48,3.488,70587.87
1791262800000,LINK/USD,13.826,13.86,13.819,13.823,25107.51
1791262800000,LISTA/USD,0.0831,0.0833,0.0831,0.0832,10447.2
1791262800000,LTC/USD,69.57,69.74,69.48,69.63,5791.296
1791262800000,NEAR/USD,5.233,5.293,5.2,5.21,617921.4
1791262800000,ONDO/USD,0.49,0.4918,0.4887,0.4888,739402.1
1791262800000,PAXG/USD,4132.43,4136.77,4129.24,4131.13,42.0246
1791262800000,PENDLE/USD,2.438,2.449,2.438,2.439,12613.5
1791262800000,PENGU/USD,0.009436,0.009509,0.009424,0.009441,35618336.0
1791262800000,PEPE/USD,4.32e-06,4.34e-06,4.31e-06,4.31e-06,145518370830.0
1791262800000,POL/USD,0.10919,0.10978,0.10907,0.10907,722908.2
1791262800000,S/USD,0.04232,0.04527,0.04229,0.04437,9631717.5
1791262800000,SEI/USD,0.07361,0.07385,0.07332,0.07336,2037026.0
1791262800000,SHIB/USD,5.83e-06,5.87e-06,5.83e-06,5.84e-06,20141223211.0
1791262800000,SOL/USD,120.1,120.35,119.78,119.81,32510.748
1791262800000,STO/USD,0.0411,0.0413,0.0411,0.0413,173431.6
1791262800000,SUI/USD,1.1939,1.1979,1.1903,1.1907,1667504.7
1791262800000,TAO/USD,302.0,304.1,301.5,302.1,1929.7142
1791262800000,TRUMP/USD,2.016,2.024,2.016,2.019,127182.056
1791262800000,TRX/USD,0.3365,0.3366,0.3361,0.3363,2142456.7
1791262800000,TUT/USD,0.02451,0.02474,0.02448,0.02471,2926518.0
1791262800000,UNI/USD,8.862,8.892,8.841,8.844,134687.15
1791262800000,VIRTUAL/USD,0.8469,0.8496,0.8432,0.8441,178949.3
1791262800000,WIF/USD,0.2469,0.2486,0.2469,0.2477,407386.08
1791262800000,WLD/USD,0.5691,0.5704,0.5605,0.5617,1911862.3
1791262800000,XLM/USD,0.2152,0.2167,0.2149,0.2149,1319133.0
1791262800000,XRP/USD,1.4993,1.5095,1.4993,1.4998,2543689.2
1791262800000,ZEC/USD,1338.41,1345.49,1334.1,1334.1,2602.883
1791262800000,ZEN/USD,7.001,7.019,6.939,6.955,19564.77
1791266400000,1000CHEEMS/USD,0.000548,0.00055,0.000545,0.000549,31502950.0
1791266400000,AAVE/USD,181.77,181.81,180.18,181.73,3345.136
1791266400000,ADA/USD,0.2685,0.2708,0.2668,0.2701,7814015.2
1791266400000,APT/USD,0.8177,0.8248,0.8121,0.8199,519344.33
1791266400000,ARB/USD,0.2032,0.2033,0.2008,0.202,3191852.3
1791266400000,AVAX/USD,11.284,11.4,11.197,11.293,285831.36
1791266400000,BNB/USD,780.89,780.89,778.12,779.14,4689.768
1791266400000,BONK/USD,3.76e-06,3.77e-06,3.73e-06,3.76e-06,28206058669.0
1791266400000,BTC/USD,85518.36,85518.36,85136.11,85310.0,522.06206
1791266400000,CAKE/USD,2.442,2.448,2.433,2.436,48315.08
1791266400000,CFX/USD,0.05472,0.05482,0.05443,0.05466,372719.0
1791266400000,CRV/USD,0.3668,0.3668,0.3578,0.3623,1315826.3
1791266400000,DOGE/USD,0.09469,0.0947,0.09408,0.09439,14330362.0
1791266400000,DOT/USD,1.232,1.243,1.222,1.23,595594.34
1791266400000,EIGEN/USD,0.2508,0.2514,0.248,0.2504,659199.07
1791266400000,ENA/USD,0.2437,0.2437,0.2403,0.2424,8994811.9
1791266400000,ETH/USD,2699.57,2699.6,2690.4,2697.71,6012.9425
1791266400000,FET/USD,0.2508,0.2508,0.2458,0.2486,3950739.2
1791266400000,FIL/USD,1.1876,1.1977,1.1743,1.1929,1041418.65
1791266400000,FLOKI/USD,2.863e-05,2.894e-05,2.849e-05,2.881e-05,4261225234.0
1791266400000,HBAR/USD,0.10052,0.1006,0.10022,0.10037,4609442.0
1791266400000,ICP/USD,3.487,3.488,3.451,3.453,133412.44
1791266400000,LINK/USD,13.823,13.84,13.757,13.836,62262.63
1791266400000,LISTA/USD,0.0831,0.0836,0.0828,0.0836,47004.3
1791266400000,LTC/USD,69.62,69.76,69.29,69.53,14038.42
1791266400000,NEAR/USD,5.21,5.21,5.149,5.168,782214.9
1791266400000,ONDO/USD,0.4887,0.4896,0.4845,0.488,1740531.6
1791266400000,PAXG/USD,4131.13,4144.57,4125.97,4141.38,136.3164
1791266400000,PENDLE/USD,2.439,2.439,2.418,2.43,20973.8
1791266400000,PENGU/USD,0.00944,0.009478,0.00937,0.00945,49915291.0
1791266400000,PEPE/USD,4.32e-06,4.32e-06,4.28e-06,4.31e-06,179948236844.0
1791266400000,POL/USD,0.10906,0.10936,0.10801,0.10903,1319584.7
1791266400000,S/USD,0.04435,0.04449,0.04391,0.04399,2879384.9
1791266400000,SEI/USD,0.07335,0.07393,0.073,0.07378,4418053.5
1791266400000,SHIB/USD,5.85e-06,5.86e-06,5.81e-06,5.85e-06,17875728561.0
1791266400000,SOL/USD,119.82,119.91,119.22,119.81,60288.556
1791266400000,STO/USD,0.0413,0.0418,0.0413,0.0416,579185.2
1791266400000,SUI/USD,1.1906,1.1936,1.1817,1.1891,1983603.5
1791266400000,TAO/USD,302.1,302.1,297.9,301.0,6099.8765
1791266400000,TRUMP/USD,2.019,2.019,2.003,2.013,330531.239
1791266400000,TRX/USD,0.3362,0.3366,0.3361,0.3366,2921997.7
1791266400000,TUT/USD,0.0247,0.02484,0.02451,0.02479,2765590.0
1791266400000,UNI/USD,8.843,8.848,8.752,8.837,436289.05
1791266400000,VIRTUAL/USD,0.844,0.8446,0.8361,0.8422,296907.0
1791266400000,WIF/USD,0.2477,0.2484,0.246,0.2471,332152.51
1791266400000,WLD/USD,0.5617,0.5631,0.5556,0.5607,1967586.9
1791266400000,XLM/USD,0.2149,0.2155,0.214,0.2147,1440126.0
1791266400000,XRP/USD,1.4998,1.4998,1.4907,1.4975,4110514.6
1791266400000,ZEC/USD,1334.1,1334.14,1314.85,1323.07,5937.104
1791266400000,ZEN/USD,6.953,6.953,6.888,6.92,21835.57
1791270000000,1000CHEEMS/USD,0.00055,0.000553,0.000548,0.000551,30656664.0
1791270000000,AAVE/USD,181.73,181.74,180.81,181.2,2450.585
1791270000000,ADA/USD,0.2701,0.2743,0.2683,0.2734,12193363.3
1791270000000,APT/USD,0.82,0.8291,0.8162,0.8269,345794.93
1791270000000,ARB/USD,0.202,0.2031,0.2009,0.2029,1542687.1
1791270000000,AVAX/USD,11.292,11.377,11.205,11.341,213786.03
1791270000000,BNB/USD,779.14,780.52,778.06,779.72,2821.153
1791270000000,BONK/USD,3.76e-06,3.78e-06,3.74e-06,3.77e-06,41863086579.0
1791270000000,BTC/USD,85310.0,85636.32,85280.0,85555.0,850.06811
1791270000000,CAKE/USD,2.436,2.44,2.428,2.437,29207.93
1791270000000,CFX/USD,0.0547,0.05492,0.0546,0.05482,532489.0
1791270000000,CRV/USD,0.3622,0.367,0.3619,0.3663,294493.5
1791270000000,DOGE/USD,0.09439,0.09475,0.09427,0.09468,14150637.0
1791270000000,DOT/USD,1.231,1.241,1.218,1.237,545630.71
1791270000000,EIGEN/USD,0.2503,0.2528,0.2494,0.2523,269179.57
1791270000000,ENA/USD,0.2425,0.2455,0.2413,0.2453,4656441.51
1791270000000,ETH/USD,2697.71,2710.0,2695.48,2707.69,9940.2262
1791270000000,FET/USD,0.2487,0.2528,0.2482,0.2523,1686766.4
1791270000000,FIL/USD,1.1932,1.208,1.1897,1.2044,999604.44
1791270000000,FLOKI/USD,2.881e-05,2.898e-05,2.87e-05,2.889e-05,1671838579.0
1791270000000,HBAR/USD,0.10036,0.10042,0.09989,0.10031,5526189.0
1791270000000,ICP/USD,3.455,3.482,3.433,3.468,102936.57
1791270000000,LINK/USD,13.835,13.96,13.808,13.941,45739.42
1791270000000,LISTA/USD,0.0835,0.0843,0.0834,0.0841,60645.6
1791270000000,LTC/USD,69.53,69.63,69.3,69.51,6485.925
1791270000000,NEAR/USD,5.168,5.306,5.141,5.298,764959.6
1791270000000,ONDO/USD,0.488,0.4923,0.4858,0.4917,1100432.6
1791270000000,PAXG/USD,4141.37,4151.01,4138.57,4148.16,100.8866
1791270000000,PENDLE/USD,2.429,2.444,2.421,2.441,32898.7
1791270000000,PENGU/USD,0.009451,0.009515,0.009429,0.009497,35497342.0
1791270000000,PEPE/USD,4.3e-06,4.34e-06,4.3e-06,4.33e-06,115166581958.0
1791270000000,POL/USD,0.10903,0.10965,0.10887,0.1095,1201484.4
1791270000000,S/USD,0.04403,0.04435,0.04371,0.04394,2470618.5
1791270000000,SEI/USD,0.07378,0.0743,0.07327,0.0742,2399693.4
1791270000000,SHIB/USD,5.84e-06,5.87e-06,5.82e-06,5.86e-06,29672747072.0
1791270000000,SOL/USD,119.82,120.31,119.72,120.21,40006.932
1791270000000,STO/USD,0.0415,0.0418,0.0414,0.0416,318378.6
1791270000000,SUI/USD,1.1892,1.1952,1.1856,1.1937,1540283.8
1791270000000,TAO/USD,301.1,304.2,300.5,304.0,1754.8301
1791270000000,TRUMP/USD,2.014,2.018,2.002,2.017,195289.829
1791270000000,TRX/USD,0.3365,0.3371,0.3365,0.3367,5361084.1
1791270000000,TUT/USD,0.02479,0.02505,0.02459,0.02483,5872802.0
1791270000000,UNI/USD,8.837,8.858,8.793,8.846,156943.94
1791270000000,VIRTUAL/USD,0.8421,0.8457,0.838,0.8444,406803.7
1791270000000,WIF/USD,0.2471,0.2496,0.2466,0.2493,236887.95
1791270000000,WLD/USD,0.5606,0.5643,0.5565,0.5637,1141107.4
1791270000000,XLM/USD,0.2147,0.2151,0.2143,0.215,850810.0
1791270000000,XRP/USD,1.4976,1.5017,1.495,1.5002,2344527.9
1791270000000,ZEC/USD,1323.07,1336.75,1321.56,1335.6,3568.898
1791270000000,ZEN/USD,6.92,6.951,6.891,6.948,21812.22
1791273600000,1000CHEEMS/USD,0.000552,0.000553,0.00055,0.000552,28593175.0
1791273600000,AAVE/USD,181.22,181.31,179.83,180.17,4288.355
1791273600000,ADA/USD,0.2734,0.2743,0.2721,0.2742,7112052.6
1791273600000,APT/USD,0.827,0.8324,0.8237,0.8248,267267.26
1791273600000,ARB/USD,0.2028,0.2039,0.2026,0.2027,1458236.3
1791273600000,AVAX/USD,11.341,11.411,11.274,11.32,201281.48
1791273600000,BNB/USD,779.71,783.06,779.61,783.05,3267.427
1791273600000,BONK/USD,3.77e-06,3.8e-06,3.76e-06,3.77e-06,21878897138.0
1791273600000,BTC/USD,85555.01,86068.01,85550.0,86026.89,592.31543
1791273600000,CAKE/USD,2.436,2.456,2.435,2.456,44382.95
1791273600000,CFX/USD,0.05484,0.05492,0.05466,0.05466,155510.0
1791273600000,CRV/USD,0.3664,0.3667,0.3647,0.3652,158147.3
1791273600000,DOGE/USD,0.09468,0.09499,0.09466,0.09493,13848701.0
1791273600000,DOT/USD,1.238,1.248,1.229,1.229,416927.41
1791273600000,EIGEN/USD,0.2523,0.2529,0.2518,0.2522,237635.47
1791273600000,ENA/USD,0.2452,0.2466,0.2425,0.2428,8827440.58
1791273600000,ETH/USD,2707.69,2716.85,2707.69,2716.85,12089.0421
1791273600000,FET/USD,0.2522,0.2547,0.2509,0.2517,3327797.3
1791273600000,FIL/USD,1.204,1.211,1.188,1.1897,1024988.21
1791273600000,FLOKI/USD,2.889e-05,2.904e-05,2.886e-05,2.895e-05,5495882343.0
1791273600000,HBAR/USD,0.10031,0.10097,0.10031,0.10087,3834259.0
1791273600000,ICP/USD,3.469,3.478,3.446,3.449,75550.71
1791273600000,LINK/USD,13.941,14.004,13.934,13.979,55786.27
1791273600000,LISTA/USD,0.0842,0.0842,0.0839,0.0841,39331.4
1791273600000,LTC/USD,69.51,69.92,69.51,69.79,5541.841
1791273600000,NEAR/USD,5.297,5.337,5.279,5.311,976428.8
1791273600000,ONDO/USD,0.4916,0.4952,0.491,0.4933,1374114.0
1791273600000,PAXG/USD,4148.16,4161.73,4146.42,4161.46,104.7405
1791273600000,PENDLE/USD,2.442,2.452,2.441,2.452,22357.9
1791273600000,PENGU/USD,0.009496,0.009535,0.009492,0.009519,42000457.0
1791273600000,PEPE/USD,4.34e-06,4.35e-06,4.32e-06,4.35e-06,151911713770.0
1791273600000,POL/USD,0.10949,0.11029,0.10949,0.10978,1549702.2
1791273600000,S/USD,0.04393,0.04476,0.04388,0.04422,3258846.5
1791273600000,SEI/USD,0.07419,0.07481,0.07394,0.07395,3549496.4
1791273600000,SHIB/USD,5.86e-06,5.87e-06,5.85e-06,5.86e-06,11416728520.0
1791273600000,SOL/USD,120.2,120.81,120.19,120.51,57633.556
1791273600000,STO/USD,0.0417,0.0418,0.0416,0.0417,169980.8
1791273600000,SUI/USD,1.1937,1.2067,1.1924,1.2027,2253724.5
1791273600000,TAO/USD,303.9,305.3,303.5,304.4,3294.1038
1791273600000,TRUMP/USD,2.017,2.024,2.016,2.019,147331.511
1791273600000,TRX/USD,0.3367,0.3368,0.3365,0.3365,1583916.5
1791273600000,TUT/USD,0.02484,0.02538,0.02478,0.02517,7463632.0
1791273600000,UNI/USD,8.846,8.887,8.846,8.868,194709.34
1791273600000,VIRTUAL/USD,0.8446,0.8526,0.8446,0.8468,246033.3
1791273600000,WIF/USD,0.2494,0.2497,0.2484,0.2489,279641.48
1791273600000,WLD/USD,0.5636,0.5657,0.5622,0.5629,1458306.2
1791273600000,XLM/USD,0.2151,0.2163,0.2151,0.2158,1390004.0
1791273600000,XRP/USD,1.5002,1.5064,1.5,1.5036,2785199.1
1791273600000,ZEC/USD,1335.5,1353.63,1335.16,1350.3,5601.383
1791273600000,ZEN/USD,6.947,7.018,6.947,7.014,14484.04
1791277200000,1000CHEEMS/USD,0.000552,0.000553,0.000548,0.000552,32405477.0
1791277200000,AAVE/USD,180.16,180.61,179.02,180.2,3449.904
1791277200000,ADA/USD,0.2741,0.2824,0.2739,0.2767,36505937.8
1791277200000,APT/USD,0.8247,0.8302,0.815,0.8266,384343.88
1791277200000,ARB/USD,0.2027,0.203,0.1986,0.2014,4777351.6
1791277200000,AVAX/USD,11.32,11.398,11.24,11.293,166538.13
1791277200000,BNB/USD,783.06,784.53,781.07,783.18,3917.555
1791277200000,BONK/USD,3.77e-06,3.79e-06,3.74e-06,3.77e-06,28570711572.0
1791277200000,BTC/USD,86026.89,86229.42,85658.62,85992.01,734.42688
1791277200000,CAKE/USD,2.455,2.467,2.449,2.46,89408.33
1791277200000,CFX/USD,0.05468,0.05475,0.05421,0.05456,974320.0
1791277200000,CRV/USD,0.3651,0.3656,0.3617,0.3641,242933.8
1791277200000,DOGE/USD,0.09493,0.09529,0.09436,0.09497,17063447.0
1791277200000,DOT/USD,1.229,1.234,1.215,1.228,446102.81
1791277200000,EIGEN/USD,0.2522,0.2533,0.25,0.2523,295809.13
1791277200000,ENA/USD,0.2428,0.2436,0.2381,0.2406,12876094.17
1791277200000,ETH/USD,2716.85,2719.0,2694.26,2710.75,16622.819
1791277200000,FET/USD,0.2516,0.252,0.2476,0.2501,3322495.6
1791277200000,FIL/USD,1.1896,1.1913,1.16,1.1697,977924.28
1791277200000,FLOKI/USD,2.895e-05,2.908e-05,2.869e-05,2.888e-05,4448294178.0
1791277200000,HBAR/USD,0.10087,0.10117,0.10021,0.10071,5562191.0
1791277200000,ICP/USD,3.449,3.461,3.407,3.452,144453.53
1791277200000,LINK/USD,13.98,14.015,13.885,13.962,40968.64
1791277200000,LISTA/USD,0.0841,0.0842,0.0835,0.0842,35696.8
1791277200000,LTC/USD,69.78,70.53,69.76,70.47,14981.671
1791277200000,NEAR/USD,5.31,5.335,5.186,5.261,988409.7
1791277200000,ONDO/USD,0.4933,0.4981,0.4884,0.497,1661369.2
1791277200000,PAXG/USD,4161.46,4164.0,4157.01,4159.82,113.8083
1791277200000,PENDLE/USD,2.45,2.46,2.429,2.442,39898.2
1791277200000,PENGU/USD,0.00952,0.009582,0.009412,0.009511,30135966.0
1791277200000,PEPE/USD,4.35e-06,4.36e-06,4.3e-06,4.34e-06,230314285221.0
1791277200000,POL/USD,0.10978,0.10999,0.1086,0.10952,1877339.2
1791277200000,S/USD,0.04422,0.04424,0.04344,0.0439,3657660.7
1791277200000,SEI/USD,0.07395,0.0742,0.07314,0.07374,2265928.8
1791277200000,SHIB/USD,5.86e-06,5.89e-06,5.82e-06,5.85e-06,56539380328.0
1791277200000,SOL/USD,120.51,120.65,118.88,119.57,163757.971
1791277200000,STO/USD,0.0418,0.0418,0.0412,0.0415,1256640.2
1791277200000,SUI/USD,1.2027,1.205,1.1841,1.1928,2571893.9
1791277200000,TAO/USD,304.4,305.3,300.7,303.4,4174.8629
1791277200000,TRUMP/USD,2.019,2.024,2.003,2.016,275957.018
1791277200000,TRX/USD,0.3365,0.3367,0.3364,0.3365,2496090.1
1791277200000,TUT/USD,0.02519,0.02584,0.02505,0.02535,14435694.0
1791277200000,UNI/USD,8.869,8.889,8.8,8.867,199773.5
1791277200000,VIRTUAL/USD,0.847,0.8492,0.8384,0.8411,388755.1
1791277200000,WIF/USD,0.2489,0.2519,0.248,0.2496,738609.64
1791277200000,WLD/USD,0.5629,0.5658,0.5544,0.5624,2649047.3
1791277200000,XLM/USD,0.2159,0.2168,0.2146,0.2156,3026704.0
1791277200000,XRP/USD,1.5036,1.5108,1.4962,1.5035,5439264.1
1791277200000,ZEC/USD,1350.3,1377.3,1332.92,1349.7,10581.461
1791277200000,ZEN/USD,7.016,7.117,6.985,7.08,27706.9
1791280800000,1000CHEEMS/USD,0.000551,0.000555,0.00055,0.000554,21513510.0
1791280800000,AAVE/USD,180.16,181.4,180.11,181.17,1785.95
1791280800000,ADA/USD,0.2766,0.2795,0.2758,0.2764,8295898.5
1791280800000,APT/USD,0.8265,0.8338,0.8227,0.8282,333857.71
1791280800000,ARB/USD,0.2013,0.2031,0.201,0.2026,1516723.1
1791280800000,AVAX/USD,11.292,11.387,11.275,11.329,168603.39
1791280800000,BNB/USD,783.17,785.0,782.53,783.85,2851.955
1791280800000,BONK/USD,3.77e-06,3.82e-06,3.76e-06,3.8e-06,20919127993.0
1791280800000,BTC/USD,85992.0,86265.09,85956.46,86157.15,520.78887
1791280800000,CAKE/USD,2.46,2.467,2.457,2.457,18092.24
1791280800000,CFX/USD,0.05456,0.05509,0.05456,0.05497,511598.0
1791280800000,CRV/USD,0.3641,0.3679,0.3636,0.3666,185949.3
1791280800000,DOGE/USD,0.09497,0.09549,0.09491,0.09541,21962905.0
1791280800000,DOT/USD,1.228,1.24,1.226,1.234,185810.7
1791280800000,EIGEN/USD,0.2525,0.2554,0.252,0.2545,416277.79
1791280800000,ENA/USD,0.2405,0.2422,0.2391,0.2406,5925726.64
1791280800000,ETH/USD,2710.74,2717.6,2708.99,2713.94,5563.4067
1791280800000,FET/USD,0.25,0.2522,0.2486,0.2501,3478509.9
1791280800000,FIL/USD,1.1694,1.1824,1.1678,1.1726,344698.07
1791280800000,FLOKI/USD,2.888e-05,2.908e-05,2.884e-05,2.908e-05,2001603000.0
1791280800000,HBAR/USD,0.1007,0.10129,0.10068,0.1009,5826523.0
1791280800000,ICP/USD,3.452,3.469,3.44,3.441,76749.3
1791280800000,LINK/USD,13.961,14.073,13.957,14.022,34698.53
1791280800000,LISTA/USD,0.0842,0.0848,0.0842,0.0847,23127.9
1791280800000,LTC/USD,70.46,70.54,70.21,70.43,14395.398
1791280800000,NEAR/USD,5.261,5.297,5.232,5.236,443300.3
1791280800000,ONDO/USD,0.4969,0.5026,0.4968,0.4996,2165896.4
1791280800000,PAXG/USD,4159.83,4166.32,4156.29,4164.79,62.5666
1791280800000,PENDLE/USD,2.442,2.466,2.44,2.456,26186.8
1791280800000,PENGU/USD,0.00951,0.009632,0.009498,0.009594,31830824.0
1791280800000,PEPE/USD,4.34e-06,4.37e-06,4.33e-06,4.34e-06,130029141631.0
1791280800000,POL/USD,0.10953,0.11094,0.10947,0.11085,1314182.2
1791280800000,S/USD,0.04387,0.04482,0.04384,0.04431,3061859.6
1791280800000,SEI/USD,0.07373,0.0742,0.07363,0.07366,2092878.7
1791280800000,SHIB/USD,5.86e-06,5.9e-06,5.85e-06,5.9e-06,17155411561.0
1791280800000,SOL/USD,119.57,120.6,119.49,120.25,97068.615
1791280800000,STO/USD,0.0415,0.0419,0.0415,0.0418,579752.5
1791280800000,SUI/USD,1.1928,1.203,1.1907,1.1971,1774085.2
1791280800000,TAO/USD,303.4,306.1,303.2,304.0,2991.0601
1791280800000,TRUMP/USD,2.016,2.033,2.014,2.032,240825.541
1791280800000,TRX/USD,0.3366,0.3366,0.3355,0.3355,7049085.3
1791280800000,TUT/USD,0.02535,0.02554,0.02511,0.02533,5259582.0
1791280800000,UNI/USD,8.865,8.93,8.86,8.877,151105.92
1791280800000,VIRTUAL/USD,0.841,0.851,0.8396,0.8491,321971.3
1791280800000,WIF/USD,0.2496,0.2522,0.249,0.2514,865236.35
1791280800000,WLD/USD,0.5623,0.5683,0.5605,0.5649,1110046.1
1791280800000,XLM/USD,0.2155,0.2163,0.2151,0.2162,2690306.0
1791280800000,XRP/USD,1.5034,1.5104,1.5028,1.508,3173089.3
1791280800000,ZEC/USD,1349.69,1374.25,1347.5,1363.2,8592.427
1791280800000,ZEN/USD,7.079,7.154,7.067,7.138,26134.02
1791284400000,1000CHEEMS/USD,0.000553,0.000554,0.000552,0.000553,19131254.0
1791284400000,AAVE/USD,181.18,182.89,180.6,182.89,2665.509
1791284400000,ADA/USD,0.2764,0.2801,0.2762,0.2792,13974919.9
1791284400000,APT/USD,0.8283,0.8298,0.8239,0.8287,381207.04
1791284400000,ARB/USD,0.2025,0.2026,0.201,0.2015,1603501.2
1791284400000,AVAX/USD,11.33,11.49,11.328,11.435,383336.25
1791284400000,BNB/USD,783.85,784.45,782.95,783.71,3682.988
1791284400000,BONK/USD,3.8e-06,3.8e-06,3.78e-06,3.78e-06,32573768545.0
1791284400000,BTC/USD,86157.15,86378.24,86070.01,86242.01,527.5608
1791284400000,CAKE/USD,2.458,2.461,2.448,2.461,25405.43
1791284400000,CFX/USD,0.05495,0.05546,0.05488,0.05531,1360247.0
1791284400000,CRV/USD,0.3665,0.3684,0.3658,0.3677,176686.6
1791284400000,DOGE/USD,0.09542,0.09582,0.09528,0.09576,28493014.0
1791284400000,DOT/USD,1.234,1.24,1.229,1.236,144901.14
1791284400000,EIGEN/USD,0.2544,0.2553,0.2527,0.2548,608034.39
1791284400000,ENA/USD,0.2406,0.2416,0.2394,0.2407,4540130.87
1791284400000,ETH/USD,2713.93,2717.88,2709.5,2714.09,5738.7753
1791284400000,FET/USD,0.2502,0.2506,0.2486,0.2497,2703765.2
1791284400000,FIL/USD,1.1725,1.1757,1.1663,1.1696,229122.3
1791284400000,FLOKI/USD,2.909e-05,2.951e-05,2.9e-05,2.932e-05,5644327887.0
1791284400000,HBAR/USD,0.1009,0.10167,0.10079,0.10146,6933141.0
1791284400000,ICP/USD,3.44,3.468,3.439,3.464,49492.46
1791284400000,LINK/USD,14.023,14.095,14.022,14.064,47764.01
1791284400000,LISTA/USD,0.0847,0.085,0.0847,0.0849,32938.0
1791284400000,LTC/USD,70.44,70.62,70.35,70.44,8955.136
1791284400000,NEAR/USD,5.236,5.278,5.225,5.252,431726.4
1791284400000,ONDO/USD,0.4996,0.5049,0.4974,0.5008,2304027.3
1791284400000,PAXG/USD,4164.79,4180.13,4162.24,4179.51,247.9678
1791284400000,PENDLE/USD,2.457,2.476,2.45,2.472,67391.0
1791284400000,PENGU/USD,0.009596,0.009621,0.009528,0.009601,38987769.0
1791284400000,PEPE/USD,4.35e-06,4.38e-06,4.34e-06,4.36e-06,296873445379.0
1791284400000,POL/USD,0.11086,0.11099,0.11023,0.11084,2029935.2
1791284400000,S/USD,0.04431,0.04437,0.04396,0.0442,1744311.8
1791284400000,SEI/USD,0.07366,0.07394,0.07342,0.07387,1619919.3
1791284400000,SHIB/USD,5.89e-06,5.92e-06,5.89e-06,5.91e-06,15859956416.0
1791284400000,SOL/USD,120.25,120.44,119.95,120.33,60647.568
1791284400000,STO/USD,0.0419,0.0421,0.0419,0.042,289545.8
1791284400000,SUI/USD,1.197,1.2057,1.1937,1.2048,2570118.9
1791284400000,TAO/USD,304.1,304.9,303.0,304.0,2211.2337
1791284400000,TRUMP/USD,2.032,2.033,2.021,2.026,149071.478
1791284400000,TRX/USD,0.3355,0.3357,0.3353,0.3356,3442999.0
1791284400000,TUT/USD,0.02531,0.02534,0.02498,0.02502,3392360.0
1791284400000,UNI/USD,8.878,8.913,8.84,8.904,160317.21
1791284400000,VIRTUAL/USD,0.8494,0.8549,0.8481,0.853,288833.1
1791284400000,WIF/USD,0.2515,0.2539,0.2512,0.253,325129.04
1791284400000,WLD/USD,0.5649,0.5668,0.5596,0.5668,1810350.9
1791284400000,XLM/USD,0.2162,0.2169,0.2155,0.2167,2798221.0
1791284400000,XRP/USD,1.5079,1.5149,1.5056,1.5129,4967483.5
1791284400000,ZEC/USD,1363.3,1375.8,1357.97,1373.09,4747.046
1791284400000,ZEN/USD,7.138,7.173,7.111,7.163,17071.9
1791288000000,1000CHEEMS/USD,0.000552,0.000553,0.000548,0.000549,32540112.0
1791288000000,AAVE/USD,182.9,185.2,181.85,184.8,6824.803
1791288000000,ADA/USD,0.2793,0.2799,0.277,0.2773,8187029.9
1791288000000,APT/USD,0.8289,0.8301,0.8222,0.824,359092.6
1791288000000,ARB/USD,0.2015,0.2018,0.2004,0.2008,1209908.5
1791288000000,AVAX/USD,11.436,11.691,11.436,11.519,522990.82
1791288000000,BNB/USD,783.71,786.32,783.6,785.85,4540.78
1791288000000,BONK/USD,3.78e-06,3.8e-06,3.77e-06,3.79e-06,22369204492.0
1791288000000,BTC/USD,86242.01,86408.72,86120.12,86214.01,462.38378
1791288000000,CAKE/USD,2.462,2.471,2.456,2.468,45666.49
1791288000000,CFX/USD,0.05528,0.05555,0.05511,0.05537,1042996.0
1791288000000,CRV/USD,0.3678,0.3678,0.3651,0.3655,105456.3
1791288000000,DOGE/USD,0.09576,0.09582,0.09536,0.09555,20035663.0
1791288000000,DOT/USD,1.237,1.238,1.215,1.215,332267.15
1791288000000,EIGEN/USD,0.2548,0.258,0.2542,0.256,954178.2
1791288000000,ENA/USD,0.2408,0.2425,0.2399,0.2407,7001189.48
1791288000000,ETH/USD,2714.09,2718.49,2707.17,2715.73,5062.015
1791288000000,FET/USD,0.2497,0.2503,0.2472,0.2494,3007758.6
1791288000000,FIL/USD,1.1696,1.17,1.1514,1.156,562388.89
1791288000000,FLOKI/USD,2.931e-05,2.931e-05,2.897e-05,2.918e-05,8684827992.0
1791288000000,HBAR/USD,0.10148,0.1017,0.1005,0.10092,6767878.0
1791288000000,ICP/USD,3.464,3.464,3.434,3.444,81471.08
1791288000000,LINK/USD,14.064,14.075,13.972,14.016,66198.02
1791288000000,LISTA/USD,0.0849,0.0849,0.0843,0.0845,63914.4
1791288000000,LTC/USD,70.44,70.5,70.03,70.03,9755.442
1791288000000,NEAR/USD,5.252,5.257,5.155,5.168,906849.3
1791288000000,ONDO/USD,0.5009,0.5009,0.4959,0.4982,1355570.7
1791288000000,PAXG/USD,4179.51,4184.91,4171.35,4176.26,421.9572
1791288000000,PENDLE/USD,2.473,2.485,2.46,2.477,34134.6
1791288000000,PENGU/USD,0.009601,0.009611,0.009519,0.009554,36247556.0
1791288000000,PEPE/USD,4.36e-06,4.38e-06,4.32e-06,4.36e-06,358025942289.0
1791288000000,POL/USD,0.11085,0.11105,0.10825,0.10877,4430946.7
1791288000000,S/USD,0.04421,0.04427,0.04383,0.04397,1283408.9
1791288000000,SEI/USD,0.07388,0.07411,0.07327,0.0734,1818901.5
1791288000000,SHIB/USD,5.91e-06,5.92e-06,5.86e-06,5.88e-06,28584438990.0
1791288000000,SOL/USD,120.33,120.64,120.06,120.41,42194.869
1791288000000,STO/USD,0.0419,0.0419,0.0414,0.0415,653537.9
1791288000000,SUI/USD,1.2049,1.2066,1.1928,1.1939,2064991.7
1791288000000,TAO/USD,304.1,304.2,302.0,302.7,2683.6089
1791288000000,TRUMP/USD,2.026,2.033,2.018,2.024,156118.508
1791288000000,TRX/USD,0.3355,0.3356,0.3352,0.3355,2607525.6
1791288000000,TUT/USD,0.02503,0.02536,0.02502,0.02529,3200141.0
1791288000000,UNI/USD,8.904,8.908,8.834,8.896,185741.93
1791288000000,VIRTUAL/USD,0.8531,0.8543,0.8455,0.8476,246498.9
1791288000000,WIF/USD,0.253,0.2535,0.2505,0.2513,305486.33
1791288000000,WLD/USD,0.5667,0.5679,0.5623,0.5657,1573763.0
1791288000000,XLM/USD,0.2167,0.2169,0.2153,0.2157,1987744.0
1791288000000,XRP/USD,1.513,1.5148,1.5078,1.512,3324635.3
1791288000000,ZEC/USD,1372.94,1380.88,1364.05,1370.0,7641.694
1791288000000,ZEN/USD,7.163,7.187,7.135,7.169,22103.49
1791291600000,1000CHEEMS/USD,0.000549,0.00055,0.000547,0.000549,22470603.0
1791291600000,AAVE/USD,184.76,184.86,181.71,181.94,3929.194
1791291600000,ADA/USD,0.2772,0.2773,0.2745,0.2752,14616204.2
1791291600000,APT/USD,0.8238,0.8311,0.8215,0.8227,460804.05
1791291600000,ARB/USD,0.2007,0.2024,0.2,0.2005,2376527.9
1791291600000,AVAX/USD,11.519,11.519,11.382,11.429,225078.58
1791291600000,BNB/USD,785.85,786.24,783.8,784.86,3688.538
1791291600000,BONK/USD,3.78e-06,3.8e-06,3.76e-06,3.77e-06,17143822143.0
1791291600000,BTC/USD,86214.0,86488.0,85977.9,86324.01,726.98748
1791291600000,CAKE/USD,2.468,2.471,2.451,2.456,46228.05
1791291600000,CFX/USD,0.05535,0.05551,0.05518,0.05527,887422.0
1791291600000,CRV/USD,0.3654,0.3668,0.3631,0.3645,342617.4
1791291600000,DOGE/USD,0.09554,0.09625,0.09523,0.09606,34567077.0
1791291600000,DOT/USD,1.215,1.217,1.207,1.21,604986.33
1791291600000,EIGEN/USD,0.2559,0.2566,0.2531,0.2531,446008.35
1791291600000,ENA/USD,0.2406,0.2416,0.2384,0.2389,5396451.5
1791291600000,ETH/USD,2715.72,2720.0,2709.21,2714.79,9902.9017
1791291600000,FET/USD,0.2494,0.2495,0.2464,0.2474,4364665.7
1791291600000,FIL/USD,1.1561,1.1618,1.148,1.1506,434935.56
1791291600000,FLOKI/USD,2.918e-05,2.924e-05,2.902e-05,2.904e-05,2297763709.0
1791291600000,HBAR/USD,0.10091,0.10114,0.10056,0.10068,7102498.0
1791291600000,ICP/USD,3.443,3.468,3.43,3.467,147748.65
1791291600000,LINK/USD,14.015,14.06,13.966,14.004,48137.08
1791291600000,LISTA/USD,0.0844,0.0846,0.0841,0.0841,21807.8
1791291600000,LTC/USD,70.02,70.08,69.71,69.81,13628.98
1791291600000,NEAR/USD,5.167,5.193,5.14,5.145,1003361.5
1791291600000,ONDO/USD,0.4981,0.501,0.4958,0.4974,1466837.3
1791291600000,PAXG/USD,4175.45,4179.08,4160.0,4160.28,87.8161
1791291600000,PENDLE/USD,2.477,2.483,2.468,2.476,37425.9
1791291600000,PENGU/USD,0.009553,0.009668,0.009515,0.009624,68750923.0
1791291600000,PEPE/USD,4.35e-06,4.37e-06,4.33e-06,4.35e-06,138440154698.0
1791291600000,POL/USD,0.10875,0.10925,0.10739,0.10784,5385736.9
1791291600000,S/USD,0.04395,0.04421,0.04364,0.04367,1773046.8
1791291600000,SEI/USD,0.07339,0.07404,0.07334,0.07353,2439570.0
1791291600000,SHIB/USD,5.87e-06,5.9e-06,5.85e-06,5.88e-06,51308963551.0
1791291600000,SOL/USD,120.41,121.18,120.16,120.91,81651.648
1791291600000,STO/USD,0.0415,0.0416,0.0414,0.0415,497861.8
1791291600000,SUI/USD,1.1939,1.2043,1.1886,1.1958,3178000.2
1791291600000,TAO/USD,302.6,304.1,301.6,302.1,2443.7826
1791291600000,TRUMP/USD,2.024,2.034,2.016,2.027,236573.983
1791291600000,TRX/USD,0.3355,0.3357,0.3352,0.3357,4341966.5
1791291600000,TUT/USD,0.02528,0.0253,0.0249,0.02492,5527136.0
1791291600000,UNI/USD,8.895,8.946,8.864,8.871,180986.58
1791291600000,VIRTUAL/USD,0.8472,0.851,0.844,0.8449,188962.5
1791291600000,WIF/USD,0.2512,0.2523,0.2502,0.2502,266121.93
1791291600000,WLD/USD,0.5656,0.5706,0.5636,0.565,2370180.6
1791291600000,XLM/USD,0.2156,0.216,0.2144,0.2156,3683090.0
1791291600000,XRP/USD,1.5119,1.5175,1.5066,1.5147,4830094.9
1791291600000,ZEC/USD,1370.0,1385.0,1366.51,1378.86,9921.207
1791291600000,ZEN/USD,7.168,7.193,7.106,7.134,25483.74
1791295200000,1000CHEEMS/USD,0.000548,0.00055,0.000546,0.00055,20438689.0
1791295200000,AAVE/USD,181.93,183.76,181.42,183.09,3916.165
1791295200000,ADA/USD,0.2751,0.276,0.2722,0.2756,13341487.5
1791295200000,APT/USD,0.8227,0.85,0.8181,0.8406,940714.39
1791295200000,ARB/USD,0.2006,0.2035,0.1994,0.2029,3617088.3
1791295200000,AVAX/USD,11.429,11.608,11.39,11.597,237676.0
1791295200000,BNB/USD,784.87,786.11,782.6,786.08,3952.163
1791295200000,BONK/USD,3.77e-06,3.78e-06,3.74e-06,3.78e-06,38796527038.0
1791295200000,BTC/USD,86324.01,86626.49,85950.0,86595.61,1008.47529
1791295200000,CAKE/USD,2.455,2.463,2.447,2.461,36282.47
1791295200000,CFX/USD,0.05527,0.05544,0.05504,0.05544,757648.0
1791295200000,CRV/USD,0.3645,0.3662,0.3626,0.3649,173561.3
1791295200000,DOGE/USD,0.09605,0.09636,0.09553,0.0963,27197248.0
1791295200000,DOT/USD,1.21,1.216,1.201,1.215,573623.45
1791295200000,EIGEN/USD,0.2533,0.2548,0.2516,0.2541,529897.59
1791295200000,ENA/USD,0.2389,0.2411,0.2374,0.2405,9531890.54
1791295200000,ETH/USD,2714.79,2723.0,2706.01,2722.24,10833.0428
1791295200000,FET/USD,0.2474,0.2501,0.2457,0.2493,4018158.7
1791295200000,FIL/USD,1.1507,1.1629,1.145,1.1601,395303.73
1791295200000,FLOKI/USD,2.903e-05,2.924e-05,2.889e-05,2.923e-05,3160664179.0
1791295200000,HBAR/USD,0.10068,0.10103,0.10005,0.10102,7709373.0
1791295200000,ICP/USD,3.468,3.477,3.44,3.472,137279.79
1791295200000,LINK/USD,14.004,14.092,13.937,14.086,56581.52
1791295200000,LISTA/USD,0.084,0.0842,0.0837,0.0841,135677.7
1791295200000,LTC/USD,69.82,70.26,69.7,70.13,11936.366
1791295200000,NEAR/USD,5.144,5.159,5.08,5.143,1189094.7
1791295200000,ONDO/USD,0.4974,0.5034,0.4957,0.5033,2543764.1
1791295200000,PAXG/USD,4160.0,4165.78,4152.03,4164.68,149.1131
1791295200000,PENDLE/USD,2.476,2.482,2.43,2.465,50141.6
1791295200000,PENGU/USD,0.009624,0.009703,0.009564,0.009696,52624267.0
1791295200000,PEPE/USD,4.35e-06,4.37e-06,4.32e-06,4.37e-06,252628495654.0
1791295200000,POL/USD,0.10784,0.10863,0.1073,0.10854,2609293.2
1791295200000,S/USD,0.04369,0.04409,0.04325,0.04408,1998152.1
1791295200000,SEI/USD,0.07354,0.07381,0.073,0.07369,7475795.6
1791295200000,SHIB/USD,5.88e-06,5.89e-06,5.85e-06,5.89e-06,24640184642.0
1791295200000,SOL/USD,120.91,121.79,120.6,121.75,126502.988
1791295200000,STO/USD,0.0415,0.0416,0.0414,0.0415,226521.6
1791295200000,SUI/USD,1.1958,1.2004,1.1889,1.1993,2019916.3
1791295200000,TAO/USD,302.1,305.0,300.8,305.0,3104.8549
1791295200000,TRUMP/USD,2.027,2.035,2.011,2.033,441563.928
1791295200000,TRX/USD,0.3357,0.3358,0.3354,0.3357,2247383.7
1791295200000,TUT/USD,0.02492,0.02498,0.02483,0.02493,2309057.0
1791295200000,UNI/USD,8.869,8.89,8.807,8.852,246659.18
1791295200000,VIRTUAL/USD,0.8445,0.8481,0.8405,0.8471,126741.8
1791295200000,WIF/USD,0.2502,0.2515,0.2487,0.2511,296557.31
1791295200000,WLD/USD,0.5649,0.5685,0.558,0.5666,2885436.5
1791295200000,XLM/USD,0.2155,0.2167,0.2147,0.2166,3578980.0
1791295200000,XRP/USD,1.5147,1.523,1.5102,1.5227,7546726.1
1791295200000,ZEC/USD,1378.81,1382.14,1363.53,1375.21,4336.325
1791295200000,ZEN/USD,7.134,7.204,7.096,7.198,29771.16
1791298800000,1000CHEEMS/USD,0.00055,0.000551,0.000546,0.000546,21240660.0
1791298800000,AAVE/USD,183.09,183.29,180.62,181.12,4683.223
1791298800000,ADA/USD,0.2757,0.2759,0.2712,0.2715,7329448.9
1791298800000,APT/USD,0.8405,0.8469,0.8268,0.8274,1154478.64
1791298800000,ARB/USD,0.2029,0.2044,0.201,0.2014,3628607.7
1791298800000,AVAX/USD,11.596,11.626,11.487,11.514,256650.6
1791298800000,BNB/USD,786.08,786.87,782.71,782.84,3907.587
1791298800000,BONK/USD,3.78e-06,3.79e-06,3.7e-06,3.7e-06,58543500621.0
1791298800000,BTC/USD,86595.6,86698.99,85720.64,85720.65,1184.68567
1791298800000,CAKE/USD,2.462,2.465,2.441,2.441,41156.87
1791298800000,CFX/USD,0.05542,0.05554,0.0549,0.0549,602402.0
1791298800000,CRV/USD,0.3649,0.3652,0.3599,0.3601,553466.8
1791298800000,DOGE/USD,0.0963,0.09639,0.09534,0.0954,37110831.0
1791298800000,DOT/USD,1.215,1.218,1.202,1.202,376070.07
1791298800000,EIGEN/USD,0.2542,0.2554,0.2529,0.253,650741.04
1791298800000,ENA/USD,0.2405,0.2417,0.2381,0.2381,9747794.25
1791298800000,ETH/USD,2722.25,2725.13,2701.55,2702.04,10917.4861
1791298800000,FET/USD,0.2493,0.25,0.2448,0.2453,3540833.1
1791298800000,FIL/USD,1.1604,1.165,1.1472,1.1508,312619.17
1791298800000,FLOKI/USD,2.922e-05,3.03e-05,2.902e-05,2.903e-05,9052790474.0
1791298800000,HBAR/USD,0.10102,0.1012,0.1,0.10014,6681111.0
1791298800000,ICP/USD,3.473,3.473,3.391,3.405,124824.15
1791298800000,LINK/USD,14.086,14.124,13.94,13.945,69540.15
1791298800000,LISTA/USD,0.0843,0.0844,0.0838,0.0838,122178.8
1791298800000,LTC/USD,70.13,70.2,69.9,69.96,11543.223
1791298800000,NEAR/USD,5.144,5.171,5.091,5.092,784460.6
1791298800000,ONDO/USD,0.5034,0.5129,0.5028,0.5037,5136940.2
1791298800000,PAXG/USD,4164.35,4174.97,4164.35,4169.78,111.5052
1791298800000,PENDLE/USD,2.466,2.469,2.421,2.422,33546.2
1791298800000,PENGU/USD,0.009697,0.00975,0.00953,0.009541,81922286.0
1791298800000,PEPE/USD,4.37e-06,4.37e-06,4.29e-06,4.3e-06,416565620026.0
1791298800000,POL/USD,0.10856,0.10869,0.10736,0.10756,1925059.8
1791298800000,S/USD,0.04407,0.04408,0.04359,0.04374,1660055.2
1791298800000,SEI/USD,0.07369,0.0738,0.07258,0.07263,3418819.1
1791298800000,SHIB/USD,5.9e-06,5.9e-06,5.84e-06,5.86e-06,27071831137.0
1791298800000,SOL/USD,121.75,122.0,120.5,120.51,131295.561
1791298800000,STO/USD,0.0415,0.0418,0.0415,0.0416,265738.4
1791298800000,SUI/USD,1.1994,1.2018,1.1859,1.1866,2488357.3
1791298800000,TAO/USD,305.0,309.1,302.9,303.0,9210.1706
1791298800000,TRUMP/USD,2.033,2.047,2.016,2.017,436521.986
1791298800000,TRX/USD,0.3357,0.3358,0.3355,0.3357,2637918.1
1791298800000,TUT/USD,0.02493,0.02507,0.02479,0.02482,3385541.0
1791298800000,UNI/USD,8.853,8.868,8.664,8.667,616444.88
1791298800000,VIRTUAL/USD,0.8471,0.8483,0.8335,0.8339,362631.4
1791298800000,WIF/USD,0.2511,0.253,0.2494,0.2497,282827.48
1791298800000,WLD/USD,0.5666,0.5679,0.553,0.5547,3601151.2
1791298800000,XLM/USD,0.2167,0.2169,0.2139,0.2139,2944215.0
1791298800000,XRP/USD,1.5226,1.524,1.5023,1.5029,6355527.8
1791298800000,ZEC/USD,1375.28,1379.92,1354.14,1356.23,5862.539
1791298800000,ZEN/USD,7.2,7.246,7.081,7.087,44560.57
1791302400000,1000CHEEMS/USD,0.000546,0.000547,0.000543,0.000544,21332694.0
1791302400000,AAVE/USD,181.1,181.57,179.8,179.85,4861.6
1791302400000,ADA/USD,0.2715,0.2734,0.2703,0.2722,19414763.5
1791302400000,APT/USD,0.8274,0.8303,0.8218,0.823,479208.5
1791302400000,ARB/USD,0.2014,0.2033,0.2003,0.2003,2414116.8
1791302400000,AVAX/USD,11.515,11.537,11.396,11.431,302463.95
1791302400000,BNB/USD,782.84,784.0,782.2,782.66,4001.824
1791302400000,BONK/USD,3.71e-06,3.73e-06,3.68e-06,3.69e-06,95373421220.0
1791302400000,BTC/USD,85720.65,85854.3,85572.0,85587.22,772.03373
1791302400000,CAKE/USD,2.442,2.446,2.435,2.436,35861.15
1791302400000,CFX/USD,0.05491,0.055,0.05459,0.05459,877635.0
1791302400000,CRV/USD,0.3602,0.3622,0.3582,0.3585,512326.5
1791302400000,DOGE/USD,0.0954,0.09569,0.09494,0.09509,51072439.0
1791302400000,DOT/USD,1.203,1.21,1.199,1.204,416651.04
1791302400000,EIGEN/USD,0.2529,0.2538,0.25,0.25,435189.88
1791302400000,ENA/USD,0.2382,0.2395,0.2344,0.2347,10959852.09
1791302400000,ETH/USD,2702.04,2707.57,2694.45,2695.58,34491.3999
1791302400000,FET/USD,0.2454,0.2469,0.244,0.2444,3743575.6
1791302400000,FIL/USD,1.1508,1.1623,1.1494,1.1565,398609.81
1791302400000,FLOKI/USD,2.903e-05,2.922e-05,2.888e-05,2.893e-05,3407681601.0
1791302400000,HBAR/USD,0.10013,0.10064,0.0999,0.10034,9053282.0
1791302400000,ICP/USD,3.406,3.439,3.404,3.434,81449.53
1791302400000,LINK/USD,13.945,13.979,13.866,13.866,73942.95
1791302400000,LISTA/USD,0.0838,0.0838,0.0829,0.0829,56329.4
1791302400000,LTC/USD,69.96,70.1,69.46,69.47,16617.189
1791302400000,NEAR/USD,5.092,5.131,5.07,5.081,984787.1
1791302400000,ONDO/USD,0.5036,0.5063,0.4964,0.4969,3626696.6
1791302400000,PAXG/USD,4170.03,4170.19,4160.51,4161.79,75.7146
1791302400000,PENDLE/USD,2.422,2.437,2.402,2.403,54960.4
1791302400000,PENGU/USD,0.009543,0.009577,0.009365,0.009365,87370459.0
1791302400000,PEPE/USD,4.3e-06,4.32e-06,4.27e-06,4.29e-06,295693166514.0
1791302400000,POL/USD,0.10755,0.10793,0.107,0.10709,2427884.4
1791302400000,S/USD,0.04374,0.04422,0.04347,0.04366,1915133.4
1791302400000,SEI/USD,0.07265,0.0729,0.07244,0.07246,3295222.3
1791302400000,SHIB/USD,5.86e-06,5.86e-06,5.81e-06,5.83e-06,35973874581.0
1791302400000,SOL/USD,120.52,121.17,120.24,120.3,107505.393
1791302400000,STO/USD,0.0415,0.0416,0.0413,0.0413,323632.5
1791302400000,SUI/USD,1.1866,1.1948,1.1823,1.1825,6479455.9
1791302400000,TAO/USD,303.1,304.4,301.6,301.9,3169.4724
1791302400000,TRUMP/USD,2.018,2.025,2.003,2.006,425945.323
1791302400000,TRX/USD,0.3357,0.3364,0.3355,0.3364,5300417.5
1791302400000,TUT/USD,0.02479,0.02482,0.02465,0.02468,1751181.0
1791302400000,UNI/USD,8.667,8.728,8.598,8.62,1070296.03
1791302400000,VIRTUAL/USD,0.8338,0.8357,0.8121,0.813,900141.8
1791302400000,WIF/USD,0.2497,0.2514,0.2484,0.2502,563400.28
1791302400000,WLD/USD,0.5548,0.5625,0.5456,0.5494,4737533.6
1791302400000,XLM/USD,0.2139,0.2146,0.2133,0.2134,1687755.0
1791302400000,XRP/USD,1.5028,1.5062,1.4972,1.5015,6117889.9
1791302400000,ZEC/USD,1356.37,1364.78,1349.53,1351.35,6097.038
1791302400000,ZEN/USD,7.088,7.134,7.068,7.083,25520.69
1791306000000,1000CHEEMS/USD,0.000544,0.000544,0.000539,0.000541,16117661.0
1791306000000,AAVE/USD,179.84,181.73,179.56,181.73,2986.564
1791306000000,ADA/USD,0.2721,0.2736,0.2717,0.2728,5812709.6
1791306000000,APT/USD,0.8232,0.8335,0.8205,0.8331,564816.9
1791306000000,ARB/USD,0.2004,0.204,0.2001,0.2039,1627534.2
1791306000000,AVAX/USD,11.431,11.55,11.431,11.519,166251.3
1791306000000,BNB/USD,782.67,782.92,779.38,782.07,9492.053
1791306000000,BONK/USD,3.69e-06,3.71e-06,3.68e-06,3.71e-06,76944790814.0
1791306000000,BTC/USD,85587.22,85745.37,85478.0,85719.42,416.42147
1791306000000,CAKE/USD,2.436,2.437,2.405,2.42,176773.79
1791306000000,CFX/USD,0.0546,0.05516,0.05446,0.05483,980045.0
1791306000000,CRV/USD,0.3586,0.3623,0.3574,0.361,595542.3
1791306000000,DOGE/USD,0.0951,0.09516,0.09401,0.09476,139372133.0
1791306000000,DOT/USD,1.204,1.219,1.202,1.217,247074.07
1791306000000,EIGEN/USD,0.2502,0.2528,0.2488,0.2516,432759.05
1791306000000,ENA/USD,0.2348,0.2376,0.2339,0.2372,4826154.78
1791306000000,ETH/USD,2695.59,2700.09,2689.26,2699.28,25867.7536
1791306000000,FET/USD,0.2444,0.2449,0.2428,0.2442,3063994.1
1791306000000,FIL/USD,1.1563,1.1743,1.1545,1.1732,341539.65
1791306000000,FLOKI/USD,2.893e-05,2.905e-05,2.88e-05,2.905e-05,2806898688.0
1791306000000,HBAR/USD,0.10033,0.10097,0.10029,0.10088,6054005.0
1791306000000,ICP/USD,3.435,3.448,3.422,3.444,62277.88
1791306000000,LINK/USD,13.866,13.985,13.84,13.963,34531.05
1791306000000,LISTA/USD,0.0829,0.0829,0.0826,0.0828,42716.4
1791306000000,LTC/USD,69.48,69.64,69.12,69.22,11285.229
1791306000000,NEAR/USD,5.082,5.088,5.025,5.04,1076008.9
1791306000000,ONDO/USD,0.497,0.4979,0.4937,0.4968,1870486.1
1791306000000,PAXG/USD,4162.19,4170.8,4162.18,4170.1,69.0726
1791306000000,PENDLE/USD,2.405,2.405,2.383,2.401,83642.1
1791306000000,PENGU/USD,0.009366,0.009433,0.009335,0.00941,53649365.0
1791306000000,PEPE/USD,4.29e-06,4.3e-06,4.27e-06,4.3e-06,159003740063.0
1791306000000,POL/USD,0.10709,0.1075,0.10686,0.10737,2693504.3
1791306000000,S/USD,0.04368,0.04399,0.04343,0.04386,1160295.2
1791306000000,SEI/USD,0.07246,0.0728,0.07233,0.07269,1989080.3
1791306000000,SHIB/USD,5.83e-06,5.85e-06,5.8e-06,5.83e-06,18948071688.0
1791306000000,SOL/USD,120.29,120.87,120.13,120.87,43362.21
1791306000000,STO/USD,0.0414,0.0417,0.0411,0.0416,848896.3
1791306000000,SUI/USD,1.1825,1.1891,1.1804,1.1886,4706323.8
1791306000000,TAO/USD,301.9,304.4,301.5,304.2,1865.1683
1791306000000,TRUMP/USD,2.007,2.023,2.0,2.02,248311.781
1791306000000,TRX/USD,0.3363,0.3364,0.3359,0.336,2407234.7
1791306000000,TUT/USD,0.0247,0.02493,0.02463,0.02493,1567491.0
1791306000000,UNI/USD,8.621,8.656,8.589,8.656,316201.42
1791306000000,VIRTUAL/USD,0.813,0.8198,0.813,0.8169,227252.3
1791306000000,WIF/USD,0.2502,0.2516,0.2492,0.2504,258345.58
1791306000000,WLD/USD,0.5494,0.5538,0.5488,0.5531,1862233.1
1791306000000,XLM/USD,0.2135,0.2144,0.2131,0.2142,1771390.0
1791306000000,XRP/USD,1.5014,1.5069,1.4986,1.5062,2711654.6
1791306000000,ZEC/USD,1351.42,1367.7,1339.66,1367.32,4443.81
1791306000000,ZEN/USD,7.085,7.118,7.027,7.115,17767.05
1791309600000,1000CHEEMS/USD,0.00054,0.000542,0.000538,0.000541,17209091.0
1791309600000,AAVE/USD,181.74,182.75,181.44,182.28,2746.041
1791309600000,ADA/USD,0.2728,0.2736,0.2709,0.272,5290370.0
1791309600000,APT/USD,0.8333,0.8451,0.8331,0.8365,745658.62
1791309600000,ARB/USD,0.204,0.2077,0.2039,0.2047,5006410.9
1791309600000,AVAX/USD,11.519,11.539,11.428,11.48,162770.94
1791309600000,BNB/USD,782.08,783.25,780.8,780.85,1450.878
1791309600000,BONK/USD,3.71e-06,3.73e-06,3.7e-06,3.72e-06,34318761666.0
1791309600000,BTC/USD,85719.43,85814.01,85505.15,85507.07,407.3522
1791309600000,CAKE/USD,2.421,2.426,2.412,2.417,51653.57
1791309600000,CFX/USD,0.05486,0.05494,0.05457,0.05484,570814.0
1791309600000,CRV/USD,0.3611,0.3639,0.3611,0.3631,208001.4
1791309600000,DOGE/USD,0.09477,0.09504,0.09428,0.0943,39179405.0
1791309600000,DOT/USD,1.217,1.223,1.214,1.221,337189.62
1791309600000,EIGEN/USD,0.2518,0.2541,0.2518,0.2524,213212.43
1791309600000,ENA/USD,0.2372,0.2389,0.2368,0.2383,3378741.24
1791309600000,ETH/USD,2699.29,2702.63,2689.26,2690.45,16791.6372
1791309600000,FET/USD,0.2442,0.2447,0.2413,0.2423,3719804.4
1791309600000,FIL/USD,1.1733,1.1753,1.1569,1.1595,308409.82
1791309600000,FLOKI/USD,2.906e-05,2.914e-05,2.893e-05,2.902e-05,1445097888.0
1791309600000,HBAR/USD,0.10088,0.10114,0.10037,0.10073,5151084.0
1791309600000,ICP/USD,3.444,3.448,3.42,3.43,45246.75
1791309600000,LINK/USD,13.964,14.003,13.926,13.96,13768.65
1791309600000,LISTA/USD,0.083,0.0832,0.0826,0.0829,102272.0
1791309600000,LTC/USD,69.21,69.43,68.91,69.35,13704.874
1791309600000,NEAR/USD,5.041,5.083,5.031,5.082,653715.9
1791309600000,ONDO/USD,0.4968,0.4998,0.4962,0.498,775482.4
1791309600000,PAXG/USD,4170.11,4180.57,4169.8,4180.28,65.2601
1791309600000,PENDLE/USD,2.403,2.407,2.387,2.389,18703.1
1791309600000,PENGU/USD,0.009411,0.009469,0.009385,0.009404,23274600.0
1791309600000,PEPE/USD,4.3e-06,4.32e-06,4.28e-06,4.3e-06,129012626107.0
1791309600000,POL/USD,0.10737,0.10767,0.10696,0.10726,2146241.4
1791309600000,S/USD,0.04389,0.04433,0.04349,0.04355,3192045.3
1791309600000,SEI/USD,0.07269,0.0729,0.07237,0.07258,1479523.4
1791309600000,SHIB/USD,5.83e-06,5.85e-06,5.78e-06,5.8e-06,34809706531.0
1791309600000,SOL/USD,120.88,121.29,120.61,120.84,55737.97
1791309600000,STO/USD,0.0417,0.0417,0.0415,0.0416,111297.6
1791309600000,SUI/USD,1.1886,1.1933,1.1853,1.1884,1673724.9
1791309600000,TAO/USD,304.3,305.8,302.8,303.6,1428.402
1791309600000,TRUMP/USD,2.02,2.028,2.01,2.018,84305.518
1791309600000,TRX/USD,0.336,0.3362,0.3357,0.3362,1880382.5
1791309600000,TUT/USD,0.02493,0.02506,0.02453,0.02473,5930362.0
1791309600000,UNI/USD,8.656,8.691,8.627,8.661,147979.84
1791309600000,VIRTUAL/USD,0.8172,0.8186,0.8113,0.8126,346550.2
1791309600000,WIF/USD,0.2504,0.2512,0.2479,0.2496,224859.05
1791309600000,WLD/USD,0.5532,0.5558,0.5497,0.5534,890761.6
1791309600000,XLM/USD,0.2143,0.2148,0.2134,0.2136,1271067.0
1791309600000,XRP/USD,1.5062,1.5117,1.5038,1.5041,1731253.8
1791309600000,ZEC/USD,1367.37,1373.78,1356.35,1359.75,2130.187
1791309600000,ZEN/USD,7.114,7.155,7.074,7.083,10358.21
1791313200000,1000CHEEMS/USD,0.000541,0.000542,0.000538,0.00054,21256116.0
1791313200000,AAVE/USD,182.29,182.4,180.88,182.07,2383.864
1791313200000,ADA/USD,0.2719,0.272,0.2694,0.2708,5724746.1
1791313200000,APT/USD,0.8364,0.842,0.8301,0.8393,444461.4
1791313200000,ARB/USD,0.2047,0.2047,0.2023,0.2039,2445750.4
1791313200000,AVAX/USD,11.481,11.49,11.344,11.459,202830.63
1791313200000,BNB/USD,780.85,780.85,778.1,779.53,1536.928
1791313200000,BONK/USD,3.72e-06,3.72e-06,3.67e-06,3.7e-06,34482441456.0
1791313200000,BTC/USD,85507.07,85682.95,85421.0,85614.0,480.39719
1791313200000,CAKE/USD,2.417,2.417,2.392,2.401,133047.09
1791313200000,CFX/USD,0.05481,0.05481,0.05445,0.05461,282816.0
1791313200000,CRV/USD,0.363,0.3633,0.3599,0.3627,206269.0
1791313200000,DOGE/USD,0.0943,0.09431,0.0934,0.09382,77848692.0
1791313200000,DOT/USD,1.22,1.221,1.21,1.212,249093.75
1791313200000,EIGEN/USD,0.2524,0.2524,0.2491,0.2506,290584.33
1791313200000,ENA/USD,0.2384,0.2385,0.2366,0.238,2287286.84
1791313200000,ETH/USD,2690.45,2692.83,2683.73,2691.91,17262.4865
1791313200000,FET/USD,0.2423,0.2428,0.2403,0.242,4590949.4
1791313200000,FIL/USD,1.1592,1.1629,1.1522,1.1583,194169.5
1791313200000,FLOKI/USD,2.901e-05,2.915e-05,2.882e-05,2.914e-05,1394495529.0
1791313200000,HBAR/USD,0.10073,0.10081,0.09987,0.09993,6941619.0
1791313200000,ICP/USD,3.429,3.438,3.389,3.402,48403.02
1791313200000,LINK/USD,13.962,13.993,13.901,13.973,19571.52
1791313200000,LISTA/USD,0.0828,0.0828,0.082,0.0822,66379.4
1791313200000,LTC/USD,69.36,69.66,69.12,69.17,20411.57
1791313200000,NEAR/USD,5.082,5.132,5.046,5.125,631948.9
1791313200000,ONDO/USD,0.498,0.4984,0.4914,0.4959,948460.0
1791313200000,PAXG/USD,4180.27,4187.91,4172.81,4174.31,281.971
1791313200000,PENDLE/USD,2.389,2.392,2.363,2.375,39400.1
1791313200000,PENGU/USD,0.009405,0.009408,0.00898,0.009219,421628778.0
1791313200000,PEPE/USD,4.3e-06,4.31e-06,4.23e-06,4.27e-06,447613354972.0
1791313200000,POL/USD,0.10725,0.1074,0.10689,0.10713,2227580.2
1791313200000,S/USD,0.04356,0.04386,0.0429,0.04341,2837558.3
1791313200000,SEI/USD,0.0726,0.07262,0.07212,0.07237,2015555.7
1791313200000,SHIB/USD,5.8e-06,5.81e-06,5.74e-06,5.77e-06,50239008887.0
1791313200000,SOL/USD,120.84,120.89,120.32,120.8,42922.033
1791313200000,STO/USD,0.0417,0.0418,0.0414,0.0414,411143.6
1791313200000,SUI/USD,1.1885,1.1891,1.1775,1.1854,1840583.9
1791313200000,TAO/USD,303.6,304.2,302.0,303.7,1871.8157
1791313200000,TRUMP/USD,2.018,2.018,2.0,2.009,168913.311
1791313200000,TRX/USD,0.3361,0.3362,0.3357,0.3358,1544979.3
1791313200000,TUT/USD,0.02472,0.02472,0.02441,0.02451,2354005.0
1791313200000,UNI/USD,8.661,8.667,8.578,8.63,162810.98
1791313200000,VIRTUAL/USD,0.8129,0.813,0.8056,0.8082,272531.3
1791313200000,WIF/USD,0.2495,0.2495,0.2444,0.2455,619012.45
1791313200000,WLD/USD,0.5534,0.5537,0.548,0.5533,1059813.5
1791313200000,XLM/USD,0.2135,0.2135,0.2124,0.2125,1999378.0
1791313200000,XRP/USD,1.5041,1.5041,1.4962,1.5028,3105299.3
1791313200000,ZEC/USD,1359.76,1364.1,1350.03,1351.0,1790.974
1791313200000,ZEN/USD,7.084,7.085,7.008,7.018,12332.94
